Country Code,Country,Region,Indicator Code,Indicator Name,Indicator Short Name,Category,Value Type,Year,Actual Value,Predicted Value,Forecast Type,Model,MAE,RMSE,R2 Score
ARE,United Arab Emirates,Middle East,FP.CPI.TOTL.ZG,Inflation Annual %,Inflation,Economy,Percentage,2008,12.2504202448139,3.674982774360501,Historical Prediction,Linear Regression,2.173754016527002,2.9307650689155884,0.10135444430575913
ARE,United Arab Emirates,Middle East,FP.CPI.TOTL.ZG,Inflation Annual %,Inflation,Economy,Percentage,2009,1.5618131744907,3.4740723047307256,Historical Prediction,Linear Regression,2.173754016527002,2.9307650689155884,0.10135444430575913
ARE,United Arab Emirates,Middle East,FP.CPI.TOTL.ZG,Inflation Annual %,Inflation,Economy,Percentage,2010,0.877983288285867,3.27316183510095,Historical Prediction,Linear Regression,2.173754016527002,2.9307650689155884,0.10135444430575913
ARE,United Arab Emirates,Middle East,FP.CPI.TOTL.ZG,Inflation Annual %,Inflation,Economy,Percentage,2011,0.87734659568512,3.072251365471118,Historical Prediction,Linear Regression,2.173754016527002,2.9307650689155884,0.10135444430575913
ARE,United Arab Emirates,Middle East,FP.CPI.TOTL.ZG,Inflation Annual %,Inflation,Economy,Percentage,2012,0.662268900269008,2.8713408958413424,Historical Prediction,Linear Regression,2.173754016527002,2.9307650689155884,0.10135444430575913
ARE,United Arab Emirates,Middle East,FP.CPI.TOTL.ZG,Inflation Annual %,Inflation,Economy,Percentage,2013,1.1011183637571,2.670430426211567,Historical Prediction,Linear Regression,2.173754016527002,2.9307650689155884,0.10135444430575913
ARE,United Arab Emirates,Middle East,FP.CPI.TOTL.ZG,Inflation Annual %,Inflation,Economy,Percentage,2014,2.34626865671642,2.4695199565817916,Historical Prediction,Linear Regression,2.173754016527002,2.9307650689155884,0.10135444430575913
ARE,United Arab Emirates,Middle East,FP.CPI.TOTL.ZG,Inflation Annual %,Inflation,Economy,Percentage,2015,4.06996608361593,2.2686094869519593,Historical Prediction,Linear Regression,2.173754016527002,2.9307650689155884,0.10135444430575913
ARE,United Arab Emirates,Middle East,FP.CPI.TOTL.ZG,Inflation Annual %,Inflation,Economy,Percentage,2016,1.61748808904197,2.067699017322184,Historical Prediction,Linear Regression,2.173754016527002,2.9307650689155884,0.10135444430575913
ARE,United Arab Emirates,Middle East,FP.CPI.TOTL.ZG,Inflation Annual %,Inflation,Economy,Percentage,2017,1.96682557818842,1.8667885476924084,Historical Prediction,Linear Regression,2.173754016527002,2.9307650689155884,0.10135444430575913
ARE,United Arab Emirates,Middle East,FP.CPI.TOTL.ZG,Inflation Annual %,Inflation,Economy,Percentage,2018,3.06863379251996,1.6658780780625762,Historical Prediction,Linear Regression,2.173754016527002,2.9307650689155884,0.10135444430575913
ARE,United Arab Emirates,Middle East,FP.CPI.TOTL.ZG,Inflation Annual %,Inflation,Economy,Percentage,2019,-1.93108114782172,1.4649676084328007,Historical Prediction,Linear Regression,2.173754016527002,2.9307650689155884,0.10135444430575913
ARE,United Arab Emirates,Middle East,FP.CPI.TOTL.ZG,Inflation Annual %,Inflation,Economy,Percentage,2020,-2.07940317940943,1.2640571388030253,Historical Prediction,Linear Regression,2.173754016527002,2.9307650689155884,0.10135444430575913
ARE,United Arab Emirates,Middle East,FP.CPI.TOTL.ZG,Inflation Annual %,Inflation,Economy,Percentage,2021,0.179935336174431,1.063146669173193,Historical Prediction,Linear Regression,2.173754016527002,2.9307650689155884,0.10135444430575913
ARE,United Arab Emirates,Middle East,FP.CPI.TOTL.ZG,Inflation Annual %,Inflation,Economy,Percentage,2022,5.29122604376849,0.8622361995434176,Historical Prediction,Linear Regression,2.173754016527002,2.9307650689155884,0.10135444430575913
ARE,United Arab Emirates,Middle East,FP.CPI.TOTL.ZG,Inflation Annual %,Inflation,Economy,Percentage,2023,1.62670837213248,0.6613257299136421,Historical Prediction,Linear Regression,2.173754016527002,2.9307650689155884,0.10135444430575913
ARE,United Arab Emirates,Middle East,FP.CPI.TOTL.ZG,Inflation Annual %,Inflation,Economy,Percentage,2024,1.66336510224894,0.46041526028380986,Historical Prediction,Linear Regression,2.173754016527002,2.9307650689155884,0.10135444430575913
ARE,United Arab Emirates,Middle East,FP.CPI.TOTL.ZG,Inflation Annual %,Inflation,Economy,Percentage,2025,,0.2595047906540344,Future Forecast,Linear Regression,2.173754016527002,2.9307650689155884,0.10135444430575913
ARE,United Arab Emirates,Middle East,FP.CPI.TOTL.ZG,Inflation Annual %,Inflation,Economy,Percentage,2026,,0.05859432102425899,Future Forecast,Linear Regression,2.173754016527002,2.9307650689155884,0.10135444430575913
ARE,United Arab Emirates,Middle East,FP.CPI.TOTL.ZG,Inflation Annual %,Inflation,Economy,Percentage,2027,,-0.14231614860551645,Future Forecast,Linear Regression,2.173754016527002,2.9307650689155884,0.10135444430575913
ARE,United Arab Emirates,Middle East,FP.CPI.TOTL.ZG,Inflation Annual %,Inflation,Economy,Percentage,2028,,-0.3432266182353487,Future Forecast,Linear Regression,2.173754016527002,2.9307650689155884,0.10135444430575913
ARE,United Arab Emirates,Middle East,FP.CPI.TOTL.ZG,Inflation Annual %,Inflation,Economy,Percentage,2029,,-0.5441370878651242,Future Forecast,Linear Regression,2.173754016527002,2.9307650689155884,0.10135444430575913
ARE,United Arab Emirates,Middle East,NE.EXP.GNFS.ZS,Exports of Goods and Services % of GDP,Exports % GDP,Trade,Percentage,2001,49.1592253276122,56.78007647240793,Historical Prediction,Linear Regression,4.547875934696256,5.6351543011570735,0.8873960016480944
ARE,United Arab Emirates,Middle East,NE.EXP.GNFS.ZS,Exports of Goods and Services % of GDP,Exports % GDP,Trade,Percentage,2002,49.5033473840813,59.16492775528059,Historical Prediction,Linear Regression,4.547875934696256,5.6351543011570735,0.8873960016480944
ARE,United Arab Emirates,Middle East,NE.EXP.GNFS.ZS,Exports of Goods and Services % of GDP,Exports % GDP,Trade,Percentage,2003,55.9231992151745,61.54977903815325,Historical Prediction,Linear Regression,4.547875934696256,5.6351543011570735,0.8873960016480944
ARE,United Arab Emirates,Middle East,NE.EXP.GNFS.ZS,Exports of Goods and Services % of GDP,Exports % GDP,Trade,Percentage,2004,63.5677298138648,63.93463032102591,Historical Prediction,Linear Regression,4.547875934696256,5.6351543011570735,0.8873960016480944
ARE,United Arab Emirates,Middle East,NE.EXP.GNFS.ZS,Exports of Goods and Services % of GDP,Exports % GDP,Trade,Percentage,2005,67.5853113898841,66.31948160389948,Historical Prediction,Linear Regression,4.547875934696256,5.6351543011570735,0.8873960016480944
ARE,United Arab Emirates,Middle East,NE.EXP.GNFS.ZS,Exports of Goods and Services % of GDP,Exports % GDP,Trade,Percentage,2006,68.6277976715135,68.70433288677214,Historical Prediction,Linear Regression,4.547875934696256,5.6351543011570735,0.8873960016480944
ARE,United Arab Emirates,Middle East,NE.EXP.GNFS.ZS,Exports of Goods and Services % of GDP,Exports % GDP,Trade,Percentage,2007,72.3840975003088,71.0891841696448,Historical Prediction,Linear Regression,4.547875934696256,5.6351543011570735,0.8873960016480944
ARE,United Arab Emirates,Middle East,NE.EXP.GNFS.ZS,Exports of Goods and Services % of GDP,Exports % GDP,Trade,Percentage,2008,78.86788870154,73.47403545251836,Historical Prediction,Linear Regression,4.547875934696256,5.6351543011570735,0.8873960016480944
ARE,United Arab Emirates,Middle East,NE.EXP.GNFS.ZS,Exports of Goods and Services % of GDP,Exports % GDP,Trade,Percentage,2009,79.6533178621862,75.85888673539102,Historical Prediction,Linear Regression,4.547875934696256,5.6351543011570735,0.8873960016480944
ARE,United Arab Emirates,Middle East,NE.EXP.GNFS.ZS,Exports of Goods and Services % of GDP,Exports % GDP,Trade,Percentage,2010,77.4455343570214,78.24373801826368,Historical Prediction,Linear Regression,4.547875934696256,5.6351543011570735,0.8873960016480944
ARE,United Arab Emirates,Middle East,NE.EXP.GNFS.ZS,Exports of Goods and Services % of GDP,Exports % GDP,Trade,Percentage,2011,85.628648366152,80.62858930113634,Historical Prediction,Linear Regression,4.547875934696256,5.6351543011570735,0.8873960016480944
ARE,United Arab Emirates,Middle East,NE.EXP.GNFS.ZS,Exports of Goods and Services % of GDP,Exports % GDP,Trade,Percentage,2012,95.6008662534124,83.01344058400991,Historical Prediction,Linear Regression,4.547875934696256,5.6351543011570735,0.8873960016480944
ARE,United Arab Emirates,Middle East,NE.EXP.GNFS.ZS,Exports of Goods and Services % of GDP,Exports % GDP,Trade,Percentage,2013,95.7551835445394,85.39829186688257,Historical Prediction,Linear Regression,4.547875934696256,5.6351543011570735,0.8873960016480944
ARE,United Arab Emirates,Middle East,NE.EXP.GNFS.ZS,Exports of Goods and Services % of GDP,Exports % GDP,Trade,Percentage,2014,94.773856080155,87.78314314975523,Historical Prediction,Linear Regression,4.547875934696256,5.6351543011570735,0.8873960016480944
ARE,United Arab Emirates,Middle East,NE.EXP.GNFS.ZS,Exports of Goods and Services % of GDP,Exports % GDP,Trade,Percentage,2015,93.8625430925095,90.1679944326288,Historical Prediction,Linear Regression,4.547875934696256,5.6351543011570735,0.8873960016480944
ARE,United Arab Emirates,Middle East,NE.EXP.GNFS.ZS,Exports of Goods and Services % of GDP,Exports % GDP,Trade,Percentage,2016,94.4747534696859,92.55284571550146,Historical Prediction,Linear Regression,4.547875934696256,5.6351543011570735,0.8873960016480944
ARE,United Arab Emirates,Middle East,NE.EXP.GNFS.ZS,Exports of Goods and Services % of GDP,Exports % GDP,Trade,Percentage,2017,94.7373963619868,94.93769699837412,Historical Prediction,Linear Regression,4.547875934696256,5.6351543011570735,0.8873960016480944
ARE,United Arab Emirates,Middle East,NE.EXP.GNFS.ZS,Exports of Goods and Services % of GDP,Exports % GDP,Trade,Percentage,2018,90.8429581255868,97.32254828124678,Historical Prediction,Linear Regression,4.547875934696256,5.6351543011570735,0.8873960016480944
ARE,United Arab Emirates,Middle East,NE.EXP.GNFS.ZS,Exports of Goods and Services % of GDP,Exports % GDP,Trade,Percentage,2019,93.3023091201398,99.70739956412035,Historical Prediction,Linear Regression,4.547875934696256,5.6351543011570735,0.8873960016480944
ARE,United Arab Emirates,Middle East,NE.EXP.GNFS.ZS,Exports of Goods and Services % of GDP,Exports % GDP,Trade,Percentage,2020,98.0724675358339,102.09225084699301,Historical Prediction,Linear Regression,4.547875934696256,5.6351543011570735,0.8873960016480944
ARE,United Arab Emirates,Middle East,NE.EXP.GNFS.ZS,Exports of Goods and Services % of GDP,Exports % GDP,Trade,Percentage,2021,100.642574267637,104.47710212986567,Historical Prediction,Linear Regression,4.547875934696256,5.6351543011570735,0.8873960016480944
ARE,United Arab Emirates,Middle East,NE.EXP.GNFS.ZS,Exports of Goods and Services % of GDP,Exports % GDP,Trade,Percentage,2022,102.051988974133,106.86195341273924,Historical Prediction,Linear Regression,4.547875934696256,5.6351543011570735,0.8873960016480944
ARE,United Arab Emirates,Middle East,NE.EXP.GNFS.ZS,Exports of Goods and Services % of GDP,Exports % GDP,Trade,Percentage,2023,106.846139017261,109.2468046956119,Historical Prediction,Linear Regression,4.547875934696256,5.6351543011570735,0.8873960016480944
ARE,United Arab Emirates,Middle East,NE.EXP.GNFS.ZS,Exports of Goods and Services % of GDP,Exports % GDP,Trade,Percentage,2025,,114.01650726135722,Future Forecast,Linear Regression,4.547875934696256,5.6351543011570735,0.8873960016480944
ARE,United Arab Emirates,Middle East,NE.EXP.GNFS.ZS,Exports of Goods and Services % of GDP,Exports % GDP,Trade,Percentage,2026,,116.40135854423079,Future Forecast,Linear Regression,4.547875934696256,5.6351543011570735,0.8873960016480944
ARE,United Arab Emirates,Middle East,NE.EXP.GNFS.ZS,Exports of Goods and Services % of GDP,Exports % GDP,Trade,Percentage,2027,,118.78620982710345,Future Forecast,Linear Regression,4.547875934696256,5.6351543011570735,0.8873960016480944
ARE,United Arab Emirates,Middle East,NE.EXP.GNFS.ZS,Exports of Goods and Services % of GDP,Exports % GDP,Trade,Percentage,2028,,121.17106110997611,Future Forecast,Linear Regression,4.547875934696256,5.6351543011570735,0.8873960016480944
ARE,United Arab Emirates,Middle East,NE.EXP.GNFS.ZS,Exports of Goods and Services % of GDP,Exports % GDP,Trade,Percentage,2029,,123.55591239284968,Future Forecast,Linear Regression,4.547875934696256,5.6351543011570735,0.8873960016480944
ARE,United Arab Emirates,Middle East,NV.AGR.TOTL.ZS,Agriculture Value Added % of GDP,Agriculture % GDP,Agriculture,Percentage,2000,2.26265009303746,1.7437946269119209,Historical Prediction,Linear Regression,0.3054408014770603,0.3459069882046073,0.5802979246578825
ARE,United Arab Emirates,Middle East,NV.AGR.TOTL.ZS,Agriculture Value Added % of GDP,Agriculture % GDP,Agriculture,Percentage,2001,2.23820016235649,1.687390274876961,Historical Prediction,Linear Regression,0.3054408014770603,0.3459069882046073,0.5802979246578825
ARE,United Arab Emirates,Middle East,NV.AGR.TOTL.ZS,Agriculture Value Added % of GDP,Agriculture % GDP,Agriculture,Percentage,2002,2.20332258864369,1.630985922842001,Historical Prediction,Linear Regression,0.3054408014770603,0.3459069882046073,0.5802979246578825
ARE,United Arab Emirates,Middle East,NV.AGR.TOTL.ZS,Agriculture Value Added % of GDP,Agriculture % GDP,Agriculture,Percentage,2003,1.92768393253654,1.574581570807041,Historical Prediction,Linear Regression,0.3054408014770603,0.3459069882046073,0.5802979246578825
ARE,United Arab Emirates,Middle East,NV.AGR.TOTL.ZS,Agriculture Value Added % of GDP,Agriculture % GDP,Agriculture,Percentage,2004,1.66536190905993,1.5181772187720952,Historical Prediction,Linear Regression,0.3054408014770603,0.3459069882046073,0.5802979246578825
ARE,United Arab Emirates,Middle East,NV.AGR.TOTL.ZS,Agriculture Value Added % of GDP,Agriculture % GDP,Agriculture,Percentage,2005,1.39540987408529,1.4617728667371352,Historical Prediction,Linear Regression,0.3054408014770603,0.3459069882046073,0.5802979246578825
ARE,United Arab Emirates,Middle East,NV.AGR.TOTL.ZS,Agriculture Value Added % of GDP,Agriculture % GDP,Agriculture,Percentage,2006,1.09424400194674,1.4053685147021753,Historical Prediction,Linear Regression,0.3054408014770603,0.3459069882046073,0.5802979246578825
ARE,United Arab Emirates,Middle East,NV.AGR.TOTL.ZS,Agriculture Value Added % of GDP,Agriculture % GDP,Agriculture,Percentage,2007,0.976671167666283,1.3489641626672295,Historical Prediction,Linear Regression,0.3054408014770603,0.3459069882046073,0.5802979246578825
ARE,United Arab Emirates,Middle East,NV.AGR.TOTL.ZS,Agriculture Value Added % of GDP,Agriculture % GDP,Agriculture,Percentage,2008,0.82730546409323,1.2925598106322695,Historical Prediction,Linear Regression,0.3054408014770603,0.3459069882046073,0.5802979246578825
ARE,United Arab Emirates,Middle East,NV.AGR.TOTL.ZS,Agriculture Value Added % of GDP,Agriculture % GDP,Agriculture,Percentage,2009,1.03688688860825,1.2361554585973096,Historical Prediction,Linear Regression,0.3054408014770603,0.3459069882046073,0.5802979246578825
ARE,United Arab Emirates,Middle East,NV.AGR.TOTL.ZS,Agriculture Value Added % of GDP,Agriculture % GDP,Agriculture,Percentage,2010,0.732284398165927,1.1797511065623496,Historical Prediction,Linear Regression,0.3054408014770603,0.3459069882046073,0.5802979246578825
ARE,United Arab Emirates,Middle East,NV.AGR.TOTL.ZS,Agriculture Value Added % of GDP,Agriculture % GDP,Agriculture,Percentage,2011,0.650173172827368,1.1233467545274038,Historical Prediction,Linear Regression,0.3054408014770603,0.3459069882046073,0.5802979246578825
ARE,United Arab Emirates,Middle East,NV.AGR.TOTL.ZS,Agriculture Value Added % of GDP,Agriculture % GDP,Agriculture,Percentage,2012,0.627714840690063,1.0669424024924439,Historical Prediction,Linear Regression,0.3054408014770603,0.3459069882046073,0.5802979246578825
ARE,United Arab Emirates,Middle East,NV.AGR.TOTL.ZS,Agriculture Value Added % of GDP,Agriculture % GDP,Agriculture,Percentage,2013,0.631291645173813,1.010538050457484,Historical Prediction,Linear Regression,0.3054408014770603,0.3459069882046073,0.5802979246578825
ARE,United Arab Emirates,Middle East,NV.AGR.TOTL.ZS,Agriculture Value Added % of GDP,Agriculture % GDP,Agriculture,Percentage,2014,0.625601940820607,0.9541336984225381,Historical Prediction,Linear Regression,0.3054408014770603,0.3459069882046073,0.5802979246578825
ARE,United Arab Emirates,Middle East,NV.AGR.TOTL.ZS,Agriculture Value Added % of GDP,Agriculture % GDP,Agriculture,Percentage,2015,0.716283764709908,0.8977293463875782,Historical Prediction,Linear Regression,0.3054408014770603,0.3459069882046073,0.5802979246578825
ARE,United Arab Emirates,Middle East,NV.AGR.TOTL.ZS,Agriculture Value Added % of GDP,Agriculture % GDP,Agriculture,Percentage,2016,0.740803620343316,0.8413249943526182,Historical Prediction,Linear Regression,0.3054408014770603,0.3459069882046073,0.5802979246578825
ARE,United Arab Emirates,Middle East,NV.AGR.TOTL.ZS,Agriculture Value Added % of GDP,Agriculture % GDP,Agriculture,Percentage,2017,0.753700320921749,0.7849206423176582,Historical Prediction,Linear Regression,0.3054408014770603,0.3459069882046073,0.5802979246578825
ARE,United Arab Emirates,Middle East,NV.AGR.TOTL.ZS,Agriculture Value Added % of GDP,Agriculture % GDP,Agriculture,Percentage,2018,0.705642980623094,0.7285162902827125,Historical Prediction,Linear Regression,0.3054408014770603,0.3459069882046073,0.5802979246578825
ARE,United Arab Emirates,Middle East,NV.AGR.TOTL.ZS,Agriculture Value Added % of GDP,Agriculture % GDP,Agriculture,Percentage,2019,0.734628769937638,0.6721119382477525,Historical Prediction,Linear Regression,0.3054408014770603,0.3459069882046073,0.5802979246578825
ARE,United Arab Emirates,Middle East,NV.AGR.TOTL.ZS,Agriculture Value Added % of GDP,Agriculture % GDP,Agriculture,Percentage,2020,0.962965730130207,0.6157075862127925,Historical Prediction,Linear Regression,0.3054408014770603,0.3459069882046073,0.5802979246578825
ARE,United Arab Emirates,Middle East,NV.AGR.TOTL.ZS,Agriculture Value Added % of GDP,Agriculture % GDP,Agriculture,Percentage,2021,0.890347914421406,0.5593032341778326,Historical Prediction,Linear Regression,0.3054408014770603,0.3459069882046073,0.5802979246578825
ARE,United Arab Emirates,Middle East,NV.AGR.TOTL.ZS,Agriculture Value Added % of GDP,Agriculture % GDP,Agriculture,Percentage,2022,0.740896924545652,0.5028988821428868,Historical Prediction,Linear Regression,0.3054408014770603,0.3459069882046073,0.5802979246578825
ARE,United Arab Emirates,Middle East,NV.AGR.TOTL.ZS,Agriculture Value Added % of GDP,Agriculture % GDP,Agriculture,Percentage,2023,0.764068711477443,0.44649453010792683,Historical Prediction,Linear Regression,0.3054408014770603,0.3459069882046073,0.5802979246578825
ARE,United Arab Emirates,Middle East,NV.AGR.TOTL.ZS,Agriculture Value Added % of GDP,Agriculture % GDP,Agriculture,Percentage,2024,0.769419245488961,0.39009017807296686,Historical Prediction,Linear Regression,0.3054408014770603,0.3459069882046073,0.5802979246578825
ARE,United Arab Emirates,Middle East,NV.AGR.TOTL.ZS,Agriculture Value Added % of GDP,Agriculture % GDP,Agriculture,Percentage,2025,,0.3336858260380211,Future Forecast,Linear Regression,0.3054408014770603,0.3459069882046073,0.5802979246578825
ARE,United Arab Emirates,Middle East,NV.AGR.TOTL.ZS,Agriculture Value Added % of GDP,Agriculture % GDP,Agriculture,Percentage,2026,,0.27728147400306113,Future Forecast,Linear Regression,0.3054408014770603,0.3459069882046073,0.5802979246578825
ARE,United Arab Emirates,Middle East,NV.AGR.TOTL.ZS,Agriculture Value Added % of GDP,Agriculture % GDP,Agriculture,Percentage,2027,,0.22087712196810116,Future Forecast,Linear Regression,0.3054408014770603,0.3459069882046073,0.5802979246578825
ARE,United Arab Emirates,Middle East,NV.AGR.TOTL.ZS,Agriculture Value Added % of GDP,Agriculture % GDP,Agriculture,Percentage,2028,,0.1644727699331412,Future Forecast,Linear Regression,0.3054408014770603,0.3459069882046073,0.5802979246578825
ARE,United Arab Emirates,Middle East,NV.AGR.TOTL.ZS,Agriculture Value Added % of GDP,Agriculture % GDP,Agriculture,Percentage,2029,,0.10806841789819543,Future Forecast,Linear Regression,0.3054408014770603,0.3459069882046073,0.5802979246578825
ARE,United Arab Emirates,Middle East,NY.GDP.MKTP.CD,GDP Current US$,GDP,Economy,US Dollars,2000,104337372362.151,112017550940.89844,Historical Prediction,Linear Regression,32050595331.888897,42102931489.25593,0.9025413351778274
ARE,United Arab Emirates,Middle East,NY.GDP.MKTP.CD,GDP Current US$,GDP,Economy,US Dollars,2001,103311640571.818,129785364380.10156,Historical Prediction,Linear Regression,32050595331.888897,42102931489.25593,0.9025413351778274
ARE,United Arab Emirates,Middle East,NY.GDP.MKTP.CD,GDP Current US$,GDP,Economy,US Dollars,2002,109816201497.617,147553177819.29688,Historical Prediction,Linear Regression,32050595331.888897,42102931489.25593,0.9025413351778274
ARE,United Arab Emirates,Middle East,NY.GDP.MKTP.CD,GDP Current US$,GDP,Economy,US Dollars,2003,124346358066.712,165320991258.5,Historical Prediction,Linear Regression,32050595331.888897,42102931489.25593,0.9025413351778274
ARE,United Arab Emirates,Middle East,NY.GDP.MKTP.CD,GDP Current US$,GDP,Economy,US Dollars,2004,147824370319.946,183088804697.6953,Historical Prediction,Linear Regression,32050595331.888897,42102931489.25593,0.9025413351778274
ARE,United Arab Emirates,Middle East,NY.GDP.MKTP.CD,GDP Current US$,GDP,Economy,US Dollars,2005,180617467964.602,200856618136.89844,Historical Prediction,Linear Regression,32050595331.888897,42102931489.25593,0.9025413351778274
ARE,United Arab Emirates,Middle East,NY.GDP.MKTP.CD,GDP Current US$,GDP,Economy,US Dollars,2006,222116541865.214,218624431576.10156,Historical Prediction,Linear Regression,32050595331.888897,42102931489.25593,0.9025413351778274
ARE,United Arab Emirates,Middle East,NY.GDP.MKTP.CD,GDP Current US$,GDP,Economy,US Dollars,2007,257916133424.098,236392245015.29688,Historical Prediction,Linear Regression,32050595331.888897,42102931489.25593,0.9025413351778274
ARE,United Arab Emirates,Middle East,NY.GDP.MKTP.CD,GDP Current US$,GDP,Economy,US Dollars,2008,315474615738.598,254160058454.5,Historical Prediction,Linear Regression,32050595331.888897,42102931489.25593,0.9025413351778274
ARE,United Arab Emirates,Middle East,NY.GDP.MKTP.CD,GDP Current US$,GDP,Economy,US Dollars,2009,253547358747.447,271927871893.6953,Historical Prediction,Linear Regression,32050595331.888897,42102931489.25593,0.9025413351778274
ARE,United Arab Emirates,Middle East,NY.GDP.MKTP.CD,GDP Current US$,GDP,Economy,US Dollars,2010,307736419332.88,289695685332.89844,Historical Prediction,Linear Regression,32050595331.888897,42102931489.25593,0.9025413351778274
ARE,United Arab Emirates,Middle East,NY.GDP.MKTP.CD,GDP Current US$,GDP,Economy,US Dollars,2011,368881143635.126,307463498772.09375,Historical Prediction,Linear Regression,32050595331.888897,42102931489.25593,0.9025413351778274
ARE,United Arab Emirates,Middle East,NY.GDP.MKTP.CD,GDP Current US$,GDP,Economy,US Dollars,2012,392793464942.138,325231312211.2969,Historical Prediction,Linear Regression,32050595331.888897,42102931489.25593,0.9025413351778274
ARE,United Arab Emirates,Middle East,NY.GDP.MKTP.CD,GDP Current US$,GDP,Economy,US Dollars,2013,409632675289.313,342999125650.5,Historical Prediction,Linear Regression,32050595331.888897,42102931489.25593,0.9025413351778274
ARE,United Arab Emirates,Middle East,NY.GDP.MKTP.CD,GDP Current US$,GDP,Economy,US Dollars,2014,424935874744.724,360766939089.6953,Historical Prediction,Linear Regression,32050595331.888897,42102931489.25593,0.9025413351778274
ARE,United Arab Emirates,Middle East,NY.GDP.MKTP.CD,GDP Current US$,GDP,Economy,US Dollars,2015,381973042886.317,378534752528.89844,Historical Prediction,Linear Regression,32050595331.888897,42102931489.25593,0.9025413351778274
ARE,United Arab Emirates,Middle East,NY.GDP.MKTP.CD,GDP Current US$,GDP,Economy,US Dollars,2016,381717086453.37,396302565968.09375,Historical Prediction,Linear Regression,32050595331.888897,42102931489.25593,0.9025413351778274
ARE,United Arab Emirates,Middle East,NY.GDP.MKTP.CD,GDP Current US$,GDP,Economy,US Dollars,2017,403365010211.028,414070379407.2969,Historical Prediction,Linear Regression,32050595331.888897,42102931489.25593,0.9025413351778274
ARE,United Arab Emirates,Middle East,NY.GDP.MKTP.CD,GDP Current US$,GDP,Economy,US Dollars,2018,440560108917.631,431838192846.5,Historical Prediction,Linear Regression,32050595331.888897,42102931489.25593,0.9025413351778274
ARE,United Arab Emirates,Middle East,NY.GDP.MKTP.CD,GDP Current US$,GDP,Economy,US Dollars,2019,433926208304.969,449606006285.6953,Historical Prediction,Linear Regression,32050595331.888897,42102931489.25593,0.9025413351778274
ARE,United Arab Emirates,Middle East,NY.GDP.MKTP.CD,GDP Current US$,GDP,Economy,US Dollars,2020,357161878829.135,467373819724.89844,Historical Prediction,Linear Regression,32050595331.888897,42102931489.25593,0.9025413351778274
ARE,United Arab Emirates,Middle East,NY.GDP.MKTP.CD,GDP Current US$,GDP,Economy,US Dollars,2021,422441388699.796,485141633164.09375,Historical Prediction,Linear Regression,32050595331.888897,42102931489.25593,0.9025413351778274
ARE,United Arab Emirates,Middle East,NY.GDP.MKTP.CD,GDP Current US$,GDP,Economy,US Dollars,2022,511403403675.97,502909446603.2969,Historical Prediction,Linear Regression,32050595331.888897,42102931489.25593,0.9025413351778274
ARE,United Arab Emirates,Middle East,NY.GDP.MKTP.CD,GDP Current US$,GDP,Economy,US Dollars,2023,522622191967.325,520677260042.4922,Historical Prediction,Linear Regression,32050595331.888897,42102931489.25593,0.9025413351778274
ARE,United Arab Emirates,Middle East,NY.GDP.MKTP.CD,GDP Current US$,GDP,Economy,US Dollars,2024,552324846834.581,538445073481.6953,Historical Prediction,Linear Regression,32050595331.888897,42102931489.25593,0.9025413351778274
ARE,United Arab Emirates,Middle East,NY.GDP.MKTP.CD,GDP Current US$,GDP,Economy,US Dollars,2025,,556212886920.8984,Future Forecast,Linear Regression,32050595331.888897,42102931489.25593,0.9025413351778274
ARE,United Arab Emirates,Middle East,NY.GDP.MKTP.CD,GDP Current US$,GDP,Economy,US Dollars,2026,,573980700360.0938,Future Forecast,Linear Regression,32050595331.888897,42102931489.25593,0.9025413351778274
ARE,United Arab Emirates,Middle East,NY.GDP.MKTP.CD,GDP Current US$,GDP,Economy,US Dollars,2027,,591748513799.2969,Future Forecast,Linear Regression,32050595331.888897,42102931489.25593,0.9025413351778274
ARE,United Arab Emirates,Middle East,NY.GDP.MKTP.CD,GDP Current US$,GDP,Economy,US Dollars,2028,,609516327238.4922,Future Forecast,Linear Regression,32050595331.888897,42102931489.25593,0.9025413351778274
ARE,United Arab Emirates,Middle East,NY.GDP.MKTP.CD,GDP Current US$,GDP,Economy,US Dollars,2029,,627284140677.6953,Future Forecast,Linear Regression,32050595331.888897,42102931489.25593,0.9025413351778274
ARE,United Arab Emirates,Middle East,NY.GDP.PCAP.CD,GDP Per Capita Current US$,GDP per Capita,Economy,US Dollars,2000,29865.502347066,34358.820087386295,Historical Prediction,Linear Regression,5037.202329962896,6062.1309044231775,0.43093752910158833
ARE,United Arab Emirates,Middle East,NY.GDP.PCAP.CD,GDP Per Capita Current US$,GDP per Capita,Economy,US Dollars,2001,27745.1708087672,35090.38155810768,Historical Prediction,Linear Regression,5037.202329962896,6062.1309044231775,0.43093752910158833
ARE,United Arab Emirates,Middle East,NY.GDP.PCAP.CD,GDP Per Capita Current US$,GDP per Capita,Economy,US Dollars,2002,27753.6089526346,35821.94302882906,Historical Prediction,Linear Regression,5037.202329962896,6062.1309044231775,0.43093752910158833
ARE,United Arab Emirates,Middle East,NY.GDP.PCAP.CD,GDP Per Capita Current US$,GDP per Capita,Economy,US Dollars,2003,29659.5428567811,36553.50449955044,Historical Prediction,Linear Regression,5037.202329962896,6062.1309044231775,0.43093752910158833
ARE,United Arab Emirates,Middle East,NY.GDP.PCAP.CD,GDP Per Capita Current US$,GDP per Capita,Economy,US Dollars,2004,33376.7152295209,37285.065970271826,Historical Prediction,Linear Regression,5037.202329962896,6062.1309044231775,0.43093752910158833
ARE,United Arab Emirates,Middle East,NY.GDP.PCAP.CD,GDP Per Capita Current US$,GDP per Capita,Economy,US Dollars,2005,38719.3138307623,38016.62744099344,Historical Prediction,Linear Regression,5037.202329962896,6062.1309044231775,0.43093752910158833
ARE,United Arab Emirates,Middle East,NY.GDP.PCAP.CD,GDP Per Capita Current US$,GDP per Capita,Economy,US Dollars,2006,44342.6048322482,38748.188911714824,Historical Prediction,Linear Regression,5037.202329962896,6062.1309044231775,0.43093752910158833
ARE,United Arab Emirates,Middle East,NY.GDP.PCAP.CD,GDP Per Capita Current US$,GDP per Capita,Economy,US Dollars,2007,45854.7325158162,39479.75038243621,Historical Prediction,Linear Regression,5037.202329962896,6062.1309044231775,0.43093752910158833
ARE,United Arab Emirates,Middle East,NY.GDP.PCAP.CD,GDP Per Capita Current US$,GDP per Capita,Economy,US Dollars,2008,50054.1700681803,40211.31185315759,Historical Prediction,Linear Regression,5037.202329962896,6062.1309044231775,0.43093752910158833
ARE,United Arab Emirates,Middle East,NY.GDP.PCAP.CD,GDP Per Capita Current US$,GDP per Capita,Economy,US Dollars,2009,37803.0663738777,40942.873323879205,Historical Prediction,Linear Regression,5037.202329962896,6062.1309044231775,0.43093752910158833
ARE,United Arab Emirates,Middle East,NY.GDP.PCAP.CD,GDP Per Capita Current US$,GDP per Capita,Economy,US Dollars,2010,44795.2949302268,41674.43479460059,Historical Prediction,Linear Regression,5037.202329962896,6062.1309044231775,0.43093752910158833
ARE,United Arab Emirates,Middle East,NY.GDP.PCAP.CD,GDP Per Capita Current US$,GDP per Capita,Economy,US Dollars,2011,51921.904511613,42405.99626532197,Historical Prediction,Linear Regression,5037.202329962896,6062.1309044231775,0.43093752910158833
ARE,United Arab Emirates,Middle East,NY.GDP.PCAP.CD,GDP Per Capita Current US$,GDP per Capita,Economy,US Dollars,2012,53141.6124340099,43137.55773604335,Historical Prediction,Linear Regression,5037.202329962896,6062.1309044231775,0.43093752910158833
ARE,United Arab Emirates,Middle East,NY.GDP.PCAP.CD,GDP Per Capita Current US$,GDP per Capita,Economy,US Dollars,2013,53247.2409495441,43869.11920676497,Historical Prediction,Linear Regression,5037.202329962896,6062.1309044231775,0.43093752910158833
ARE,United Arab Emirates,Middle East,NY.GDP.PCAP.CD,GDP Per Capita Current US$,GDP per Capita,Economy,US Dollars,2014,52725.2358407934,44600.68067748635,Historical Prediction,Linear Regression,5037.202329962896,6062.1309044231775,0.43093752910158833
ARE,United Arab Emirates,Middle East,NY.GDP.PCAP.CD,GDP Per Capita Current US$,GDP per Capita,Economy,US Dollars,2015,44910.334995523,45332.24214820773,Historical Prediction,Linear Regression,5037.202329962896,6062.1309044231775,0.43093752910158833
ARE,United Arab Emirates,Middle East,NY.GDP.PCAP.CD,GDP Per Capita Current US$,GDP per Capita,Economy,US Dollars,2016,42721.0999383185,46063.803618929116,Historical Prediction,Linear Regression,5037.202329962896,6062.1309044231775,0.43093752910158833
ARE,United Arab Emirates,Middle East,NY.GDP.PCAP.CD,GDP Per Capita Current US$,GDP per Capita,Economy,US Dollars,2017,43733.6192287435,46795.36508965073,Historical Prediction,Linear Regression,5037.202329962896,6062.1309044231775,0.43093752910158833
ARE,United Arab Emirates,Middle East,NY.GDP.PCAP.CD,GDP Per Capita Current US$,GDP per Capita,Economy,US Dollars,2018,47135.3591943971,47526.926560372114,Historical Prediction,Linear Regression,5037.202329962896,6062.1309044231775,0.43093752910158833
ARE,United Arab Emirates,Middle East,NY.GDP.PCAP.CD,GDP Per Capita Current US$,GDP per Capita,Economy,US Dollars,2019,45938.6073581994,48258.4880310935,Historical Prediction,Linear Regression,5037.202329962896,6062.1309044231775,0.43093752910158833
ARE,United Arab Emirates,Middle East,NY.GDP.PCAP.CD,GDP Per Capita Current US$,GDP per Capita,Economy,US Dollars,2020,37991.7492971665,48990.04950181488,Historical Prediction,Linear Regression,5037.202329962896,6062.1309044231775,0.43093752910158833
ARE,United Arab Emirates,Middle East,NY.GDP.PCAP.CD,GDP Per Capita Current US$,GDP per Capita,Economy,US Dollars,2021,44118.5047192771,49721.610972536495,Historical Prediction,Linear Regression,5037.202329962896,6062.1309044231775,0.43093752910158833
ARE,United Arab Emirates,Middle East,NY.GDP.PCAP.CD,GDP Per Capita Current US$,GDP per Capita,Economy,US Dollars,2022,50759.7589231191,50453.17244325788,Historical Prediction,Linear Regression,5037.202329962896,6062.1309044231775,0.43093752910158833
ARE,United Arab Emirates,Middle East,NY.GDP.PCAP.CD,GDP Per Capita Current US$,GDP per Capita,Economy,US Dollars,2023,49850.6872175164,51184.73391397926,Historical Prediction,Linear Regression,5037.202329962896,6062.1309044231775,0.43093752910158833
ARE,United Arab Emirates,Middle East,NY.GDP.PCAP.CD,GDP Per Capita Current US$,GDP per Capita,Economy,US Dollars,2024,50273.5060469837,51916.29538470064,Historical Prediction,Linear Regression,5037.202329962896,6062.1309044231775,0.43093752910158833
ARE,United Arab Emirates,Middle East,NY.GDP.PCAP.CD,GDP Per Capita Current US$,GDP per Capita,Economy,US Dollars,2025,,52647.85685542226,Future Forecast,Linear Regression,5037.202329962896,6062.1309044231775,0.43093752910158833
ARE,United Arab Emirates,Middle East,NY.GDP.PCAP.CD,GDP Per Capita Current US$,GDP per Capita,Economy,US Dollars,2026,,53379.41832614364,Future Forecast,Linear Regression,5037.202329962896,6062.1309044231775,0.43093752910158833
ARE,United Arab Emirates,Middle East,NY.GDP.PCAP.CD,GDP Per Capita Current US$,GDP per Capita,Economy,US Dollars,2027,,54110.979796865024,Future Forecast,Linear Regression,5037.202329962896,6062.1309044231775,0.43093752910158833
ARE,United Arab Emirates,Middle East,NY.GDP.PCAP.CD,GDP Per Capita Current US$,GDP per Capita,Economy,US Dollars,2028,,54842.541267586406,Future Forecast,Linear Regression,5037.202329962896,6062.1309044231775,0.43093752910158833
ARE,United Arab Emirates,Middle East,NY.GDP.PCAP.CD,GDP Per Capita Current US$,GDP per Capita,Economy,US Dollars,2029,,55574.10273830779,Future Forecast,Linear Regression,5037.202329962896,6062.1309044231775,0.43093752910158833
ARE,United Arab Emirates,Middle East,SL.UEM.TOTL.ZS,Unemployment Total %,Unemployment,Labor,Percentage,2000,2.25,2.706732307692306,Historical Prediction,Linear Regression,0.40047433846153807,0.530171859044854,0.01590796162726582
ARE,United Arab Emirates,Middle East,SL.UEM.TOTL.ZS,Unemployment Total %,Unemployment,Labor,Percentage,2001,2.443,2.697384615384614,Historical Prediction,Linear Regression,0.40047433846153807,0.530171859044854,0.01590796162726582
ARE,United Arab Emirates,Middle East,SL.UEM.TOTL.ZS,Unemployment Total %,Unemployment,Labor,Percentage,2002,2.659,2.688036923076922,Historical Prediction,Linear Regression,0.40047433846153807,0.530171859044854,0.01590796162726582
ARE,United Arab Emirates,Middle East,SL.UEM.TOTL.ZS,Unemployment Total %,Unemployment,Labor,Percentage,2003,2.903,2.67868923076923,Historical Prediction,Linear Regression,0.40047433846153807,0.530171859044854,0.01590796162726582
ARE,United Arab Emirates,Middle East,SL.UEM.TOTL.ZS,Unemployment Total %,Unemployment,Labor,Percentage,2004,2.965,2.6693415384615378,Historical Prediction,Linear Regression,0.40047433846153807,0.530171859044854,0.01590796162726582
ARE,United Arab Emirates,Middle East,SL.UEM.TOTL.ZS,Unemployment Total %,Unemployment,Labor,Percentage,2005,3.12,2.6599938461538457,Historical Prediction,Linear Regression,0.40047433846153807,0.530171859044854,0.01590796162726582
ARE,United Arab Emirates,Middle East,SL.UEM.TOTL.ZS,Unemployment Total %,Unemployment,Labor,Percentage,2006,2.964,2.6506461538461537,Historical Prediction,Linear Regression,0.40047433846153807,0.530171859044854,0.01590796162726582
ARE,United Arab Emirates,Middle East,SL.UEM.TOTL.ZS,Unemployment Total %,Unemployment,Labor,Percentage,2007,2.934,2.6412984615384616,Historical Prediction,Linear Regression,0.40047433846153807,0.530171859044854,0.01590796162726582
ARE,United Arab Emirates,Middle East,SL.UEM.TOTL.ZS,Unemployment Total %,Unemployment,Labor,Percentage,2008,2.818,2.6319507692307695,Historical Prediction,Linear Regression,0.40047433846153807,0.530171859044854,0.01590796162726582
ARE,United Arab Emirates,Middle East,SL.UEM.TOTL.ZS,Unemployment Total %,Unemployment,Labor,Percentage,2009,2.932,2.6226030769230775,Historical Prediction,Linear Regression,0.40047433846153807,0.530171859044854,0.01590796162726582
ARE,United Arab Emirates,Middle East,SL.UEM.TOTL.ZS,Unemployment Total %,Unemployment,Labor,Percentage,2010,2.798,2.6132553846153854,Historical Prediction,Linear Regression,0.40047433846153807,0.530171859044854,0.01590796162726582
ARE,United Arab Emirates,Middle East,SL.UEM.TOTL.ZS,Unemployment Total %,Unemployment,Labor,Percentage,2011,2.587,2.6039076923076934,Historical Prediction,Linear Regression,0.40047433846153807,0.530171859044854,0.01590796162726582
ARE,United Arab Emirates,Middle East,SL.UEM.TOTL.ZS,Unemployment Total %,Unemployment,Labor,Percentage,2012,2.323,2.5945600000000013,Historical Prediction,Linear Regression,0.40047433846153807,0.530171859044854,0.01590796162726582
ARE,United Arab Emirates,Middle East,SL.UEM.TOTL.ZS,Unemployment Total %,Unemployment,Labor,Percentage,2013,2.125,2.5852123076923057,Historical Prediction,Linear Regression,0.40047433846153807,0.530171859044854,0.01590796162726582
ARE,United Arab Emirates,Middle East,SL.UEM.TOTL.ZS,Unemployment Total %,Unemployment,Labor,Percentage,2014,1.999,2.5758646153846136,Historical Prediction,Linear Regression,0.40047433846153807,0.530171859044854,0.01590796162726582
ARE,United Arab Emirates,Middle East,SL.UEM.TOTL.ZS,Unemployment Total %,Unemployment,Labor,Percentage,2015,1.793,2.5665169230769216,Historical Prediction,Linear Regression,0.40047433846153807,0.530171859044854,0.01590796162726582
ARE,United Arab Emirates,Middle East,SL.UEM.TOTL.ZS,Unemployment Total %,Unemployment,Labor,Percentage,2016,1.64,2.5571692307692295,Historical Prediction,Linear Regression,0.40047433846153807,0.530171859044854,0.01590796162726582
ARE,United Arab Emirates,Middle East,SL.UEM.TOTL.ZS,Unemployment Total %,Unemployment,Labor,Percentage,2017,2.462,2.5478215384615375,Historical Prediction,Linear Regression,0.40047433846153807,0.530171859044854,0.01590796162726582
ARE,United Arab Emirates,Middle East,SL.UEM.TOTL.ZS,Unemployment Total %,Unemployment,Labor,Percentage,2018,2.236,2.5384738461538454,Historical Prediction,Linear Regression,0.40047433846153807,0.530171859044854,0.01590796162726582
ARE,United Arab Emirates,Middle East,SL.UEM.TOTL.ZS,Unemployment Total %,Unemployment,Labor,Percentage,2019,2.331,2.5291261538461534,Historical Prediction,Linear Regression,0.40047433846153807,0.530171859044854,0.01590796162726582
ARE,United Arab Emirates,Middle East,SL.UEM.TOTL.ZS,Unemployment Total %,Unemployment,Labor,Percentage,2020,4.294,2.5197784615384613,Historical Prediction,Linear Regression,0.40047433846153807,0.530171859044854,0.01590796162726582
ARE,United Arab Emirates,Middle East,SL.UEM.TOTL.ZS,Unemployment Total %,Unemployment,Labor,Percentage,2021,3.105,2.5104307692307692,Historical Prediction,Linear Regression,0.40047433846153807,0.530171859044854,0.01590796162726582
ARE,United Arab Emirates,Middle East,SL.UEM.TOTL.ZS,Unemployment Total %,Unemployment,Labor,Percentage,2022,2.872,2.501083076923077,Historical Prediction,Linear Regression,0.40047433846153807,0.530171859044854,0.01590796162726582
ARE,United Arab Emirates,Middle East,SL.UEM.TOTL.ZS,Unemployment Total %,Unemployment,Labor,Percentage,2023,2.151,2.491735384615385,Historical Prediction,Linear Regression,0.40047433846153807,0.530171859044854,0.01590796162726582
ARE,United Arab Emirates,Middle East,SL.UEM.TOTL.ZS,Unemployment Total %,Unemployment,Labor,Percentage,2024,2.16,2.482387692307693,Historical Prediction,Linear Regression,0.40047433846153807,0.530171859044854,0.01590796162726582
ARE,United Arab Emirates,Middle East,SL.UEM.TOTL.ZS,Unemployment Total %,Unemployment,Labor,Percentage,2025,,2.473040000000001,Future Forecast,Linear Regression,0.40047433846153807,0.530171859044854,0.01590796162726582
ARE,United Arab Emirates,Middle East,SL.UEM.TOTL.ZS,Unemployment Total %,Unemployment,Labor,Percentage,2026,,2.463692307692309,Future Forecast,Linear Regression,0.40047433846153807,0.530171859044854,0.01590796162726582
ARE,United Arab Emirates,Middle East,SL.UEM.TOTL.ZS,Unemployment Total %,Unemployment,Labor,Percentage,2027,,2.4543446153846133,Future Forecast,Linear Regression,0.40047433846153807,0.530171859044854,0.01590796162726582
ARE,United Arab Emirates,Middle East,SL.UEM.TOTL.ZS,Unemployment Total %,Unemployment,Labor,Percentage,2028,,2.4449969230769213,Future Forecast,Linear Regression,0.40047433846153807,0.530171859044854,0.01590796162726582
ARE,United Arab Emirates,Middle East,SL.UEM.TOTL.ZS,Unemployment Total %,Unemployment,Labor,Percentage,2029,,2.4356492307692292,Future Forecast,Linear Regression,0.40047433846153807,0.530171859044854,0.01590796162726582
ARE,United Arab Emirates,Middle East,SP.POP.TOTL,Total Population,Population,Population,People,2000,3493575.0,3462845.1846153736,Historical Prediction,Linear Regression,237728.37236923218,274915.97541795945,0.9856020824686388
ARE,United Arab Emirates,Middle East,SP.POP.TOTL,Total Population,Population,Population,People,2001,3723590.0,3778272.4792307615,Historical Prediction,Linear Regression,237728.37236923218,274915.97541795945,0.9856020824686388
ARE,United Arab Emirates,Middle East,SP.POP.TOTL,Total Population,Population,Population,People,2002,3956826.0,4093699.7738461494,Historical Prediction,Linear Regression,237728.37236923218,274915.97541795945,0.9856020824686388
ARE,United Arab Emirates,Middle East,SP.POP.TOTL,Total Population,Population,Population,People,2003,4192457.0,4409127.068461537,Historical Prediction,Linear Regression,237728.37236923218,274915.97541795945,0.9856020824686388
ARE,United Arab Emirates,Middle East,SP.POP.TOTL,Total Population,Population,Population,People,2004,4428967.0,4724554.363076925,Historical Prediction,Linear Regression,237728.37236923218,274915.97541795945,0.9856020824686388
ARE,United Arab Emirates,Middle East,SP.POP.TOTL,Total Population,Population,Population,People,2005,4664790.0,5039981.657692313,Historical Prediction,Linear Regression,237728.37236923218,274915.97541795945,0.9856020824686388
ARE,United Arab Emirates,Middle East,SP.POP.TOTL,Total Population,Population,Population,People,2006,5009100.0,5355408.952307701,Historical Prediction,Linear Regression,237728.37236923218,274915.97541795945,0.9856020824686388
ARE,United Arab Emirates,Middle East,SP.POP.TOTL,Total Population,Population,Population,People,2007,5624635.0,5670836.246923089,Historical Prediction,Linear Regression,237728.37236923218,274915.97541795945,0.9856020824686388
ARE,United Arab Emirates,Middle East,SP.POP.TOTL,Total Population,Population,Population,People,2008,6302664.0,5986263.541538477,Historical Prediction,Linear Regression,237728.37236923218,274915.97541795945,0.9856020824686388
ARE,United Arab Emirates,Middle East,SP.POP.TOTL,Total Population,Population,Population,People,2009,6707058.0,6301690.836153865,Historical Prediction,Linear Regression,237728.37236923218,274915.97541795945,0.9856020824686388
ARE,United Arab Emirates,Middle East,SP.POP.TOTL,Total Population,Population,Population,People,2010,6869838.0,6617118.130769253,Historical Prediction,Linear Regression,237728.37236923218,274915.97541795945,0.9856020824686388
ARE,United Arab Emirates,Middle East,SP.POP.TOTL,Total Population,Population,Population,People,2011,7104538.0,6932545.425384641,Historical Prediction,Linear Regression,237728.37236923218,274915.97541795945,0.9856020824686388
ARE,United Arab Emirates,Middle East,SP.POP.TOTL,Total Population,Population,Population,People,2012,7391448.0,7247972.720000029,Historical Prediction,Linear Regression,237728.37236923218,274915.97541795945,0.9856020824686388
ARE,United Arab Emirates,Middle East,SP.POP.TOTL,Total Population,Population,Population,People,2013,7693031.0,7563400.0146154165,Historical Prediction,Linear Regression,237728.37236923218,274915.97541795945,0.9856020824686388
ARE,United Arab Emirates,Middle East,SP.POP.TOTL,Total Population,Population,Population,People,2014,8059440.0,7878827.309230804,Historical Prediction,Linear Regression,237728.37236923218,274915.97541795945,0.9856020824686388
ARE,United Arab Emirates,Middle East,SP.POP.TOTL,Total Population,Population,Population,People,2015,8505237.0,8194254.603846192,Historical Prediction,Linear Regression,237728.37236923218,274915.97541795945,0.9856020824686388
ARE,United Arab Emirates,Middle East,SP.POP.TOTL,Total Population,Population,Population,People,2016,8935095.0,8509681.89846158,Historical Prediction,Linear Regression,237728.37236923218,274915.97541795945,0.9856020824686388
ARE,United Arab Emirates,Middle East,SP.POP.TOTL,Total Population,Population,Population,People,2017,9223225.0,8825109.193076968,Historical Prediction,Linear Regression,237728.37236923218,274915.97541795945,0.9856020824686388
ARE,United Arab Emirates,Middle East,SP.POP.TOTL,Total Population,Population,Population,People,2018,9346701.0,9140536.487692356,Historical Prediction,Linear Regression,237728.37236923218,274915.97541795945,0.9856020824686388
ARE,United Arab Emirates,Middle East,SP.POP.TOTL,Total Population,Population,Population,People,2019,9445785.0,9455963.782307744,Historical Prediction,Linear Regression,237728.37236923218,274915.97541795945,0.9856020824686388
ARE,United Arab Emirates,Middle East,SP.POP.TOTL,Total Population,Population,Population,People,2020,9401038.0,9771391.076923132,Historical Prediction,Linear Regression,237728.37236923218,274915.97541795945,0.9856020824686388
ARE,United Arab Emirates,Middle East,SP.POP.TOTL,Total Population,Population,Population,People,2021,9575152.0,10086818.37153852,Historical Prediction,Linear Regression,237728.37236923218,274915.97541795945,0.9856020824686388
ARE,United Arab Emirates,Middle East,SP.POP.TOTL,Total Population,Population,Population,People,2022,10074977.0,10402245.666153908,Historical Prediction,Linear Regression,237728.37236923218,274915.97541795945,0.9856020824686388
ARE,United Arab Emirates,Middle East,SP.POP.TOTL,Total Population,Population,Population,People,2023,10483751.0,10717672.960769296,Historical Prediction,Linear Regression,237728.37236923218,274915.97541795945,0.9856020824686388
ARE,United Arab Emirates,Middle East,SP.POP.TOTL,Total Population,Population,Population,People,2024,10986400.0,11033100.255384684,Historical Prediction,Linear Regression,237728.37236923218,274915.97541795945,0.9856020824686388
ARE,United Arab Emirates,Middle East,SP.POP.TOTL,Total Population,Population,Population,People,2025,,11348527.550000072,Future Forecast,Linear Regression,237728.37236923218,274915.97541795945,0.9856020824686388
ARE,United Arab Emirates,Middle East,SP.POP.TOTL,Total Population,Population,Population,People,2026,,11663954.84461546,Future Forecast,Linear Regression,237728.37236923218,274915.97541795945,0.9856020824686388
ARE,United Arab Emirates,Middle East,SP.POP.TOTL,Total Population,Population,Population,People,2027,,11979382.139230847,Future Forecast,Linear Regression,237728.37236923218,274915.97541795945,0.9856020824686388
ARE,United Arab Emirates,Middle East,SP.POP.TOTL,Total Population,Population,Population,People,2028,,12294809.433846235,Future Forecast,Linear Regression,237728.37236923218,274915.97541795945,0.9856020824686388
ARE,United Arab Emirates,Middle East,SP.POP.TOTL,Total Population,Population,Population,People,2029,,12610236.728461623,Future Forecast,Linear Regression,237728.37236923218,274915.97541795945,0.9856020824686388
BGD,Bangladesh,South Asia,FP.CPI.TOTL.ZG,Inflation Annual %,Inflation,Economy,Percentage,2000,2.20825620937535,5.157705343759034,Historical Prediction,Linear Regression,1.7366047333724492,2.056195938883021,0.1590050312155148
BGD,Bangladesh,South Asia,FP.CPI.TOTL.ZG,Inflation Annual %,Inflation,Economy,Percentage,2001,2.0071737421384,5.281691032712814,Historical Prediction,Linear Regression,1.7366047333724492,2.056195938883021,0.1590050312155148
BGD,Bangladesh,South Asia,FP.CPI.TOTL.ZG,Inflation Annual %,Inflation,Economy,Percentage,2002,3.33256493271912,5.405676721666595,Historical Prediction,Linear Regression,1.7366047333724492,2.056195938883021,0.1590050312155148
BGD,Bangladesh,South Asia,FP.CPI.TOTL.ZG,Inflation Annual %,Inflation,Economy,Percentage,2003,5.66870773441476,5.529662410620375,Historical Prediction,Linear Regression,1.7366047333724492,2.056195938883021,0.1590050312155148
BGD,Bangladesh,South Asia,FP.CPI.TOTL.ZG,Inflation Annual %,Inflation,Economy,Percentage,2004,7.58753638504689,5.653648099574156,Historical Prediction,Linear Regression,1.7366047333724492,2.056195938883021,0.1590050312155148
BGD,Bangladesh,South Asia,FP.CPI.TOTL.ZG,Inflation Annual %,Inflation,Economy,Percentage,2005,7.04661816222038,5.777633788527936,Historical Prediction,Linear Regression,1.7366047333724492,2.056195938883021,0.1590050312155148
BGD,Bangladesh,South Asia,FP.CPI.TOTL.ZG,Inflation Annual %,Inflation,Economy,Percentage,2006,6.76526117054757,5.901619477481717,Historical Prediction,Linear Regression,1.7366047333724492,2.056195938883021,0.1590050312155148
BGD,Bangladesh,South Asia,FP.CPI.TOTL.ZG,Inflation Annual %,Inflation,Economy,Percentage,2007,9.10698496905382,6.025605166435497,Historical Prediction,Linear Regression,1.7366047333724492,2.056195938883021,0.1590050312155148
BGD,Bangladesh,South Asia,FP.CPI.TOTL.ZG,Inflation Annual %,Inflation,Economy,Percentage,2008,8.90194489465153,6.149590855389249,Historical Prediction,Linear Regression,1.7366047333724492,2.056195938883021,0.1590050312155148
BGD,Bangladesh,South Asia,FP.CPI.TOTL.ZG,Inflation Annual %,Inflation,Economy,Percentage,2009,5.42347236174679,6.27357654434303,Historical Prediction,Linear Regression,1.7366047333724492,2.056195938883021,0.1590050312155148
BGD,Bangladesh,South Asia,FP.CPI.TOTL.ZG,Inflation Annual %,Inflation,Economy,Percentage,2010,8.12667639169917,6.39756223329681,Historical Prediction,Linear Regression,1.7366047333724492,2.056195938883021,0.1590050312155148
BGD,Bangladesh,South Asia,FP.CPI.TOTL.ZG,Inflation Annual %,Inflation,Economy,Percentage,2011,11.3951651552399,6.5215479222505905,Historical Prediction,Linear Regression,1.7366047333724492,2.056195938883021,0.1590050312155148
BGD,Bangladesh,South Asia,FP.CPI.TOTL.ZG,Inflation Annual %,Inflation,Economy,Percentage,2012,6.21750422069283,6.645533611204371,Historical Prediction,Linear Regression,1.7366047333724492,2.056195938883021,0.1590050312155148
BGD,Bangladesh,South Asia,FP.CPI.TOTL.ZG,Inflation Annual %,Inflation,Economy,Percentage,2013,7.53040640913172,6.7695193001581515,Historical Prediction,Linear Regression,1.7366047333724492,2.056195938883021,0.1590050312155148
BGD,Bangladesh,South Asia,FP.CPI.TOTL.ZG,Inflation Annual %,Inflation,Economy,Percentage,2014,6.99163889220848,6.893504989111932,Historical Prediction,Linear Regression,1.7366047333724492,2.056195938883021,0.1590050312155148
BGD,Bangladesh,South Asia,FP.CPI.TOTL.ZG,Inflation Annual %,Inflation,Economy,Percentage,2015,6.19428022984983,7.0174906780657125,Historical Prediction,Linear Regression,1.7366047333724492,2.056195938883021,0.1590050312155148
BGD,Bangladesh,South Asia,FP.CPI.TOTL.ZG,Inflation Annual %,Inflation,Economy,Percentage,2016,5.51352572692995,7.141476367019493,Historical Prediction,Linear Regression,1.7366047333724492,2.056195938883021,0.1590050312155148
BGD,Bangladesh,South Asia,FP.CPI.TOTL.ZG,Inflation Annual %,Inflation,Economy,Percentage,2017,5.70207015717238,7.265462055973273,Historical Prediction,Linear Regression,1.7366047333724492,2.056195938883021,0.1590050312155148
BGD,Bangladesh,South Asia,FP.CPI.TOTL.ZG,Inflation Annual %,Inflation,Economy,Percentage,2018,5.54362139486476,7.389447744927054,Historical Prediction,Linear Regression,1.7366047333724492,2.056195938883021,0.1590050312155148
BGD,Bangladesh,South Asia,FP.CPI.TOTL.ZG,Inflation Annual %,Inflation,Economy,Percentage,2019,5.59199639930629,7.513433433880806,Historical Prediction,Linear Regression,1.7366047333724492,2.056195938883021,0.1590050312155148
BGD,Bangladesh,South Asia,FP.CPI.TOTL.ZG,Inflation Annual %,Inflation,Economy,Percentage,2020,5.69107474746211,7.6374191228345865,Historical Prediction,Linear Regression,1.7366047333724492,2.056195938883021,0.1590050312155148
BGD,Bangladesh,South Asia,FP.CPI.TOTL.ZG,Inflation Annual %,Inflation,Economy,Percentage,2021,5.54565430773473,7.761404811788367,Historical Prediction,Linear Regression,1.7366047333724492,2.056195938883021,0.1590050312155148
BGD,Bangladesh,South Asia,FP.CPI.TOTL.ZG,Inflation Annual %,Inflation,Economy,Percentage,2022,7.69695437176898,7.885390500742147,Historical Prediction,Linear Regression,1.7366047333724492,2.056195938883021,0.1590050312155148
BGD,Bangladesh,South Asia,FP.CPI.TOTL.ZG,Inflation Annual %,Inflation,Economy,Percentage,2023,9.8835030377921,8.009376189695928,Historical Prediction,Linear Regression,1.7366047333724492,2.056195938883021,0.1590050312155148
BGD,Bangladesh,South Asia,FP.CPI.TOTL.ZG,Inflation Annual %,Inflation,Economy,Percentage,2024,10.4657482763412,8.133361878649708,Historical Prediction,Linear Regression,1.7366047333724492,2.056195938883021,0.1590050312155148
BGD,Bangladesh,South Asia,FP.CPI.TOTL.ZG,Inflation Annual %,Inflation,Economy,Percentage,2025,,8.257347567603489,Future Forecast,Linear Regression,1.7366047333724492,2.056195938883021,0.1590050312155148
BGD,Bangladesh,South Asia,FP.CPI.TOTL.ZG,Inflation Annual %,Inflation,Economy,Percentage,2026,,8.38133325655727,Future Forecast,Linear Regression,1.7366047333724492,2.056195938883021,0.1590050312155148
BGD,Bangladesh,South Asia,FP.CPI.TOTL.ZG,Inflation Annual %,Inflation,Economy,Percentage,2027,,8.50531894551105,Future Forecast,Linear Regression,1.7366047333724492,2.056195938883021,0.1590050312155148
BGD,Bangladesh,South Asia,FP.CPI.TOTL.ZG,Inflation Annual %,Inflation,Economy,Percentage,2028,,8.62930463446483,Future Forecast,Linear Regression,1.7366047333724492,2.056195938883021,0.1590050312155148
BGD,Bangladesh,South Asia,FP.CPI.TOTL.ZG,Inflation Annual %,Inflation,Economy,Percentage,2029,,8.75329032341861,Future Forecast,Linear Regression,1.7366047333724492,2.056195938883021,0.1590050312155148
BGD,Bangladesh,South Asia,NE.EXP.GNFS.ZS,Exports of Goods and Services % of GDP,Exports % GDP,Trade,Percentage,2000,12.3442012279919,15.466146240084782,Historical Prediction,Linear Regression,2.622833256827113,3.0153315297038077,0.028551581973768725
BGD,Bangladesh,South Asia,NE.EXP.GNFS.ZS,Exports of Goods and Services % of GDP,Exports % GDP,Trade,Percentage,2001,13.3865592080649,15.394459536132103,Historical Prediction,Linear Regression,2.622833256827113,3.0153315297038077,0.028551581973768725
BGD,Bangladesh,South Asia,NE.EXP.GNFS.ZS,Exports of Goods and Services % of GDP,Exports % GDP,Trade,Percentage,2002,12.4099689322019,15.322772832179425,Historical Prediction,Linear Regression,2.622833256827113,3.0153315297038077,0.028551581973768725
BGD,Bangladesh,South Asia,NE.EXP.GNFS.ZS,Exports of Goods and Services % of GDP,Exports % GDP,Trade,Percentage,2003,11.4311486959413,15.251086128226746,Historical Prediction,Linear Regression,2.622833256827113,3.0153315297038077,0.028551581973768725
BGD,Bangladesh,South Asia,NE.EXP.GNFS.ZS,Exports of Goods and Services % of GDP,Exports % GDP,Trade,Percentage,2004,11.1465089461353,15.179399424274067,Historical Prediction,Linear Regression,2.622833256827113,3.0153315297038077,0.028551581973768725
BGD,Bangladesh,South Asia,NE.EXP.GNFS.ZS,Exports of Goods and Services % of GDP,Exports % GDP,Trade,Percentage,2005,14.3928418979283,15.107712720321388,Historical Prediction,Linear Regression,2.622833256827113,3.0153315297038077,0.028551581973768725
BGD,Bangladesh,South Asia,NE.EXP.GNFS.ZS,Exports of Goods and Services % of GDP,Exports % GDP,Trade,Percentage,2006,16.3534635652888,15.036026016368709,Historical Prediction,Linear Regression,2.622833256827113,3.0153315297038077,0.028551581973768725
BGD,Bangladesh,South Asia,NE.EXP.GNFS.ZS,Exports of Goods and Services % of GDP,Exports % GDP,Trade,Percentage,2007,16.9953348464905,14.96433931241603,Historical Prediction,Linear Regression,2.622833256827113,3.0153315297038077,0.028551581973768725
BGD,Bangladesh,South Asia,NE.EXP.GNFS.ZS,Exports of Goods and Services % of GDP,Exports % GDP,Trade,Percentage,2008,17.6588584820757,14.89265260846335,Historical Prediction,Linear Regression,2.622833256827113,3.0153315297038077,0.028551581973768725
BGD,Bangladesh,South Asia,NE.EXP.GNFS.ZS,Exports of Goods and Services % of GDP,Exports % GDP,Trade,Percentage,2009,16.9401329056133,14.820965904510672,Historical Prediction,Linear Regression,2.622833256827113,3.0153315297038077,0.028551581973768725
BGD,Bangladesh,South Asia,NE.EXP.GNFS.ZS,Exports of Goods and Services % of GDP,Exports % GDP,Trade,Percentage,2010,16.0241126856916,14.749279200557993,Historical Prediction,Linear Regression,2.622833256827113,3.0153315297038077,0.028551581973768725
BGD,Bangladesh,South Asia,NE.EXP.GNFS.ZS,Exports of Goods and Services % of GDP,Exports % GDP,Trade,Percentage,2011,19.9220749554939,14.677592496605314,Historical Prediction,Linear Regression,2.622833256827113,3.0153315297038077,0.028551581973768725
BGD,Bangladesh,South Asia,NE.EXP.GNFS.ZS,Exports of Goods and Services % of GDP,Exports % GDP,Trade,Percentage,2012,20.1615888640625,14.605905792652635,Historical Prediction,Linear Regression,2.622833256827113,3.0153315297038077,0.028551581973768725
BGD,Bangladesh,South Asia,NE.EXP.GNFS.ZS,Exports of Goods and Services % of GDP,Exports % GDP,Trade,Percentage,2013,19.5378741098798,14.534219088699956,Historical Prediction,Linear Regression,2.622833256827113,3.0153315297038077,0.028551581973768725
BGD,Bangladesh,South Asia,NE.EXP.GNFS.ZS,Exports of Goods and Services % of GDP,Exports % GDP,Trade,Percentage,2014,18.9896599950107,14.462532384747277,Historical Prediction,Linear Regression,2.622833256827113,3.0153315297038077,0.028551581973768725
BGD,Bangladesh,South Asia,NE.EXP.GNFS.ZS,Exports of Goods and Services % of GDP,Exports % GDP,Trade,Percentage,2015,17.3366737865485,14.390845680794598,Historical Prediction,Linear Regression,2.622833256827113,3.0153315297038077,0.028551581973768725
BGD,Bangladesh,South Asia,NE.EXP.GNFS.ZS,Exports of Goods and Services % of GDP,Exports % GDP,Trade,Percentage,2016,13.9212044814459,14.31915897684192,Historical Prediction,Linear Regression,2.622833256827113,3.0153315297038077,0.028551581973768725
BGD,Bangladesh,South Asia,NE.EXP.GNFS.ZS,Exports of Goods and Services % of GDP,Exports % GDP,Trade,Percentage,2017,12.8197468906003,14.24747227288924,Historical Prediction,Linear Regression,2.622833256827113,3.0153315297038077,0.028551581973768725
BGD,Bangladesh,South Asia,NE.EXP.GNFS.ZS,Exports of Goods and Services % of GDP,Exports % GDP,Trade,Percentage,2018,12.6747879443391,14.175785568936561,Historical Prediction,Linear Regression,2.622833256827113,3.0153315297038077,0.028551581973768725
BGD,Bangladesh,South Asia,NE.EXP.GNFS.ZS,Exports of Goods and Services % of GDP,Exports % GDP,Trade,Percentage,2019,13.0947573353039,14.104098864983882,Historical Prediction,Linear Regression,2.622833256827113,3.0153315297038077,0.028551581973768725
BGD,Bangladesh,South Asia,NE.EXP.GNFS.ZS,Exports of Goods and Services % of GDP,Exports % GDP,Trade,Percentage,2020,10.4427880616037,14.032412161031203,Historical Prediction,Linear Regression,2.622833256827113,3.0153315297038077,0.028551581973768725
BGD,Bangladesh,South Asia,NE.EXP.GNFS.ZS,Exports of Goods and Services % of GDP,Exports % GDP,Trade,Percentage,2021,10.6627789004134,13.960725457078524,Historical Prediction,Linear Regression,2.622833256827113,3.0153315297038077,0.028551581973768725
BGD,Bangladesh,South Asia,NE.EXP.GNFS.ZS,Exports of Goods and Services % of GDP,Exports % GDP,Trade,Percentage,2022,12.8822264348985,13.889038753125845,Historical Prediction,Linear Regression,2.622833256827113,3.0153315297038077,0.028551581973768725
BGD,Bangladesh,South Asia,NE.EXP.GNFS.ZS,Exports of Goods and Services % of GDP,Exports % GDP,Trade,Percentage,2023,13.1571638341204,13.817352049173167,Historical Prediction,Linear Regression,2.622833256827113,3.0153315297038077,0.028551581973768725
BGD,Bangladesh,South Asia,NE.EXP.GNFS.ZS,Exports of Goods and Services % of GDP,Exports % GDP,Trade,Percentage,2024,10.4611878291715,13.745665345220488,Historical Prediction,Linear Regression,2.622833256827113,3.0153315297038077,0.028551581973768725
BGD,Bangladesh,South Asia,NE.EXP.GNFS.ZS,Exports of Goods and Services % of GDP,Exports % GDP,Trade,Percentage,2025,,13.673978641267809,Future Forecast,Linear Regression,2.622833256827113,3.0153315297038077,0.028551581973768725
BGD,Bangladesh,South Asia,NE.EXP.GNFS.ZS,Exports of Goods and Services % of GDP,Exports % GDP,Trade,Percentage,2026,,13.60229193731513,Future Forecast,Linear Regression,2.622833256827113,3.0153315297038077,0.028551581973768725
BGD,Bangladesh,South Asia,NE.EXP.GNFS.ZS,Exports of Goods and Services % of GDP,Exports % GDP,Trade,Percentage,2027,,13.53060523336245,Future Forecast,Linear Regression,2.622833256827113,3.0153315297038077,0.028551581973768725
BGD,Bangladesh,South Asia,NE.EXP.GNFS.ZS,Exports of Goods and Services % of GDP,Exports % GDP,Trade,Percentage,2028,,13.458918529409772,Future Forecast,Linear Regression,2.622833256827113,3.0153315297038077,0.028551581973768725
BGD,Bangladesh,South Asia,NE.EXP.GNFS.ZS,Exports of Goods and Services % of GDP,Exports % GDP,Trade,Percentage,2029,,13.387231825457121,Future Forecast,Linear Regression,2.622833256827113,3.0153315297038077,0.028551581973768725
BGD,Bangladesh,South Asia,NV.AGR.TOTL.ZS,Agriculture Value Added % of GDP,Agriculture % GDP,Agriculture,Percentage,2000,22.7181480755923,21.552947577570535,Historical Prediction,Linear Regression,0.40981841875226016,0.49890335114154605,0.9790732517501392
BGD,Bangladesh,South Asia,NV.AGR.TOTL.ZS,Agriculture Value Added % of GDP,Agriculture % GDP,Agriculture,Percentage,2001,21.8483405815259,21.07971845061809,Historical Prediction,Linear Regression,0.40981841875226016,0.49890335114154605,0.9790732517501392
BGD,Bangladesh,South Asia,NV.AGR.TOTL.ZS,Agriculture Value Added % of GDP,Agriculture % GDP,Agriculture,Percentage,2002,20.5841344226366,20.606489323665528,Historical Prediction,Linear Regression,0.40981841875226016,0.49890335114154605,0.9790732517501392
BGD,Bangladesh,South Asia,NV.AGR.TOTL.ZS,Agriculture Value Added % of GDP,Agriculture % GDP,Agriculture,Percentage,2003,19.8127182977042,20.13326019671308,Historical Prediction,Linear Regression,0.40981841875226016,0.49890335114154605,0.9790732517501392
BGD,Bangladesh,South Asia,NV.AGR.TOTL.ZS,Agriculture Value Added % of GDP,Agriculture % GDP,Agriculture,Percentage,2004,19.2669595662859,19.66003106976052,Historical Prediction,Linear Regression,0.40981841875226016,0.49890335114154605,0.9790732517501392
BGD,Bangladesh,South Asia,NV.AGR.TOTL.ZS,Agriculture Value Added % of GDP,Agriculture % GDP,Agriculture,Percentage,2005,18.5710395455964,19.186801942808074,Historical Prediction,Linear Regression,0.40981841875226016,0.49890335114154605,0.9790732517501392
BGD,Bangladesh,South Asia,NV.AGR.TOTL.ZS,Agriculture Value Added % of GDP,Agriculture % GDP,Agriculture,Percentage,2006,18.0340165108542,18.713572815855514,Historical Prediction,Linear Regression,0.40981841875226016,0.49890335114154605,0.9790732517501392
BGD,Bangladesh,South Asia,NV.AGR.TOTL.ZS,Agriculture Value Added % of GDP,Agriculture % GDP,Agriculture,Percentage,2007,17.8065367823955,18.240343688903067,Historical Prediction,Linear Regression,0.40981841875226016,0.49890335114154605,0.9790732517501392
BGD,Bangladesh,South Asia,NV.AGR.TOTL.ZS,Agriculture Value Added % of GDP,Agriculture % GDP,Agriculture,Percentage,2008,17.5956955421992,17.76711456195062,Historical Prediction,Linear Regression,0.40981841875226016,0.49890335114154605,0.9790732517501392
BGD,Bangladesh,South Asia,NV.AGR.TOTL.ZS,Agriculture Value Added % of GDP,Agriculture % GDP,Agriculture,Percentage,2009,17.1046290519632,17.29388543499806,Historical Prediction,Linear Regression,0.40981841875226016,0.49890335114154605,0.9790732517501392
BGD,Bangladesh,South Asia,NV.AGR.TOTL.ZS,Agriculture Value Added % of GDP,Agriculture % GDP,Agriculture,Percentage,2010,17.0011812592919,16.820656308045614,Historical Prediction,Linear Regression,0.40981841875226016,0.49890335114154605,0.9790732517501392
BGD,Bangladesh,South Asia,NV.AGR.TOTL.ZS,Agriculture Value Added % of GDP,Agriculture % GDP,Agriculture,Percentage,2011,16.8099867573503,16.347427181093053,Historical Prediction,Linear Regression,0.40981841875226016,0.49890335114154605,0.9790732517501392
BGD,Bangladesh,South Asia,NV.AGR.TOTL.ZS,Agriculture Value Added % of GDP,Agriculture % GDP,Agriculture,Percentage,2012,16.1775631732753,15.874198054140606,Historical Prediction,Linear Regression,0.40981841875226016,0.49890335114154605,0.9790732517501392
BGD,Bangladesh,South Asia,NV.AGR.TOTL.ZS,Agriculture Value Added % of GDP,Agriculture % GDP,Agriculture,Percentage,2013,15.4932779975908,15.400968927188046,Historical Prediction,Linear Regression,0.40981841875226016,0.49890335114154605,0.9790732517501392
BGD,Bangladesh,South Asia,NV.AGR.TOTL.ZS,Agriculture Value Added % of GDP,Agriculture % GDP,Agriculture,Percentage,2014,15.3516208986344,14.9277398002356,Historical Prediction,Linear Regression,0.40981841875226016,0.49890335114154605,0.9790732517501392
BGD,Bangladesh,South Asia,NV.AGR.TOTL.ZS,Agriculture Value Added % of GDP,Agriculture % GDP,Agriculture,Percentage,2015,14.7829964369364,14.454510673283153,Historical Prediction,Linear Regression,0.40981841875226016,0.49890335114154605,0.9790732517501392
BGD,Bangladesh,South Asia,NV.AGR.TOTL.ZS,Agriculture Value Added % of GDP,Agriculture % GDP,Agriculture,Percentage,2016,13.4647923176039,13.981281546330592,Historical Prediction,Linear Regression,0.40981841875226016,0.49890335114154605,0.9790732517501392
BGD,Bangladesh,South Asia,NV.AGR.TOTL.ZS,Agriculture Value Added % of GDP,Agriculture % GDP,Agriculture,Percentage,2017,12.9572760433733,13.508052419378146,Historical Prediction,Linear Regression,0.40981841875226016,0.49890335114154605,0.9790732517501392
BGD,Bangladesh,South Asia,NV.AGR.TOTL.ZS,Agriculture Value Added % of GDP,Agriculture % GDP,Agriculture,Percentage,2018,12.4800771856196,13.034823292425585,Historical Prediction,Linear Regression,0.40981841875226016,0.49890335114154605,0.9790732517501392
BGD,Bangladesh,South Asia,NV.AGR.TOTL.ZS,Agriculture Value Added % of GDP,Agriculture % GDP,Agriculture,Percentage,2019,11.9753231358984,12.561594165473139,Historical Prediction,Linear Regression,0.40981841875226016,0.49890335114154605,0.9790732517501392
BGD,Bangladesh,South Asia,NV.AGR.TOTL.ZS,Agriculture Value Added % of GDP,Agriculture % GDP,Agriculture,Percentage,2020,11.9996868602485,12.088365038520578,Historical Prediction,Linear Regression,0.40981841875226016,0.49890335114154605,0.9790732517501392
BGD,Bangladesh,South Asia,NV.AGR.TOTL.ZS,Agriculture Value Added % of GDP,Agriculture % GDP,Agriculture,Percentage,2021,11.6328584271282,11.615135911568132,Historical Prediction,Linear Regression,0.40981841875226016,0.49890335114154605,0.9790732517501392
BGD,Bangladesh,South Asia,NV.AGR.TOTL.ZS,Agriculture Value Added % of GDP,Agriculture % GDP,Agriculture,Percentage,2022,11.2176010351595,11.141906784615571,Historical Prediction,Linear Regression,0.40981841875226016,0.49890335114154605,0.9790732517501392
BGD,Bangladesh,South Asia,NV.AGR.TOTL.ZS,Agriculture Value Added % of GDP,Agriculture % GDP,Agriculture,Percentage,2023,11.0036900209598,10.668677657663125,Historical Prediction,Linear Regression,0.40981841875226016,0.49890335114154605,0.9790732517501392
BGD,Bangladesh,South Asia,NV.AGR.TOTL.ZS,Agriculture Value Added % of GDP,Agriculture % GDP,Agriculture,Percentage,2024,11.1648014276903,10.195448530710678,Historical Prediction,Linear Regression,0.40981841875226016,0.49890335114154605,0.9790732517501392
BGD,Bangladesh,South Asia,NV.AGR.TOTL.ZS,Agriculture Value Added % of GDP,Agriculture % GDP,Agriculture,Percentage,2025,,9.722219403758118,Future Forecast,Linear Regression,0.40981841875226016,0.49890335114154605,0.9790732517501392
BGD,Bangladesh,South Asia,NV.AGR.TOTL.ZS,Agriculture Value Added % of GDP,Agriculture % GDP,Agriculture,Percentage,2026,,9.24899027680567,Future Forecast,Linear Regression,0.40981841875226016,0.49890335114154605,0.9790732517501392
BGD,Bangladesh,South Asia,NV.AGR.TOTL.ZS,Agriculture Value Added % of GDP,Agriculture % GDP,Agriculture,Percentage,2027,,8.77576114985311,Future Forecast,Linear Regression,0.40981841875226016,0.49890335114154605,0.9790732517501392
BGD,Bangladesh,South Asia,NV.AGR.TOTL.ZS,Agriculture Value Added % of GDP,Agriculture % GDP,Agriculture,Percentage,2028,,8.302532022900664,Future Forecast,Linear Regression,0.40981841875226016,0.49890335114154605,0.9790732517501392
BGD,Bangladesh,South Asia,NV.AGR.TOTL.ZS,Agriculture Value Added % of GDP,Agriculture % GDP,Agriculture,Percentage,2029,,7.8293028959481035,Future Forecast,Linear Regression,0.40981841875226016,0.49890335114154605,0.9790732517501392
BGD,Bangladesh,South Asia,NY.GDP.MKTP.CD,GDP Current US$,GDP,Economy,US Dollars,2000,53369787318.6245,-26161278706.242188,Historical Prediction,Linear Regression,37873828023.01737,44143345290.34377,0.9035538430269451
BGD,Bangladesh,South Asia,NY.GDP.MKTP.CD,GDP Current US$,GDP,Economy,US Dollars,2001,53991289844.3291,-7424362041.1953125,Historical Prediction,Linear Regression,37873828023.01737,44143345290.34377,0.9035538430269451
BGD,Bangladesh,South Asia,NY.GDP.MKTP.CD,GDP Current US$,GDP,Economy,US Dollars,2002,54724081490.5102,11312554623.859375,Historical Prediction,Linear Regression,37873828023.01737,44143345290.34377,0.9035538430269451
BGD,Bangladesh,South Asia,NY.GDP.MKTP.CD,GDP Current US$,GDP,Economy,US Dollars,2003,60158929188.2556,30049471288.914062,Historical Prediction,Linear Regression,37873828023.01737,44143345290.34377,0.9035538430269451
BGD,Bangladesh,South Asia,NY.GDP.MKTP.CD,GDP Current US$,GDP,Economy,US Dollars,2004,65108544250.0425,48786387953.96875,Historical Prediction,Linear Regression,37873828023.01737,44143345290.34377,0.9035538430269451
BGD,Bangladesh,South Asia,NY.GDP.MKTP.CD,GDP Current US$,GDP,Economy,US Dollars,2005,69476001239.419,67523304619.015625,Historical Prediction,Linear Regression,37873828023.01737,44143345290.34377,0.9035538430269451
BGD,Bangladesh,South Asia,NY.GDP.MKTP.CD,GDP Current US$,GDP,Economy,US Dollars,2006,71795736172.1561,86260221284.07031,Historical Prediction,Linear Regression,37873828023.01737,44143345290.34377,0.9035538430269451
BGD,Bangladesh,South Asia,NY.GDP.MKTP.CD,GDP Current US$,GDP,Economy,US Dollars,2007,79611644974.5571,104997137949.125,Historical Prediction,Linear Regression,37873828023.01737,44143345290.34377,0.9035538430269451
BGD,Bangladesh,South Asia,NY.GDP.MKTP.CD,GDP Current US$,GDP,Economy,US Dollars,2008,91636997370.9772,123734054614.17969,Historical Prediction,Linear Regression,37873828023.01737,44143345290.34377,0.9035538430269451
BGD,Bangladesh,South Asia,NY.GDP.MKTP.CD,GDP Current US$,GDP,Economy,US Dollars,2009,102475158190.998,142470971279.22656,Historical Prediction,Linear Regression,37873828023.01737,44143345290.34377,0.9035538430269451
BGD,Bangladesh,South Asia,NY.GDP.MKTP.CD,GDP Current US$,GDP,Economy,US Dollars,2010,115275540051.262,161207887944.28125,Historical Prediction,Linear Regression,37873828023.01737,44143345290.34377,0.9035538430269451
BGD,Bangladesh,South Asia,NY.GDP.MKTP.CD,GDP Current US$,GDP,Economy,US Dollars,2011,128607482310.357,179944804609.33594,Historical Prediction,Linear Regression,37873828023.01737,44143345290.34377,0.9035538430269451
BGD,Bangladesh,South Asia,NY.GDP.MKTP.CD,GDP Current US$,GDP,Economy,US Dollars,2012,133310747603.483,198681721274.3828,Historical Prediction,Linear Regression,37873828023.01737,44143345290.34377,0.9035538430269451
BGD,Bangladesh,South Asia,NY.GDP.MKTP.CD,GDP Current US$,GDP,Economy,US Dollars,2013,149998957434.186,217418637939.4375,Historical Prediction,Linear Regression,37873828023.01737,44143345290.34377,0.9035538430269451
BGD,Bangladesh,South Asia,NY.GDP.MKTP.CD,GDP Current US$,GDP,Economy,US Dollars,2014,172886611653.786,236155554604.4922,Historical Prediction,Linear Regression,37873828023.01737,44143345290.34377,0.9035538430269451
BGD,Bangladesh,South Asia,NY.GDP.MKTP.CD,GDP Current US$,GDP,Economy,US Dollars,2015,195146608978.131,254892471269.54688,Historical Prediction,Linear Regression,37873828023.01737,44143345290.34377,0.9035538430269451
BGD,Bangladesh,South Asia,NY.GDP.MKTP.CD,GDP Current US$,GDP,Economy,US Dollars,2016,265224515675.034,273629387934.59375,Historical Prediction,Linear Regression,37873828023.01737,44143345290.34377,0.9035538430269451
BGD,Bangladesh,South Asia,NY.GDP.MKTP.CD,GDP Current US$,GDP,Economy,US Dollars,2017,293732446624.596,292366304599.64844,Historical Prediction,Linear Regression,37873828023.01737,44143345290.34377,0.9035538430269451
BGD,Bangladesh,South Asia,NY.GDP.MKTP.CD,GDP Current US$,GDP,Economy,US Dollars,2018,321362752441.78,311103221264.7031,Historical Prediction,Linear Regression,37873828023.01737,44143345290.34377,0.9035538430269451
BGD,Bangladesh,South Asia,NY.GDP.MKTP.CD,GDP Current US$,GDP,Economy,US Dollars,2019,351231654603.692,329840137929.7578,Historical Prediction,Linear Regression,37873828023.01737,44143345290.34377,0.9035538430269451
BGD,Bangladesh,South Asia,NY.GDP.MKTP.CD,GDP Current US$,GDP,Economy,US Dollars,2020,373979442362.193,348577054594.8047,Historical Prediction,Linear Regression,37873828023.01737,44143345290.34377,0.9035538430269451
BGD,Bangladesh,South Asia,NY.GDP.MKTP.CD,GDP Current US$,GDP,Economy,US Dollars,2021,416271647911.014,367313971259.8594,Historical Prediction,Linear Regression,37873828023.01737,44143345290.34377,0.9035538430269451
BGD,Bangladesh,South Asia,NY.GDP.MKTP.CD,GDP Current US$,GDP,Economy,US Dollars,2022,460131689083.083,386050887924.91406,Historical Prediction,Linear Regression,37873828023.01737,44143345290.34377,0.9035538430269451
BGD,Bangladesh,South Asia,NY.GDP.MKTP.CD,GDP Current US$,GDP,Economy,US Dollars,2023,437415333018.291,404787804589.96875,Historical Prediction,Linear Regression,37873828023.01737,44143345290.34377,0.9035538430269451
BGD,Bangladesh,South Asia,NY.GDP.MKTP.CD,GDP Current US$,GDP,Economy,US Dollars,2024,450119432068.852,423524721255.0156,Historical Prediction,Linear Regression,37873828023.01737,44143345290.34377,0.9035538430269451
BGD,Bangladesh,South Asia,NY.GDP.MKTP.CD,GDP Current US$,GDP,Economy,US Dollars,2025,,442261637920.0703,Future Forecast,Linear Regression,37873828023.01737,44143345290.34377,0.9035538430269451
BGD,Bangladesh,South Asia,NY.GDP.MKTP.CD,GDP Current US$,GDP,Economy,US Dollars,2026,,460998554585.125,Future Forecast,Linear Regression,37873828023.01737,44143345290.34377,0.9035538430269451
BGD,Bangladesh,South Asia,NY.GDP.MKTP.CD,GDP Current US$,GDP,Economy,US Dollars,2027,,479735471250.1797,Future Forecast,Linear Regression,37873828023.01737,44143345290.34377,0.9035538430269451
BGD,Bangladesh,South Asia,NY.GDP.MKTP.CD,GDP Current US$,GDP,Economy,US Dollars,2028,,498472387915.22656,Future Forecast,Linear Regression,37873828023.01737,44143345290.34377,0.9035538430269451
BGD,Bangladesh,South Asia,NY.GDP.MKTP.CD,GDP Current US$,GDP,Economy,US Dollars,2029,,517209304580.28125,Future Forecast,Linear Regression,37873828023.01737,44143345290.34377,0.9035538430269451
BGD,Bangladesh,South Asia,NY.GDP.PCAP.CD,GDP Per Capita Current US$,GDP per Capita,Economy,US Dollars,2000,396.670730249751,-57.74216432735557,Historical Prediction,Linear Regression,211.78209121560008,247.53829347870433,0.9071612356958543
BGD,Bangladesh,South Asia,NY.GDP.PCAP.CD,GDP Per Capita Current US$,GDP per Capita,Economy,US Dollars,2001,394.65641001891,49.5624226075015,Historical Prediction,Linear Regression,211.78209121560008,247.53829347870433,0.9071612356958543
BGD,Bangladesh,South Asia,NY.GDP.PCAP.CD,GDP Per Capita Current US$,GDP per Capita,Economy,US Dollars,2002,393.886422327628,156.86700954235857,Historical Prediction,Linear Regression,211.78209121560008,247.53829347870433,0.9071612356958543
BGD,Bangladesh,South Asia,NY.GDP.PCAP.CD,GDP Per Capita Current US$,GDP per Capita,Economy,US Dollars,2003,426.74880754362,264.17159647724475,Historical Prediction,Linear Regression,211.78209121560008,247.53829347870433,0.9071612356958543
BGD,Bangladesh,South Asia,NY.GDP.PCAP.CD,GDP Per Capita Current US$,GDP per Capita,Economy,US Dollars,2004,455.614016909798,371.4761834121018,Historical Prediction,Linear Regression,211.78209121560008,247.53829347870433,0.9071612356958543
BGD,Bangladesh,South Asia,NY.GDP.PCAP.CD,GDP Per Capita Current US$,GDP per Capita,Economy,US Dollars,2005,480.08585075452,478.7807703469589,Historical Prediction,Linear Regression,211.78209121560008,247.53829347870433,0.9071612356958543
BGD,Bangladesh,South Asia,NY.GDP.PCAP.CD,GDP Per Capita Current US$,GDP per Capita,Economy,US Dollars,2006,490.388026533289,586.085357281816,Historical Prediction,Linear Regression,211.78209121560008,247.53829347870433,0.9071612356958543
BGD,Bangladesh,South Asia,NY.GDP.PCAP.CD,GDP Per Capita Current US$,GDP per Capita,Economy,US Dollars,2007,537.955492792911,693.389944216673,Historical Prediction,Linear Regression,211.78209121560008,247.53829347870433,0.9071612356958543
BGD,Bangladesh,South Asia,NY.GDP.PCAP.CD,GDP Per Capita Current US$,GDP per Capita,Economy,US Dollars,2008,613.06204104124,800.6945311515592,Historical Prediction,Linear Regression,211.78209121560008,247.53829347870433,0.9071612356958543
BGD,Bangladesh,South Asia,NY.GDP.PCAP.CD,GDP Per Capita Current US$,GDP per Capita,Economy,US Dollars,2009,679.211477428056,907.9991180864163,Historical Prediction,Linear Regression,211.78209121560008,247.53829347870433,0.9071612356958543
BGD,Bangladesh,South Asia,NY.GDP.PCAP.CD,GDP Per Capita Current US$,GDP per Capita,Economy,US Dollars,2010,757.385280361508,1015.3037050212733,Historical Prediction,Linear Regression,211.78209121560008,247.53829347870433,0.9071612356958543
BGD,Bangladesh,South Asia,NY.GDP.PCAP.CD,GDP Per Capita Current US$,GDP per Capita,Economy,US Dollars,2011,837.336944695647,1122.6082919561304,Historical Prediction,Linear Regression,211.78209121560008,247.53829347870433,0.9071612356958543
BGD,Bangladesh,South Asia,NY.GDP.PCAP.CD,GDP Per Capita Current US$,GDP per Capita,Economy,US Dollars,2012,859.680536375497,1229.9128788909875,Historical Prediction,Linear Regression,211.78209121560008,247.53829347870433,0.9071612356958543
BGD,Bangladesh,South Asia,NY.GDP.PCAP.CD,GDP Per Capita Current US$,GDP per Capita,Economy,US Dollars,2013,958.262989798283,1337.2174658258446,Historical Prediction,Linear Regression,211.78209121560008,247.53829347870433,0.9071612356958543
BGD,Bangladesh,South Asia,NY.GDP.PCAP.CD,GDP Per Capita Current US$,GDP per Capita,Economy,US Dollars,2014,1094.46199702838,1444.5220527607307,Historical Prediction,Linear Regression,211.78209121560008,247.53829347870433,0.9071612356958543
BGD,Bangladesh,South Asia,NY.GDP.PCAP.CD,GDP Per Capita Current US$,GDP per Capita,Economy,US Dollars,2015,1224.38647668165,1551.8266396955878,Historical Prediction,Linear Regression,211.78209121560008,247.53829347870433,0.9071612356958543
BGD,Bangladesh,South Asia,NY.GDP.PCAP.CD,GDP Per Capita Current US$,GDP per Capita,Economy,US Dollars,2016,1649.28380858601,1659.1312266304449,Historical Prediction,Linear Regression,211.78209121560008,247.53829347870433,0.9071612356958543
BGD,Bangladesh,South Asia,NY.GDP.PCAP.CD,GDP Per Capita Current US$,GDP per Capita,Economy,US Dollars,2017,1811.08221668646,1766.435813565302,Historical Prediction,Linear Regression,211.78209121560008,247.53829347870433,0.9071612356958543
BGD,Bangladesh,South Asia,NY.GDP.PCAP.CD,GDP Per Capita Current US$,GDP per Capita,Economy,US Dollars,2018,1965.24372731467,1873.740400500159,Historical Prediction,Linear Regression,211.78209121560008,247.53829347870433,0.9071612356958543
BGD,Bangladesh,South Asia,NY.GDP.PCAP.CD,GDP Per Capita Current US$,GDP per Capita,Economy,US Dollars,2019,2129.79896954606,1981.0449874350452,Historical Prediction,Linear Regression,211.78209121560008,247.53829347870433,0.9071612356958543
BGD,Bangladesh,South Asia,NY.GDP.PCAP.CD,GDP Per Capita Current US$,GDP per Capita,Economy,US Dollars,2020,2248.85078828233,2088.3495743699023,Historical Prediction,Linear Regression,211.78209121560008,247.53829347870433,0.9071612356958543
BGD,Bangladesh,South Asia,NY.GDP.PCAP.CD,GDP Per Capita Current US$,GDP per Capita,Economy,US Dollars,2021,2482.84917843357,2195.6541613047593,Historical Prediction,Linear Regression,211.78209121560008,247.53829347870433,0.9071612356958543
BGD,Bangladesh,South Asia,NY.GDP.PCAP.CD,GDP Per Capita Current US$,GDP per Capita,Economy,US Dollars,2022,2716.48592780431,2302.9587482396164,Historical Prediction,Linear Regression,211.78209121560008,247.53829347870433,0.9071612356958543
BGD,Bangladesh,South Asia,NY.GDP.PCAP.CD,GDP Per Capita Current US$,GDP per Capita,Economy,US Dollars,2023,2551.01773827307,2410.2633351744735,Historical Prediction,Linear Regression,211.78209121560008,247.53829347870433,0.9071612356958543
BGD,Bangladesh,South Asia,NY.GDP.PCAP.CD,GDP Per Capita Current US$,GDP per Capita,Economy,US Dollars,2024,2593.41611680774,2517.5679221093596,Historical Prediction,Linear Regression,211.78209121560008,247.53829347870433,0.9071612356958543
BGD,Bangladesh,South Asia,NY.GDP.PCAP.CD,GDP Per Capita Current US$,GDP per Capita,Economy,US Dollars,2025,,2624.8725090442167,Future Forecast,Linear Regression,211.78209121560008,247.53829347870433,0.9071612356958543
BGD,Bangladesh,South Asia,NY.GDP.PCAP.CD,GDP Per Capita Current US$,GDP per Capita,Economy,US Dollars,2026,,2732.177095979074,Future Forecast,Linear Regression,211.78209121560008,247.53829347870433,0.9071612356958543
BGD,Bangladesh,South Asia,NY.GDP.PCAP.CD,GDP Per Capita Current US$,GDP per Capita,Economy,US Dollars,2027,,2839.481682913931,Future Forecast,Linear Regression,211.78209121560008,247.53829347870433,0.9071612356958543
BGD,Bangladesh,South Asia,NY.GDP.PCAP.CD,GDP Per Capita Current US$,GDP per Capita,Economy,US Dollars,2028,,2946.786269848788,Future Forecast,Linear Regression,211.78209121560008,247.53829347870433,0.9071612356958543
BGD,Bangladesh,South Asia,NY.GDP.PCAP.CD,GDP Per Capita Current US$,GDP per Capita,Economy,US Dollars,2029,,3054.090856783645,Future Forecast,Linear Regression,211.78209121560008,247.53829347870433,0.9071612356958543
BGD,Bangladesh,South Asia,SL.UEM.TOTL.ZS,Unemployment Total %,Unemployment,Labor,Percentage,2000,3.27,3.8792646153846206,Historical Prediction,Linear Regression,0.39380763076923025,0.5359752278718748,0.12720038384909815
BGD,Bangladesh,South Asia,SL.UEM.TOTL.ZS,Unemployment Total %,Unemployment,Labor,Percentage,2001,3.609,3.9076392307692345,Historical Prediction,Linear Regression,0.39380763076923025,0.5359752278718748,0.12720038384909815
BGD,Bangladesh,South Asia,SL.UEM.TOTL.ZS,Unemployment Total %,Unemployment,Labor,Percentage,2002,3.966,3.9360138461538483,Historical Prediction,Linear Regression,0.39380763076923025,0.5359752278718748,0.12720038384909815
BGD,Bangladesh,South Asia,SL.UEM.TOTL.ZS,Unemployment Total %,Unemployment,Labor,Percentage,2003,4.32,3.964388461538462,Historical Prediction,Linear Regression,0.39380763076923025,0.5359752278718748,0.12720038384909815
BGD,Bangladesh,South Asia,SL.UEM.TOTL.ZS,Unemployment Total %,Unemployment,Labor,Percentage,2004,4.316,3.992763076923083,Historical Prediction,Linear Regression,0.39380763076923025,0.5359752278718748,0.12720038384909815
BGD,Bangladesh,South Asia,SL.UEM.TOTL.ZS,Unemployment Total %,Unemployment,Labor,Percentage,2005,4.25,4.021137692307697,Historical Prediction,Linear Regression,0.39380763076923025,0.5359752278718748,0.12720038384909815
BGD,Bangladesh,South Asia,SL.UEM.TOTL.ZS,Unemployment Total %,Unemployment,Labor,Percentage,2006,3.591,4.049512307692311,Historical Prediction,Linear Regression,0.39380763076923025,0.5359752278718748,0.12720038384909815
BGD,Bangladesh,South Asia,SL.UEM.TOTL.ZS,Unemployment Total %,Unemployment,Labor,Percentage,2007,4.015,4.077886923076925,Historical Prediction,Linear Regression,0.39380763076923025,0.5359752278718748,0.12720038384909815
BGD,Bangladesh,South Asia,SL.UEM.TOTL.ZS,Unemployment Total %,Unemployment,Labor,Percentage,2008,4.49,4.106261538461538,Historical Prediction,Linear Regression,0.39380763076923025,0.5359752278718748,0.12720038384909815
BGD,Bangladesh,South Asia,SL.UEM.TOTL.ZS,Unemployment Total %,Unemployment,Labor,Percentage,2009,5.0,4.134636153846159,Historical Prediction,Linear Regression,0.39380763076923025,0.5359752278718748,0.12720038384909815
BGD,Bangladesh,South Asia,SL.UEM.TOTL.ZS,Unemployment Total %,Unemployment,Labor,Percentage,2010,3.379,4.163010769230773,Historical Prediction,Linear Regression,0.39380763076923025,0.5359752278718748,0.12720038384909815
BGD,Bangladesh,South Asia,SL.UEM.TOTL.ZS,Unemployment Total %,Unemployment,Labor,Percentage,2011,3.737,4.191385384615387,Historical Prediction,Linear Regression,0.39380763076923025,0.5359752278718748,0.12720038384909815
BGD,Bangladesh,South Asia,SL.UEM.TOTL.ZS,Unemployment Total %,Unemployment,Labor,Percentage,2012,4.07,4.219760000000001,Historical Prediction,Linear Regression,0.39380763076923025,0.5359752278718748,0.12720038384909815
BGD,Bangladesh,South Asia,SL.UEM.TOTL.ZS,Unemployment Total %,Unemployment,Labor,Percentage,2013,4.426,4.248134615384615,Historical Prediction,Linear Regression,0.39380763076923025,0.5359752278718748,0.12720038384909815
BGD,Bangladesh,South Asia,SL.UEM.TOTL.ZS,Unemployment Total %,Unemployment,Labor,Percentage,2014,4.417,4.276509230769236,Historical Prediction,Linear Regression,0.39380763076923025,0.5359752278718748,0.12720038384909815
BGD,Bangladesh,South Asia,SL.UEM.TOTL.ZS,Unemployment Total %,Unemployment,Labor,Percentage,2015,4.397,4.3048838461538494,Historical Prediction,Linear Regression,0.39380763076923025,0.5359752278718748,0.12720038384909815
BGD,Bangladesh,South Asia,SL.UEM.TOTL.ZS,Unemployment Total %,Unemployment,Labor,Percentage,2016,4.35,4.333258461538463,Historical Prediction,Linear Regression,0.39380763076923025,0.5359752278718748,0.12720038384909815
BGD,Bangladesh,South Asia,SL.UEM.TOTL.ZS,Unemployment Total %,Unemployment,Labor,Percentage,2017,4.372,4.361633076923077,Historical Prediction,Linear Regression,0.39380763076923025,0.5359752278718748,0.12720038384909815
BGD,Bangladesh,South Asia,SL.UEM.TOTL.ZS,Unemployment Total %,Unemployment,Labor,Percentage,2018,4.439,4.390007692307698,Historical Prediction,Linear Regression,0.39380763076923025,0.5359752278718748,0.12720038384909815
BGD,Bangladesh,South Asia,SL.UEM.TOTL.ZS,Unemployment Total %,Unemployment,Labor,Percentage,2019,4.504,4.418382307692312,Historical Prediction,Linear Regression,0.39380763076923025,0.5359752278718748,0.12720038384909815
BGD,Bangladesh,South Asia,SL.UEM.TOTL.ZS,Unemployment Total %,Unemployment,Labor,Percentage,2020,5.539,4.446756923076926,Historical Prediction,Linear Regression,0.39380763076923025,0.5359752278718748,0.12720038384909815
BGD,Bangladesh,South Asia,SL.UEM.TOTL.ZS,Unemployment Total %,Unemployment,Labor,Percentage,2021,5.457,4.4751315384615395,Historical Prediction,Linear Regression,0.39380763076923025,0.5359752278718748,0.12720038384909815
BGD,Bangladesh,South Asia,SL.UEM.TOTL.ZS,Unemployment Total %,Unemployment,Labor,Percentage,2022,4.593,4.503506153846153,Historical Prediction,Linear Regression,0.39380763076923025,0.5359752278718748,0.12720038384909815
BGD,Bangladesh,South Asia,SL.UEM.TOTL.ZS,Unemployment Total %,Unemployment,Labor,Percentage,2023,3.352,4.531880769230774,Historical Prediction,Linear Regression,0.39380763076923025,0.5359752278718748,0.12720038384909815
BGD,Bangladesh,South Asia,SL.UEM.TOTL.ZS,Unemployment Total %,Unemployment,Labor,Percentage,2024,3.635,4.560255384615388,Historical Prediction,Linear Regression,0.39380763076923025,0.5359752278718748,0.12720038384909815
BGD,Bangladesh,South Asia,SL.UEM.TOTL.ZS,Unemployment Total %,Unemployment,Labor,Percentage,2025,,4.588630000000002,Future Forecast,Linear Regression,0.39380763076923025,0.5359752278718748,0.12720038384909815
BGD,Bangladesh,South Asia,SL.UEM.TOTL.ZS,Unemployment Total %,Unemployment,Labor,Percentage,2026,,4.617004615384616,Future Forecast,Linear Regression,0.39380763076923025,0.5359752278718748,0.12720038384909815
BGD,Bangladesh,South Asia,SL.UEM.TOTL.ZS,Unemployment Total %,Unemployment,Labor,Percentage,2027,,4.64537923076923,Future Forecast,Linear Regression,0.39380763076923025,0.5359752278718748,0.12720038384909815
BGD,Bangladesh,South Asia,SL.UEM.TOTL.ZS,Unemployment Total %,Unemployment,Labor,Percentage,2028,,4.673753846153851,Future Forecast,Linear Regression,0.39380763076923025,0.5359752278718748,0.12720038384909815
BGD,Bangladesh,South Asia,SL.UEM.TOTL.ZS,Unemployment Total %,Unemployment,Labor,Percentage,2029,,4.702128461538464,Future Forecast,Linear Regression,0.39380763076923025,0.5359752278718748,0.12720038384909815
BGD,Bangladesh,South Asia,SP.POP.TOTL,Total Population,Population,Population,People,2000,134544304.0,136433292.24615383,Historical Prediction,Linear Regression,532952.8648615646,668413.8171517529,0.9963164780643771
BGD,Bangladesh,South Asia,SP.POP.TOTL,Total Population,Population,Population,People,2001,136805810.0,137957733.78230762,Historical Prediction,Linear Regression,532952.8648615646,668413.8171517529,0.9963164780643771
BGD,Bangladesh,South Asia,SP.POP.TOTL,Total Population,Population,Population,People,2002,138933658.0,139482175.31846142,Historical Prediction,Linear Regression,532952.8648615646,668413.8171517529,0.9963164780643771
BGD,Bangladesh,South Asia,SP.POP.TOTL,Total Population,Population,Population,People,2003,140970351.0,141006616.8546152,Historical Prediction,Linear Regression,532952.8648615646,668413.8171517529,0.9963164780643771
BGD,Bangladesh,South Asia,SP.POP.TOTL,Total Population,Population,Population,People,2004,142902856.0,142531058.390769,Historical Prediction,Linear Regression,532952.8648615646,668413.8171517529,0.9963164780643771
BGD,Bangladesh,South Asia,SP.POP.TOTL,Total Population,Population,Population,People,2005,144715786.0,144055499.9269228,Historical Prediction,Linear Regression,532952.8648615646,668413.8171517529,0.9963164780643771
BGD,Bangladesh,South Asia,SP.POP.TOTL,Total Population,Population,Population,People,2006,146405973.0,145579941.4630766,Historical Prediction,Linear Regression,532952.8648615646,668413.8171517529,0.9963164780643771
BGD,Bangladesh,South Asia,SP.POP.TOTL,Total Population,Population,Population,People,2007,147989278.0,147104382.99923086,Historical Prediction,Linear Regression,532952.8648615646,668413.8171517529,0.9963164780643771
BGD,Bangladesh,South Asia,SP.POP.TOTL,Total Population,Population,Population,People,2008,149474264.0,148628824.53538465,Historical Prediction,Linear Regression,532952.8648615646,668413.8171517529,0.9963164780643771
BGD,Bangladesh,South Asia,SP.POP.TOTL,Total Population,Population,Population,People,2009,150873714.0,150153266.07153845,Historical Prediction,Linear Regression,532952.8648615646,668413.8171517529,0.9963164780643771
BGD,Bangladesh,South Asia,SP.POP.TOTL,Total Population,Population,Population,People,2010,152201981.0,151677707.60769224,Historical Prediction,Linear Regression,532952.8648615646,668413.8171517529,0.9963164780643771
BGD,Bangladesh,South Asia,SP.POP.TOTL,Total Population,Population,Population,People,2011,153591076.0,153202149.14384604,Historical Prediction,Linear Regression,532952.8648615646,668413.8171517529,0.9963164780643771
BGD,Bangladesh,South Asia,SP.POP.TOTL,Total Population,Population,Population,People,2012,155070101.0,154726590.67999983,Historical Prediction,Linear Regression,532952.8648615646,668413.8171517529,0.9963164780643771
BGD,Bangladesh,South Asia,SP.POP.TOTL,Total Population,Population,Population,People,2013,156532141.0,156251032.21615362,Historical Prediction,Linear Regression,532952.8648615646,668413.8171517529,0.9963164780643771
BGD,Bangladesh,South Asia,SP.POP.TOTL,Total Population,Population,Population,People,2014,157964929.0,157775473.75230742,Historical Prediction,Linear Regression,532952.8648615646,668413.8171517529,0.9963164780643771
BGD,Bangladesh,South Asia,SP.POP.TOTL,Total Population,Population,Population,People,2015,159383179.0,159299915.2884612,Historical Prediction,Linear Regression,532952.8648615646,668413.8171517529,0.9963164780643771
BGD,Bangladesh,South Asia,SP.POP.TOTL,Total Population,Population,Population,People,2016,160811932.0,160824356.824615,Historical Prediction,Linear Regression,532952.8648615646,668413.8171517529,0.9963164780643771
BGD,Bangladesh,South Asia,SP.POP.TOTL,Total Population,Population,Population,People,2017,162186147.0,162348798.36076927,Historical Prediction,Linear Regression,532952.8648615646,668413.8171517529,0.9963164780643771
BGD,Bangladesh,South Asia,SP.POP.TOTL,Total Population,Population,Population,People,2018,163523103.0,163873239.89692307,Historical Prediction,Linear Regression,532952.8648615646,668413.8171517529,0.9963164780643771
BGD,Bangladesh,South Asia,SP.POP.TOTL,Total Population,Population,Population,People,2019,164913055.0,165397681.43307686,Historical Prediction,Linear Regression,532952.8648615646,668413.8171517529,0.9963164780643771
BGD,Bangladesh,South Asia,SP.POP.TOTL,Total Population,Population,Population,People,2020,166298024.0,166922122.96923065,Historical Prediction,Linear Regression,532952.8648615646,668413.8171517529,0.9963164780643771
BGD,Bangladesh,South Asia,SP.POP.TOTL,Total Population,Population,Population,People,2021,167658854.0,168446564.50538445,Historical Prediction,Linear Regression,532952.8648615646,668413.8171517529,0.9963164780643771
BGD,Bangladesh,South Asia,SP.POP.TOTL,Total Population,Population,Population,People,2022,169384897.0,169971006.04153824,Historical Prediction,Linear Regression,532952.8648615646,668413.8171517529,0.9963164780643771
BGD,Bangladesh,South Asia,SP.POP.TOTL,Total Population,Population,Population,People,2023,171466990.0,171495447.57769203,Historical Prediction,Linear Regression,532952.8648615646,668413.8171517529,0.9963164780643771
BGD,Bangladesh,South Asia,SP.POP.TOTL,Total Population,Population,Population,People,2024,173562364.0,173019889.11384583,Historical Prediction,Linear Regression,532952.8648615646,668413.8171517529,0.9963164780643771
BGD,Bangladesh,South Asia,SP.POP.TOTL,Total Population,Population,Population,People,2025,,174544330.64999962,Future Forecast,Linear Regression,532952.8648615646,668413.8171517529,0.9963164780643771
BGD,Bangladesh,South Asia,SP.POP.TOTL,Total Population,Population,Population,People,2026,,176068772.1861539,Future Forecast,Linear Regression,532952.8648615646,668413.8171517529,0.9963164780643771
BGD,Bangladesh,South Asia,SP.POP.TOTL,Total Population,Population,Population,People,2027,,177593213.72230768,Future Forecast,Linear Regression,532952.8648615646,668413.8171517529,0.9963164780643771
BGD,Bangladesh,South Asia,SP.POP.TOTL,Total Population,Population,Population,People,2028,,179117655.25846148,Future Forecast,Linear Regression,532952.8648615646,668413.8171517529,0.9963164780643771
BGD,Bangladesh,South Asia,SP.POP.TOTL,Total Population,Population,Population,People,2029,,180642096.79461527,Future Forecast,Linear Regression,532952.8648615646,668413.8171517529,0.9963164780643771
CHN,China,East Asia,FP.CPI.TOTL.ZG,Inflation Annual %,Inflation,Economy,Percentage,2000,0.347811226864586,2.135588024838416,Historical Prediction,Linear Regression,1.2675618995280826,1.6773640797382656,0.001772094447928585
CHN,China,East Asia,FP.CPI.TOTL.ZG,Inflation Annual %,Inflation,Economy,Percentage,2001,0.719125609120113,2.125787389147469,Historical Prediction,Linear Regression,1.2675618995280826,1.6773640797382656,0.001772094447928585
CHN,China,East Asia,FP.CPI.TOTL.ZG,Inflation Annual %,Inflation,Economy,Percentage,2002,-0.731970902350243,2.115986753456518,Historical Prediction,Linear Regression,1.2675618995280826,1.6773640797382656,0.001772094447928585
CHN,China,East Asia,FP.CPI.TOTL.ZG,Inflation Annual %,Inflation,Economy,Percentage,2003,1.12760348729637,2.106186117765567,Historical Prediction,Linear Regression,1.2675618995280826,1.6773640797382656,0.001772094447928585
CHN,China,East Asia,FP.CPI.TOTL.ZG,Inflation Annual %,Inflation,Economy,Percentage,2004,3.82463743108159,2.09638548207462,Historical Prediction,Linear Regression,1.2675618995280826,1.6773640797382656,0.001772094447928585
CHN,China,East Asia,FP.CPI.TOTL.ZG,Inflation Annual %,Inflation,Economy,Percentage,2005,1.7764140766757,2.086584846383669,Historical Prediction,Linear Regression,1.2675618995280826,1.6773640797382656,0.001772094447928585
CHN,China,East Asia,FP.CPI.TOTL.ZG,Inflation Annual %,Inflation,Economy,Percentage,2006,1.64943099455859,2.0767842106927183,Historical Prediction,Linear Regression,1.2675618995280826,1.6773640797382656,0.001772094447928585
CHN,China,East Asia,FP.CPI.TOTL.ZG,Inflation Annual %,Inflation,Economy,Percentage,2007,4.81676767378834,2.0669835750017675,Historical Prediction,Linear Regression,1.2675618995280826,1.6773640797382656,0.001772094447928585
CHN,China,East Asia,FP.CPI.TOTL.ZG,Inflation Annual %,Inflation,Economy,Percentage,2008,5.92525137041091,2.0571829393108203,Historical Prediction,Linear Regression,1.2675618995280826,1.6773640797382656,0.001772094447928585
CHN,China,East Asia,FP.CPI.TOTL.ZG,Inflation Annual %,Inflation,Economy,Percentage,2009,-0.728165250932898,2.0473823036198695,Historical Prediction,Linear Regression,1.2675618995280826,1.6773640797382656,0.001772094447928585
CHN,China,East Asia,FP.CPI.TOTL.ZG,Inflation Annual %,Inflation,Economy,Percentage,2010,3.17532475269199,2.0375816679289187,Historical Prediction,Linear Regression,1.2675618995280826,1.6773640797382656,0.001772094447928585
CHN,China,East Asia,FP.CPI.TOTL.ZG,Inflation Annual %,Inflation,Economy,Percentage,2011,5.55389892257493,2.0277810322379715,Historical Prediction,Linear Regression,1.2675618995280826,1.6773640797382656,0.001772094447928585
CHN,China,East Asia,FP.CPI.TOTL.ZG,Inflation Annual %,Inflation,Economy,Percentage,2012,2.6195243264554,2.0179803965470207,Historical Prediction,Linear Regression,1.2675618995280826,1.6773640797382656,0.001772094447928585
CHN,China,East Asia,FP.CPI.TOTL.ZG,Inflation Annual %,Inflation,Economy,Percentage,2013,2.62105001748114,2.00817976085607,Historical Prediction,Linear Regression,1.2675618995280826,1.6773640797382656,0.001772094447928585
CHN,China,East Asia,FP.CPI.TOTL.ZG,Inflation Annual %,Inflation,Economy,Percentage,2014,1.9216416278852,1.998379125165119,Historical Prediction,Linear Regression,1.2675618995280826,1.6773640797382656,0.001772094447928585
CHN,China,East Asia,FP.CPI.TOTL.ZG,Inflation Annual %,Inflation,Economy,Percentage,2015,1.43702380935654,1.9885784894741718,Historical Prediction,Linear Regression,1.2675618995280826,1.6773640797382656,0.001772094447928585
CHN,China,East Asia,FP.CPI.TOTL.ZG,Inflation Annual %,Inflation,Economy,Percentage,2016,2.00000182191943,1.978777853783221,Historical Prediction,Linear Regression,1.2675618995280826,1.6773640797382656,0.001772094447928585
CHN,China,East Asia,FP.CPI.TOTL.ZG,Inflation Annual %,Inflation,Economy,Percentage,2017,1.59313600071435,1.9689772180922702,Historical Prediction,Linear Regression,1.2675618995280826,1.6773640797382656,0.001772094447928585
CHN,China,East Asia,FP.CPI.TOTL.ZG,Inflation Annual %,Inflation,Economy,Percentage,2018,2.07479039965576,1.9591765824013194,Historical Prediction,Linear Regression,1.2675618995280826,1.6773640797382656,0.001772094447928585
CHN,China,East Asia,FP.CPI.TOTL.ZG,Inflation Annual %,Inflation,Economy,Percentage,2019,2.89923416358226,1.9493759467103722,Historical Prediction,Linear Regression,1.2675618995280826,1.6773640797382656,0.001772094447928585
CHN,China,East Asia,FP.CPI.TOTL.ZG,Inflation Annual %,Inflation,Economy,Percentage,2020,2.41942189457782,1.9395753110194214,Historical Prediction,Linear Regression,1.2675618995280826,1.6773640797382656,0.001772094447928585
CHN,China,East Asia,FP.CPI.TOTL.ZG,Inflation Annual %,Inflation,Economy,Percentage,2021,0.981015135544881,1.9297746753284706,Historical Prediction,Linear Regression,1.2675618995280826,1.6773640797382656,0.001772094447928585
CHN,China,East Asia,FP.CPI.TOTL.ZG,Inflation Annual %,Inflation,Economy,Percentage,2022,1.9735755573905,1.9199740396375233,Historical Prediction,Linear Regression,1.2675618995280826,1.6773640797382656,0.001772094447928585
CHN,China,East Asia,FP.CPI.TOTL.ZG,Inflation Annual %,Inflation,Economy,Percentage,2023,0.23483682889305,1.9101734039465725,Historical Prediction,Linear Regression,1.2675618995280826,1.6773640797382656,0.001772094447928585
CHN,China,East Asia,FP.CPI.TOTL.ZG,Inflation Annual %,Inflation,Economy,Percentage,2024,0.218128938439177,1.9003727682556217,Historical Prediction,Linear Regression,1.2675618995280826,1.6773640797382656,0.001772094447928585
CHN,China,East Asia,FP.CPI.TOTL.ZG,Inflation Annual %,Inflation,Economy,Percentage,2025,,1.890572132564671,Future Forecast,Linear Regression,1.2675618995280826,1.6773640797382656,0.001772094447928585
CHN,China,East Asia,FP.CPI.TOTL.ZG,Inflation Annual %,Inflation,Economy,Percentage,2026,,1.8807714968737237,Future Forecast,Linear Regression,1.2675618995280826,1.6773640797382656,0.001772094447928585
CHN,China,East Asia,FP.CPI.TOTL.ZG,Inflation Annual %,Inflation,Economy,Percentage,2027,,1.870970861182773,Future Forecast,Linear Regression,1.2675618995280826,1.6773640797382656,0.001772094447928585
CHN,China,East Asia,FP.CPI.TOTL.ZG,Inflation Annual %,Inflation,Economy,Percentage,2028,,1.861170225491822,Future Forecast,Linear Regression,1.2675618995280826,1.6773640797382656,0.001772094447928585
CHN,China,East Asia,FP.CPI.TOTL.ZG,Inflation Annual %,Inflation,Economy,Percentage,2029,,1.8513695898008748,Future Forecast,Linear Regression,1.2675618995280826,1.6773640797382656,0.001772094447928585
CHN,China,East Asia,NE.EXP.GNFS.ZS,Exports of Goods and Services % of GDP,Exports % GDP,Trade,Percentage,2000,20.681599363293,29.125064222721562,Historical Prediction,Linear Regression,3.279775145849892,4.393850990620184,0.3322251657315356
CHN,China,East Asia,NE.EXP.GNFS.ZS,Exports of Goods and Services % of GDP,Exports % GDP,Trade,Percentage,2001,20.0776873829946,28.695285518671767,Historical Prediction,Linear Regression,3.279775145849892,4.393850990620184,0.3322251657315356
CHN,China,East Asia,NE.EXP.GNFS.ZS,Exports of Goods and Services % of GDP,Exports % GDP,Trade,Percentage,2002,22.3518233715808,28.265506814621972,Historical Prediction,Linear Regression,3.279775145849892,4.393850990620184,0.3322251657315356
CHN,China,East Asia,NE.EXP.GNFS.ZS,Exports of Goods and Services % of GDP,Exports % GDP,Trade,Percentage,2003,26.6023738514511,27.835728110572177,Historical Prediction,Linear Regression,3.279775145849892,4.393850990620184,0.3322251657315356
CHN,China,East Asia,NE.EXP.GNFS.ZS,Exports of Goods and Services % of GDP,Exports % GDP,Trade,Percentage,2004,30.6097162464404,27.40594940652238,Historical Prediction,Linear Regression,3.279775145849892,4.393850990620184,0.3322251657315356
CHN,China,East Asia,NE.EXP.GNFS.ZS,Exports of Goods and Services % of GDP,Exports % GDP,Trade,Percentage,2005,33.3687977498922,26.976170702472587,Historical Prediction,Linear Regression,3.279775145849892,4.393850990620184,0.3322251657315356
CHN,China,East Asia,NE.EXP.GNFS.ZS,Exports of Goods and Services % of GDP,Exports % GDP,Trade,Percentage,2006,35.5268468681701,26.54639199842279,Historical Prediction,Linear Regression,3.279775145849892,4.393850990620184,0.3322251657315356
CHN,China,East Asia,NE.EXP.GNFS.ZS,Exports of Goods and Services % of GDP,Exports % GDP,Trade,Percentage,2007,34.9066956194649,26.116613294372996,Historical Prediction,Linear Regression,3.279775145849892,4.393850990620184,0.3322251657315356
CHN,China,East Asia,NE.EXP.GNFS.ZS,Exports of Goods and Services % of GDP,Exports % GDP,Trade,Percentage,2008,32.092513602143,25.686834590323087,Historical Prediction,Linear Regression,3.279775145849892,4.393850990620184,0.3322251657315356
CHN,China,East Asia,NE.EXP.GNFS.ZS,Exports of Goods and Services % of GDP,Exports % GDP,Trade,Percentage,2009,24.3307718125403,25.257055886273292,Historical Prediction,Linear Regression,3.279775145849892,4.393850990620184,0.3322251657315356
CHN,China,East Asia,NE.EXP.GNFS.ZS,Exports of Goods and Services % of GDP,Exports % GDP,Trade,Percentage,2010,26.7227451502469,24.827277182223497,Historical Prediction,Linear Regression,3.279775145849892,4.393850990620184,0.3322251657315356
CHN,China,East Asia,NE.EXP.GNFS.ZS,Exports of Goods and Services % of GDP,Exports % GDP,Trade,Percentage,2011,26.1518828948759,24.397498478173702,Historical Prediction,Linear Regression,3.279775145849892,4.393850990620184,0.3322251657315356
CHN,China,East Asia,NE.EXP.GNFS.ZS,Exports of Goods and Services % of GDP,Exports % GDP,Trade,Percentage,2012,25.07670432956,23.967719774123907,Historical Prediction,Linear Regression,3.279775145849892,4.393850990620184,0.3322251657315356
CHN,China,East Asia,NE.EXP.GNFS.ZS,Exports of Goods and Services % of GDP,Exports % GDP,Trade,Percentage,2013,24.1633430905854,23.537941070074112,Historical Prediction,Linear Regression,3.279775145849892,4.393850990620184,0.3322251657315356
CHN,China,East Asia,NE.EXP.GNFS.ZS,Exports of Goods and Services % of GDP,Exports % GDP,Trade,Percentage,2014,23.0719766947263,23.108162366024317,Historical Prediction,Linear Regression,3.279775145849892,4.393850990620184,0.3322251657315356
CHN,China,East Asia,NE.EXP.GNFS.ZS,Exports of Goods and Services % of GDP,Exports % GDP,Trade,Percentage,2015,20.9390642234326,22.67838366197452,Historical Prediction,Linear Regression,3.279775145849892,4.393850990620184,0.3322251657315356
CHN,China,East Asia,NE.EXP.GNFS.ZS,Exports of Goods and Services % of GDP,Exports % GDP,Trade,Percentage,2016,19.2036507365412,22.248604957924726,Historical Prediction,Linear Regression,3.279775145849892,4.393850990620184,0.3322251657315356
CHN,China,East Asia,NE.EXP.GNFS.ZS,Exports of Goods and Services % of GDP,Exports % GDP,Trade,Percentage,2017,19.3356301657728,21.81882625387493,Historical Prediction,Linear Regression,3.279775145849892,4.393850990620184,0.3322251657315356
CHN,China,East Asia,NE.EXP.GNFS.ZS,Exports of Goods and Services % of GDP,Exports % GDP,Trade,Percentage,2018,18.770519802938,21.389047549825136,Historical Prediction,Linear Regression,3.279775145849892,4.393850990620184,0.3322251657315356
CHN,China,East Asia,NE.EXP.GNFS.ZS,Exports of Goods and Services % of GDP,Exports % GDP,Trade,Percentage,2019,18.0557069597496,20.95926884577534,Historical Prediction,Linear Regression,3.279775145849892,4.393850990620184,0.3322251657315356
CHN,China,East Asia,NE.EXP.GNFS.ZS,Exports of Goods and Services % of GDP,Exports % GDP,Trade,Percentage,2020,18.2035821684822,20.529490141725432,Historical Prediction,Linear Regression,3.279775145849892,4.393850990620184,0.3322251657315356
CHN,China,East Asia,NE.EXP.GNFS.ZS,Exports of Goods and Services % of GDP,Exports % GDP,Trade,Percentage,2021,19.5262422245091,20.099711437675637,Historical Prediction,Linear Regression,3.279775145849892,4.393850990620184,0.3322251657315356
CHN,China,East Asia,NE.EXP.GNFS.ZS,Exports of Goods and Services % of GDP,Exports % GDP,Trade,Percentage,2022,20.2977316914005,19.669932733625842,Historical Prediction,Linear Regression,3.279775145849892,4.393850990620184,0.3322251657315356
CHN,China,East Asia,NE.EXP.GNFS.ZS,Exports of Goods and Services % of GDP,Exports % GDP,Trade,Percentage,2023,19.102471716101,19.240154029576047,Historical Prediction,Linear Regression,3.279775145849892,4.393850990620184,0.3322251657315356
CHN,China,East Asia,NE.EXP.GNFS.ZS,Exports of Goods and Services % of GDP,Exports % GDP,Trade,Percentage,2024,20.0229166362049,18.810375325526252,Historical Prediction,Linear Regression,3.279775145849892,4.393850990620184,0.3322251657315356
CHN,China,East Asia,NE.EXP.GNFS.ZS,Exports of Goods and Services % of GDP,Exports % GDP,Trade,Percentage,2025,,18.380596621476457,Future Forecast,Linear Regression,3.279775145849892,4.393850990620184,0.3322251657315356
CHN,China,East Asia,NE.EXP.GNFS.ZS,Exports of Goods and Services % of GDP,Exports % GDP,Trade,Percentage,2026,,17.95081791742666,Future Forecast,Linear Regression,3.279775145849892,4.393850990620184,0.3322251657315356
CHN,China,East Asia,NE.EXP.GNFS.ZS,Exports of Goods and Services % of GDP,Exports % GDP,Trade,Percentage,2027,,17.521039213376866,Future Forecast,Linear Regression,3.279775145849892,4.393850990620184,0.3322251657315356
CHN,China,East Asia,NE.EXP.GNFS.ZS,Exports of Goods and Services % of GDP,Exports % GDP,Trade,Percentage,2028,,17.09126050932707,Future Forecast,Linear Regression,3.279775145849892,4.393850990620184,0.3322251657315356
CHN,China,East Asia,NE.EXP.GNFS.ZS,Exports of Goods and Services % of GDP,Exports % GDP,Trade,Percentage,2029,,16.661481805277276,Future Forecast,Linear Regression,3.279775145849892,4.393850990620184,0.3322251657315356
CHN,China,East Asia,NV.AGR.TOTL.ZS,Agriculture Value Added % of GDP,Agriculture % GDP,Agriculture,Percentage,2000,14.5272519499825,13.068577234574036,Historical Prediction,Linear Regression,0.6206674835111166,0.7018784191123203,0.9076535070873933
CHN,China,East Asia,NV.AGR.TOTL.ZS,Agriculture Value Added % of GDP,Agriculture % GDP,Agriculture,Percentage,2001,13.8221069560341,12.763429563933641,Historical Prediction,Linear Regression,0.6206674835111166,0.7018784191123203,0.9076535070873933
CHN,China,East Asia,NV.AGR.TOTL.ZS,Agriculture Value Added % of GDP,Agriculture % GDP,Agriculture,Percentage,2002,13.1294938258189,12.458281893293133,Historical Prediction,Linear Regression,0.6206674835111166,0.7018784191123203,0.9076535070873933
CHN,China,East Asia,NV.AGR.TOTL.ZS,Agriculture Value Added % of GDP,Agriculture % GDP,Agriculture,Percentage,2003,12.1757600914927,12.153134222652739,Historical Prediction,Linear Regression,0.6206674835111166,0.7018784191123203,0.9076535070873933
CHN,China,East Asia,NV.AGR.TOTL.ZS,Agriculture Value Added % of GDP,Agriculture % GDP,Agriculture,Percentage,2004,12.7288429360401,11.84798655201223,Historical Prediction,Linear Regression,0.6206674835111166,0.7018784191123203,0.9076535070873933
CHN,China,East Asia,NV.AGR.TOTL.ZS,Agriculture Value Added % of GDP,Agriculture % GDP,Agriculture,Percentage,2005,11.4828123533826,11.542838881371836,Historical Prediction,Linear Regression,0.6206674835111166,0.7018784191123203,0.9076535070873933
CHN,China,East Asia,NV.AGR.TOTL.ZS,Agriculture Value Added % of GDP,Agriculture % GDP,Agriculture,Percentage,2006,10.4758623658001,11.237691210731441,Historical Prediction,Linear Regression,0.6206674835111166,0.7018784191123203,0.9076535070873933
CHN,China,East Asia,NV.AGR.TOTL.ZS,Agriculture Value Added % of GDP,Agriculture % GDP,Agriculture,Percentage,2007,10.0934194559262,10.932543540090933,Historical Prediction,Linear Regression,0.6206674835111166,0.7018784191123203,0.9076535070873933
CHN,China,East Asia,NV.AGR.TOTL.ZS,Agriculture Value Added % of GDP,Agriculture % GDP,Agriculture,Percentage,2008,10.0099770734138,10.627395869450538,Historical Prediction,Linear Regression,0.6206674835111166,0.7018784191123203,0.9076535070873933
CHN,China,East Asia,NV.AGR.TOTL.ZS,Agriculture Value Added % of GDP,Agriculture % GDP,Agriculture,Percentage,2009,9.47299581661597,10.32224819881003,Historical Prediction,Linear Regression,0.6206674835111166,0.7018784191123203,0.9076535070873933
CHN,China,East Asia,NV.AGR.TOTL.ZS,Agriculture Value Added % of GDP,Agriculture % GDP,Agriculture,Percentage,2010,9.16649906130733,10.017100528169635,Historical Prediction,Linear Regression,0.6206674835111166,0.7018784191123203,0.9076535070873933
CHN,China,East Asia,NV.AGR.TOTL.ZS,Agriculture Value Added % of GDP,Agriculture % GDP,Agriculture,Percentage,2011,9.0338458593332,9.71195285752924,Historical Prediction,Linear Regression,0.6206674835111166,0.7018784191123203,0.9076535070873933
CHN,China,East Asia,NV.AGR.TOTL.ZS,Agriculture Value Added % of GDP,Agriculture % GDP,Agriculture,Percentage,2012,8.96505673533992,9.406805186888732,Historical Prediction,Linear Regression,0.6206674835111166,0.7018784191123203,0.9076535070873933
CHN,China,East Asia,NV.AGR.TOTL.ZS,Agriculture Value Added % of GDP,Agriculture % GDP,Agriculture,Percentage,2013,8.78442131602471,9.101657516248338,Historical Prediction,Linear Regression,0.6206674835111166,0.7018784191123203,0.9076535070873933
CHN,China,East Asia,NV.AGR.TOTL.ZS,Agriculture Value Added % of GDP,Agriculture % GDP,Agriculture,Percentage,2014,8.48242940933654,8.79650984560783,Historical Prediction,Linear Regression,0.6206674835111166,0.7018784191123203,0.9076535070873933
CHN,China,East Asia,NV.AGR.TOTL.ZS,Agriculture Value Added % of GDP,Agriculture % GDP,Agriculture,Percentage,2015,8.22401359479525,8.491362174967435,Historical Prediction,Linear Regression,0.6206674835111166,0.7018784191123203,0.9076535070873933
CHN,China,East Asia,NV.AGR.TOTL.ZS,Agriculture Value Added % of GDP,Agriculture % GDP,Agriculture,Percentage,2016,7.90065017505416,8.186214504326927,Historical Prediction,Linear Regression,0.6206674835111166,0.7018784191123203,0.9076535070873933
CHN,China,East Asia,NV.AGR.TOTL.ZS,Agriculture Value Added % of GDP,Agriculture % GDP,Agriculture,Percentage,2017,7.32839239286042,7.881066833686532,Historical Prediction,Linear Regression,0.6206674835111166,0.7018784191123203,0.9076535070873933
CHN,China,East Asia,NV.AGR.TOTL.ZS,Agriculture Value Added % of GDP,Agriculture % GDP,Agriculture,Percentage,2018,6.91714289236836,7.575919163046137,Historical Prediction,Linear Regression,0.6206674835111166,0.7018784191123203,0.9076535070873933
CHN,China,East Asia,NV.AGR.TOTL.ZS,Agriculture Value Added % of GDP,Agriculture % GDP,Agriculture,Percentage,2019,7.00621575788341,7.270771492405629,Historical Prediction,Linear Regression,0.6206674835111166,0.7018784191123203,0.9076535070873933
CHN,China,East Asia,NV.AGR.TOTL.ZS,Agriculture Value Added % of GDP,Agriculture % GDP,Agriculture,Percentage,2020,7.54018198521241,6.965623821765234,Historical Prediction,Linear Regression,0.6206674835111166,0.7018784191123203,0.9076535070873933
CHN,China,East Asia,NV.AGR.TOTL.ZS,Agriculture Value Added % of GDP,Agriculture % GDP,Agriculture,Percentage,2021,7.08935251618004,6.660476151124726,Historical Prediction,Linear Regression,0.6206674835111166,0.7018784191123203,0.9076535070873933
CHN,China,East Asia,NV.AGR.TOTL.ZS,Agriculture Value Added % of GDP,Agriculture % GDP,Agriculture,Percentage,2022,7.14788692830171,6.3553284804843315,Historical Prediction,Linear Regression,0.6206674835111166,0.7018784191123203,0.9076535070873933
CHN,China,East Asia,NV.AGR.TOTL.ZS,Agriculture Value Added % of GDP,Agriculture % GDP,Agriculture,Percentage,2023,6.88951941080068,6.050180809843823,Historical Prediction,Linear Regression,0.6206674835111166,0.7018784191123203,0.9076535070873933
CHN,China,East Asia,NV.AGR.TOTL.ZS,Agriculture Value Added % of GDP,Agriculture % GDP,Agriculture,Percentage,2024,6.77599881291286,5.745033139203429,Historical Prediction,Linear Regression,0.6206674835111166,0.7018784191123203,0.9076535070873933
CHN,China,East Asia,NV.AGR.TOTL.ZS,Agriculture Value Added % of GDP,Agriculture % GDP,Agriculture,Percentage,2025,,5.439885468563034,Future Forecast,Linear Regression,0.6206674835111166,0.7018784191123203,0.9076535070873933
CHN,China,East Asia,NV.AGR.TOTL.ZS,Agriculture Value Added % of GDP,Agriculture % GDP,Agriculture,Percentage,2026,,5.134737797922526,Future Forecast,Linear Regression,0.6206674835111166,0.7018784191123203,0.9076535070873933
CHN,China,East Asia,NV.AGR.TOTL.ZS,Agriculture Value Added % of GDP,Agriculture % GDP,Agriculture,Percentage,2027,,4.829590127282131,Future Forecast,Linear Regression,0.6206674835111166,0.7018784191123203,0.9076535070873933
CHN,China,East Asia,NV.AGR.TOTL.ZS,Agriculture Value Added % of GDP,Agriculture % GDP,Agriculture,Percentage,2028,,4.524442456641623,Future Forecast,Linear Regression,0.6206674835111166,0.7018784191123203,0.9076535070873933
CHN,China,East Asia,NV.AGR.TOTL.ZS,Agriculture Value Added % of GDP,Agriculture % GDP,Agriculture,Percentage,2029,,4.219294786001228,Future Forecast,Linear Regression,0.6206674835111166,0.7018784191123203,0.9076535070873933
CHN,China,East Asia,NY.GDP.MKTP.CD,GDP Current US$,GDP,Economy,US Dollars,2000,1223754919971.05,-1027236794993.75,Historical Prediction,Linear Regression,709744389629.47,924163534709.0746,0.9764285676284148
CHN,China,East Asia,NY.GDP.MKTP.CD,GDP Current US$,GDP,Economy,US Dollars,2001,1355036590251.52,-202387879045.25,Historical Prediction,Linear Regression,709744389629.47,924163534709.0746,0.9764285676284148
CHN,China,East Asia,NY.GDP.MKTP.CD,GDP Current US$,GDP,Economy,US Dollars,2002,1489821682050.54,622461036903.25,Historical Prediction,Linear Regression,709744389629.47,924163534709.0746,0.9764285676284148
CHN,China,East Asia,NY.GDP.MKTP.CD,GDP Current US$,GDP,Economy,US Dollars,2003,1683903309843.85,1447309952851.5,Historical Prediction,Linear Regression,709744389629.47,924163534709.0746,0.9764285676284148
CHN,China,East Asia,NY.GDP.MKTP.CD,GDP Current US$,GDP,Economy,US Dollars,2004,1984196551300.44,2272158868800.0,Historical Prediction,Linear Regression,709744389629.47,924163534709.0746,0.9764285676284148
CHN,China,East Asia,NY.GDP.MKTP.CD,GDP Current US$,GDP,Economy,US Dollars,2005,2317551298052.05,3097007784748.25,Historical Prediction,Linear Regression,709744389629.47,924163534709.0746,0.9764285676284148
CHN,China,East Asia,NY.GDP.MKTP.CD,GDP Current US$,GDP,Economy,US Dollars,2006,2791498472804.33,3921856700696.75,Historical Prediction,Linear Regression,709744389629.47,924163534709.0746,0.9764285676284148
CHN,China,East Asia,NY.GDP.MKTP.CD,GDP Current US$,GDP,Economy,US Dollars,2007,3604055822571.63,4746705616645.0,Historical Prediction,Linear Regression,709744389629.47,924163534709.0746,0.9764285676284148
CHN,China,East Asia,NY.GDP.MKTP.CD,GDP Current US$,GDP,Economy,US Dollars,2008,4667346414521.95,5571554532593.5,Historical Prediction,Linear Regression,709744389629.47,924163534709.0746,0.9764285676284148
CHN,China,East Asia,NY.GDP.MKTP.CD,GDP Current US$,GDP,Economy,US Dollars,2009,5189577094997.58,6396403448541.75,Historical Prediction,Linear Regression,709744389629.47,924163534709.0746,0.9764285676284148
CHN,China,East Asia,NY.GDP.MKTP.CD,GDP Current US$,GDP,Economy,US Dollars,2010,6192564874453.29,7221252364490.25,Historical Prediction,Linear Regression,709744389629.47,924163534709.0746,0.9764285676284148
CHN,China,East Asia,NY.GDP.MKTP.CD,GDP Current US$,GDP,Economy,US Dollars,2011,7671757207851.29,8046101280438.5,Historical Prediction,Linear Regression,709744389629.47,924163534709.0746,0.9764285676284148
CHN,China,East Asia,NY.GDP.MKTP.CD,GDP Current US$,GDP,Economy,US Dollars,2012,8673664713189.24,8870950196387.0,Historical Prediction,Linear Regression,709744389629.47,924163534709.0746,0.9764285676284148
CHN,China,East Asia,NY.GDP.MKTP.CD,GDP Current US$,GDP,Economy,US Dollars,2013,9743124247267.24,9695799112335.25,Historical Prediction,Linear Regression,709744389629.47,924163534709.0746,0.9764285676284148
CHN,China,East Asia,NY.GDP.MKTP.CD,GDP Current US$,GDP,Economy,US Dollars,2014,10674533168257.4,10520648028283.75,Historical Prediction,Linear Regression,709744389629.47,924163534709.0746,0.9764285676284148
CHN,China,East Asia,NY.GDP.MKTP.CD,GDP Current US$,GDP,Economy,US Dollars,2015,11280814787468.9,11345496944232.0,Historical Prediction,Linear Regression,709744389629.47,924163534709.0746,0.9764285676284148
CHN,China,East Asia,NY.GDP.MKTP.CD,GDP Current US$,GDP,Economy,US Dollars,2016,11456024084962.0,12170345860180.5,Historical Prediction,Linear Regression,709744389629.47,924163534709.0746,0.9764285676284148
CHN,China,East Asia,NY.GDP.MKTP.CD,GDP Current US$,GDP,Economy,US Dollars,2017,12537559062282.9,12995194776129.0,Historical Prediction,Linear Regression,709744389629.47,924163534709.0746,0.9764285676284148
CHN,China,East Asia,NY.GDP.MKTP.CD,GDP Current US$,GDP,Economy,US Dollars,2018,14147765772963.8,13820043692077.25,Historical Prediction,Linear Regression,709744389629.47,924163534709.0746,0.9764285676284148
CHN,China,East Asia,NY.GDP.MKTP.CD,GDP Current US$,GDP,Economy,US Dollars,2019,14560167101283.4,14644892608025.75,Historical Prediction,Linear Regression,709744389629.47,924163534709.0746,0.9764285676284148
CHN,China,East Asia,NY.GDP.MKTP.CD,GDP Current US$,GDP,Economy,US Dollars,2020,14996414166715.1,15469741523974.0,Historical Prediction,Linear Regression,709744389629.47,924163534709.0746,0.9764285676284148
CHN,China,East Asia,NY.GDP.MKTP.CD,GDP Current US$,GDP,Economy,US Dollars,2021,18201698719564.0,16294590439922.5,Historical Prediction,Linear Regression,709744389629.47,924163534709.0746,0.9764285676284148
CHN,China,East Asia,NY.GDP.MKTP.CD,GDP Current US$,GDP,Economy,US Dollars,2022,18316765021690.2,17119439355870.75,Historical Prediction,Linear Regression,709744389629.47,924163534709.0746,0.9764285676284148
CHN,China,East Asia,NY.GDP.MKTP.CD,GDP Current US$,GDP,Economy,US Dollars,2023,18270356654533.2,17944288271819.25,Historical Prediction,Linear Regression,709744389629.47,924163534709.0746,0.9764285676284148
CHN,China,East Asia,NY.GDP.MKTP.CD,GDP Current US$,GDP,Economy,US Dollars,2024,18743803170827.2,18769137187767.5,Historical Prediction,Linear Regression,709744389629.47,924163534709.0746,0.9764285676284148
CHN,China,East Asia,NY.GDP.MKTP.CD,GDP Current US$,GDP,Economy,US Dollars,2025,,19593986103716.0,Future Forecast,Linear Regression,709744389629.47,924163534709.0746,0.9764285676284148
CHN,China,East Asia,NY.GDP.MKTP.CD,GDP Current US$,GDP,Economy,US Dollars,2026,,20418835019664.25,Future Forecast,Linear Regression,709744389629.47,924163534709.0746,0.9764285676284148
CHN,China,East Asia,NY.GDP.MKTP.CD,GDP Current US$,GDP,Economy,US Dollars,2027,,21243683935612.75,Future Forecast,Linear Regression,709744389629.47,924163534709.0746,0.9764285676284148
CHN,China,East Asia,NY.GDP.MKTP.CD,GDP Current US$,GDP,Economy,US Dollars,2028,,22068532851561.0,Future Forecast,Linear Regression,709744389629.47,924163534709.0746,0.9764285676284148
CHN,China,East Asia,NY.GDP.MKTP.CD,GDP Current US$,GDP,Economy,US Dollars,2029,,22893381767509.5,Future Forecast,Linear Regression,709744389629.47,924163534709.0746,0.9764285676284148
CHN,China,East Asia,NY.GDP.PCAP.CD,GDP Per Capita Current US$,GDP per Capita,Economy,US Dollars,2000,969.199513696287,-530.016401299974,Historical Prediction,Linear Regression,476.17392828898323,615.4702088402104,0.9787070716723947
CHN,China,East Asia,NY.GDP.PCAP.CD,GDP Per Capita Current US$,GDP per Capita,Economy,US Dollars,2001,1065.40597574519,48.63103251159191,Historical Prediction,Linear Regression,476.17392828898323,615.4702088402104,0.9787070716723947
CHN,China,East Asia,NY.GDP.PCAP.CD,GDP Per Capita Current US$,GDP per Capita,Economy,US Dollars,2002,1163.55957673426,627.2784663229249,Historical Prediction,Linear Regression,476.17392828898323,615.4702088402104,0.9787070716723947
CHN,China,East Asia,NY.GDP.PCAP.CD,GDP Per Capita Current US$,GDP per Capita,Economy,US Dollars,2003,1306.97245408557,1205.9259001344908,Historical Prediction,Linear Regression,476.17392828898323,615.4702088402104,0.9787070716723947
CHN,China,East Asia,NY.GDP.PCAP.CD,GDP Per Capita Current US$,GDP per Capita,Economy,US Dollars,2004,1530.92726215723,1784.5733339458238,Historical Prediction,Linear Regression,476.17392828898323,615.4702088402104,0.9787070716723947
CHN,China,East Asia,NY.GDP.PCAP.CD,GDP Per Capita Current US$,GDP per Capita,Economy,US Dollars,2005,1777.64496828464,2363.220767757157,Historical Prediction,Linear Regression,476.17392828898323,615.4702088402104,0.9787070716723947
CHN,China,East Asia,NY.GDP.PCAP.CD,GDP Per Capita Current US$,GDP per Capita,Economy,US Dollars,2006,2129.25696999613,2941.8682015687227,Historical Prediction,Linear Regression,476.17392828898323,615.4702088402104,0.9787070716723947
CHN,China,East Asia,NY.GDP.PCAP.CD,GDP Per Capita Current US$,GDP per Capita,Economy,US Dollars,2007,2734.72709877693,3520.5156353800558,Historical Prediction,Linear Regression,476.17392828898323,615.4702088402104,0.9787070716723947
CHN,China,East Asia,NY.GDP.PCAP.CD,GDP Per Capita Current US$,GDP per Capita,Economy,US Dollars,2008,3523.44302065213,4099.163069191389,Historical Prediction,Linear Regression,476.17392828898323,615.4702088402104,0.9787070716723947
CHN,China,East Asia,NY.GDP.PCAP.CD,GDP Per Capita Current US$,GDP per Capita,Economy,US Dollars,2009,3898.24459158811,4677.810503002955,Historical Prediction,Linear Regression,476.17392828898323,615.4702088402104,0.9787070716723947
CHN,China,East Asia,NY.GDP.PCAP.CD,GDP Per Capita Current US$,GDP per Capita,Economy,US Dollars,2010,4629.24551710077,5256.457936814288,Historical Prediction,Linear Regression,476.17392828898323,615.4702088402104,0.9787070716723947
CHN,China,East Asia,NY.GDP.PCAP.CD,GDP Per Capita Current US$,GDP per Capita,Economy,US Dollars,2011,5703.76027973346,5835.1053706258535,Historical Prediction,Linear Regression,476.17392828898323,615.4702088402104,0.9787070716723947
CHN,China,East Asia,NY.GDP.PCAP.CD,GDP Per Capita Current US$,GDP per Capita,Economy,US Dollars,2012,6405.0574241349,6413.752804437187,Historical Prediction,Linear Regression,476.17392828898323,615.4702088402104,0.9787070716723947
CHN,China,East Asia,NY.GDP.PCAP.CD,GDP Per Capita Current US$,GDP per Capita,Economy,US Dollars,2013,7147.03518622344,6992.40023824852,Historical Prediction,Linear Regression,476.17392828898323,615.4702088402104,0.9787070716723947
CHN,China,East Asia,NY.GDP.PCAP.CD,GDP Per Capita Current US$,GDP per Capita,Economy,US Dollars,2014,7781.06597484974,7571.0476720600855,Historical Prediction,Linear Regression,476.17392828898323,615.4702088402104,0.9787070716723947
CHN,China,East Asia,NY.GDP.PCAP.CD,GDP Per Capita Current US$,GDP per Capita,Economy,US Dollars,2015,8175.33285077393,8149.6951058714185,Historical Prediction,Linear Regression,476.17392828898323,615.4702088402104,0.9787070716723947
CHN,China,East Asia,NY.GDP.PCAP.CD,GDP Per Capita Current US$,GDP per Capita,Economy,US Dollars,2016,8254.86859320357,8728.342539682984,Historical Prediction,Linear Regression,476.17392828898323,615.4702088402104,0.9787070716723947
CHN,China,East Asia,NY.GDP.PCAP.CD,GDP Per Capita Current US$,GDP per Capita,Economy,US Dollars,2017,8979.67652709856,9306.989973494317,Historical Prediction,Linear Regression,476.17392828898323,615.4702088402104,0.9787070716723947
CHN,China,East Asia,NY.GDP.PCAP.CD,GDP Per Capita Current US$,GDP per Capita,Economy,US Dollars,2018,10085.6638148819,9885.63740730565,Historical Prediction,Linear Regression,476.17392828898323,615.4702088402104,0.9787070716723947
CHN,China,East Asia,NY.GDP.PCAP.CD,GDP Per Capita Current US$,GDP per Capita,Economy,US Dollars,2019,10342.9009524335,10464.284841117216,Historical Prediction,Linear Regression,476.17392828898323,615.4702088402104,0.9787070716723947
CHN,China,East Asia,NY.GDP.PCAP.CD,GDP Per Capita Current US$,GDP per Capita,Economy,US Dollars,2020,10627.4637989619,11042.93227492855,Historical Prediction,Linear Regression,476.17392828898323,615.4702088402104,0.9787070716723947
CHN,China,East Asia,NY.GDP.PCAP.CD,GDP Per Capita Current US$,GDP per Capita,Economy,US Dollars,2021,12887.4357242941,11621.579708740115,Historical Prediction,Linear Regression,476.17392828898323,615.4702088402104,0.9787070716723947
CHN,China,East Asia,NY.GDP.PCAP.CD,GDP Per Capita Current US$,GDP per Capita,Economy,US Dollars,2022,12970.6056414327,12200.227142551448,Historical Prediction,Linear Regression,476.17392828898323,615.4702088402104,0.9787070716723947
CHN,China,East Asia,NY.GDP.PCAP.CD,GDP Per Capita Current US$,GDP per Capita,Economy,US Dollars,2023,12951.1782397043,12778.874576362781,Historical Prediction,Linear Regression,476.17392828898323,615.4702088402104,0.9787070716723947
CHN,China,East Asia,NY.GDP.PCAP.CD,GDP Per Capita Current US$,GDP per Capita,Economy,US Dollars,2024,13303.1481543868,13357.522010174347,Historical Prediction,Linear Regression,476.17392828898323,615.4702088402104,0.9787070716723947
CHN,China,East Asia,NY.GDP.PCAP.CD,GDP Per Capita Current US$,GDP per Capita,Economy,US Dollars,2025,,13936.16944398568,Future Forecast,Linear Regression,476.17392828898323,615.4702088402104,0.9787070716723947
CHN,China,East Asia,NY.GDP.PCAP.CD,GDP Per Capita Current US$,GDP per Capita,Economy,US Dollars,2026,,14514.816877797013,Future Forecast,Linear Regression,476.17392828898323,615.4702088402104,0.9787070716723947
CHN,China,East Asia,NY.GDP.PCAP.CD,GDP Per Capita Current US$,GDP per Capita,Economy,US Dollars,2027,,15093.464311608579,Future Forecast,Linear Regression,476.17392828898323,615.4702088402104,0.9787070716723947
CHN,China,East Asia,NY.GDP.PCAP.CD,GDP Per Capita Current US$,GDP per Capita,Economy,US Dollars,2028,,15672.111745419912,Future Forecast,Linear Regression,476.17392828898323,615.4702088402104,0.9787070716723947
CHN,China,East Asia,NY.GDP.PCAP.CD,GDP Per Capita Current US$,GDP per Capita,Economy,US Dollars,2029,,16250.759179231478,Future Forecast,Linear Regression,476.17392828898323,615.4702088402104,0.9787070716723947
CHN,China,East Asia,SL.UEM.TOTL.ZS,Unemployment Total %,Unemployment,Labor,Percentage,2000,3.26,4.14852307692307,Historical Prediction,Linear Regression,0.20028923076923236,0.26556206865381277,0.3716605411911361
CHN,China,East Asia,SL.UEM.TOTL.ZS,Unemployment Total %,Unemployment,Labor,Percentage,2001,3.8,4.176846153846149,Historical Prediction,Linear Regression,0.20028923076923236,0.26556206865381277,0.3716605411911361
CHN,China,East Asia,SL.UEM.TOTL.ZS,Unemployment Total %,Unemployment,Labor,Percentage,2002,4.24,4.205169230769229,Historical Prediction,Linear Regression,0.20028923076923236,0.26556206865381277,0.3716605411911361
CHN,China,East Asia,SL.UEM.TOTL.ZS,Unemployment Total %,Unemployment,Labor,Percentage,2003,4.58,4.233492307692302,Historical Prediction,Linear Regression,0.20028923076923236,0.26556206865381277,0.3716605411911361
CHN,China,East Asia,SL.UEM.TOTL.ZS,Unemployment Total %,Unemployment,Labor,Percentage,2004,4.49,4.261815384615382,Historical Prediction,Linear Regression,0.20028923076923236,0.26556206865381277,0.3716605411911361
CHN,China,East Asia,SL.UEM.TOTL.ZS,Unemployment Total %,Unemployment,Labor,Percentage,2005,4.52,4.290138461538454,Historical Prediction,Linear Regression,0.20028923076923236,0.26556206865381277,0.3716605411911361
CHN,China,East Asia,SL.UEM.TOTL.ZS,Unemployment Total %,Unemployment,Labor,Percentage,2006,4.43,4.318461538461534,Historical Prediction,Linear Regression,0.20028923076923236,0.26556206865381277,0.3716605411911361
CHN,China,East Asia,SL.UEM.TOTL.ZS,Unemployment Total %,Unemployment,Labor,Percentage,2007,4.35,4.346784615384614,Historical Prediction,Linear Regression,0.20028923076923236,0.26556206865381277,0.3716605411911361
CHN,China,East Asia,SL.UEM.TOTL.ZS,Unemployment Total %,Unemployment,Labor,Percentage,2008,4.59,4.375107692307687,Historical Prediction,Linear Regression,0.20028923076923236,0.26556206865381277,0.3716605411911361
CHN,China,East Asia,SL.UEM.TOTL.ZS,Unemployment Total %,Unemployment,Labor,Percentage,2009,4.72,4.403430769230766,Historical Prediction,Linear Regression,0.20028923076923236,0.26556206865381277,0.3716605411911361
CHN,China,East Asia,SL.UEM.TOTL.ZS,Unemployment Total %,Unemployment,Labor,Percentage,2010,4.53,4.431753846153839,Historical Prediction,Linear Regression,0.20028923076923236,0.26556206865381277,0.3716605411911361
CHN,China,East Asia,SL.UEM.TOTL.ZS,Unemployment Total %,Unemployment,Labor,Percentage,2011,4.55,4.460076923076919,Historical Prediction,Linear Regression,0.20028923076923236,0.26556206865381277,0.3716605411911361
CHN,China,East Asia,SL.UEM.TOTL.ZS,Unemployment Total %,Unemployment,Labor,Percentage,2012,4.58,4.488399999999999,Historical Prediction,Linear Regression,0.20028923076923236,0.26556206865381277,0.3716605411911361
CHN,China,East Asia,SL.UEM.TOTL.ZS,Unemployment Total %,Unemployment,Labor,Percentage,2013,4.6,4.516723076923071,Historical Prediction,Linear Regression,0.20028923076923236,0.26556206865381277,0.3716605411911361
CHN,China,East Asia,SL.UEM.TOTL.ZS,Unemployment Total %,Unemployment,Labor,Percentage,2014,4.63,4.545046153846151,Historical Prediction,Linear Regression,0.20028923076923236,0.26556206865381277,0.3716605411911361
CHN,China,East Asia,SL.UEM.TOTL.ZS,Unemployment Total %,Unemployment,Labor,Percentage,2015,4.65,4.573369230769224,Historical Prediction,Linear Regression,0.20028923076923236,0.26556206865381277,0.3716605411911361
CHN,China,East Asia,SL.UEM.TOTL.ZS,Unemployment Total %,Unemployment,Labor,Percentage,2016,4.56,4.6016923076923035,Historical Prediction,Linear Regression,0.20028923076923236,0.26556206865381277,0.3716605411911361
CHN,China,East Asia,SL.UEM.TOTL.ZS,Unemployment Total %,Unemployment,Labor,Percentage,2017,4.47,4.630015384615383,Historical Prediction,Linear Regression,0.20028923076923236,0.26556206865381277,0.3716605411911361
CHN,China,East Asia,SL.UEM.TOTL.ZS,Unemployment Total %,Unemployment,Labor,Percentage,2018,4.31,4.658338461538456,Historical Prediction,Linear Regression,0.20028923076923236,0.26556206865381277,0.3716605411911361
CHN,China,East Asia,SL.UEM.TOTL.ZS,Unemployment Total %,Unemployment,Labor,Percentage,2019,4.56,4.686661538461536,Historical Prediction,Linear Regression,0.20028923076923236,0.26556206865381277,0.3716605411911361
CHN,China,East Asia,SL.UEM.TOTL.ZS,Unemployment Total %,Unemployment,Labor,Percentage,2020,5.0,4.7149846153846084,Historical Prediction,Linear Regression,0.20028923076923236,0.26556206865381277,0.3716605411911361
CHN,China,East Asia,SL.UEM.TOTL.ZS,Unemployment Total %,Unemployment,Labor,Percentage,2021,4.55,4.743307692307688,Historical Prediction,Linear Regression,0.20028923076923236,0.26556206865381277,0.3716605411911361
CHN,China,East Asia,SL.UEM.TOTL.ZS,Unemployment Total %,Unemployment,Labor,Percentage,2022,4.98,4.771630769230761,Historical Prediction,Linear Regression,0.20028923076923236,0.26556206865381277,0.3716605411911361
CHN,China,East Asia,SL.UEM.TOTL.ZS,Unemployment Total %,Unemployment,Labor,Percentage,2023,4.67,4.799953846153841,Historical Prediction,Linear Regression,0.20028923076923236,0.26556206865381277,0.3716605411911361
CHN,China,East Asia,SL.UEM.TOTL.ZS,Unemployment Total %,Unemployment,Labor,Percentage,2024,4.59,4.8282769230769205,Historical Prediction,Linear Regression,0.20028923076923236,0.26556206865381277,0.3716605411911361
CHN,China,East Asia,SL.UEM.TOTL.ZS,Unemployment Total %,Unemployment,Labor,Percentage,2025,,4.856599999999993,Future Forecast,Linear Regression,0.20028923076923236,0.26556206865381277,0.3716605411911361
CHN,China,East Asia,SL.UEM.TOTL.ZS,Unemployment Total %,Unemployment,Labor,Percentage,2026,,4.884923076923073,Future Forecast,Linear Regression,0.20028923076923236,0.26556206865381277,0.3716605411911361
CHN,China,East Asia,SL.UEM.TOTL.ZS,Unemployment Total %,Unemployment,Labor,Percentage,2027,,4.913246153846146,Future Forecast,Linear Regression,0.20028923076923236,0.26556206865381277,0.3716605411911361
CHN,China,East Asia,SL.UEM.TOTL.ZS,Unemployment Total %,Unemployment,Labor,Percentage,2028,,4.941569230769225,Future Forecast,Linear Regression,0.20028923076923236,0.26556206865381277,0.3716605411911361
CHN,China,East Asia,SL.UEM.TOTL.ZS,Unemployment Total %,Unemployment,Labor,Percentage,2029,,4.969892307692305,Future Forecast,Linear Regression,0.20028923076923236,0.26556206865381277,0.3716605411911361
CHN,China,East Asia,SP.POP.TOTL,Total Population,Population,Population,People,2000,1262645000.0,1270427076.9230766,Historical Prediction,Linear Regression,5398708.923076782,7790326.445811254,0.9751192089335211
CHN,China,East Asia,SP.POP.TOTL,Total Population,Population,Population,People,2001,1271850000.0,1277190253.8461533,Historical Prediction,Linear Regression,5398708.923076782,7790326.445811254,0.9751192089335211
CHN,China,East Asia,SP.POP.TOTL,Total Population,Population,Population,People,2002,1280400000.0,1283953430.76923,Historical Prediction,Linear Regression,5398708.923076782,7790326.445811254,0.9751192089335211
CHN,China,East Asia,SP.POP.TOTL,Total Population,Population,Population,People,2003,1288400000.0,1290716607.6923065,Historical Prediction,Linear Regression,5398708.923076782,7790326.445811254,0.9751192089335211
CHN,China,East Asia,SP.POP.TOTL,Total Population,Population,Population,People,2004,1296075000.0,1297479784.6153831,Historical Prediction,Linear Regression,5398708.923076782,7790326.445811254,0.9751192089335211
CHN,China,East Asia,SP.POP.TOTL,Total Population,Population,Population,People,2005,1303720000.0,1304242961.5384598,Historical Prediction,Linear Regression,5398708.923076782,7790326.445811254,0.9751192089335211
CHN,China,East Asia,SP.POP.TOTL,Total Population,Population,Population,People,2006,1311020000.0,1311006138.4615383,Historical Prediction,Linear Regression,5398708.923076782,7790326.445811254,0.9751192089335211
CHN,China,East Asia,SP.POP.TOTL,Total Population,Population,Population,People,2007,1317885000.0,1317769315.384615,Historical Prediction,Linear Regression,5398708.923076782,7790326.445811254,0.9751192089335211
CHN,China,East Asia,SP.POP.TOTL,Total Population,Population,Population,People,2008,1324655000.0,1324532492.3076916,Historical Prediction,Linear Regression,5398708.923076782,7790326.445811254,0.9751192089335211
CHN,China,East Asia,SP.POP.TOTL,Total Population,Population,Population,People,2009,1331260000.0,1331295669.2307682,Historical Prediction,Linear Regression,5398708.923076782,7790326.445811254,0.9751192089335211
CHN,China,East Asia,SP.POP.TOTL,Total Population,Population,Population,People,2010,1337705000.0,1338058846.1538448,Historical Prediction,Linear Regression,5398708.923076782,7790326.445811254,0.9751192089335211
CHN,China,East Asia,SP.POP.TOTL,Total Population,Population,Population,People,2011,1345035000.0,1344822023.0769215,Historical Prediction,Linear Regression,5398708.923076782,7790326.445811254,0.9751192089335211
CHN,China,East Asia,SP.POP.TOTL,Total Population,Population,Population,People,2012,1354190000.0,1351585200.0,Historical Prediction,Linear Regression,5398708.923076782,7790326.445811254,0.9751192089335211
CHN,China,East Asia,SP.POP.TOTL,Total Population,Population,Population,People,2013,1363240000.0,1358348376.9230766,Historical Prediction,Linear Regression,5398708.923076782,7790326.445811254,0.9751192089335211
CHN,China,East Asia,SP.POP.TOTL,Total Population,Population,Population,People,2014,1371860000.0,1365111553.8461533,Historical Prediction,Linear Regression,5398708.923076782,7790326.445811254,0.9751192089335211
CHN,China,East Asia,SP.POP.TOTL,Total Population,Population,Population,People,2015,1379860000.0,1371874730.76923,Historical Prediction,Linear Regression,5398708.923076782,7790326.445811254,0.9751192089335211
CHN,China,East Asia,SP.POP.TOTL,Total Population,Population,Population,People,2016,1387790000.0,1378637907.6923065,Historical Prediction,Linear Regression,5398708.923076782,7790326.445811254,0.9751192089335211
CHN,China,East Asia,SP.POP.TOTL,Total Population,Population,Population,People,2017,1396215000.0,1385401084.6153831,Historical Prediction,Linear Regression,5398708.923076782,7790326.445811254,0.9751192089335211
CHN,China,East Asia,SP.POP.TOTL,Total Population,Population,Population,People,2018,1402760000.0,1392164261.5384598,Historical Prediction,Linear Regression,5398708.923076782,7790326.445811254,0.9751192089335211
CHN,China,East Asia,SP.POP.TOTL,Total Population,Population,Population,People,2019,1407745000.0,1398927438.4615383,Historical Prediction,Linear Regression,5398708.923076782,7790326.445811254,0.9751192089335211
CHN,China,East Asia,SP.POP.TOTL,Total Population,Population,Population,People,2020,1411100000.0,1405690615.384615,Historical Prediction,Linear Regression,5398708.923076782,7790326.445811254,0.9751192089335211
CHN,China,East Asia,SP.POP.TOTL,Total Population,Population,Population,People,2021,1412360000.0,1412453792.3076916,Historical Prediction,Linear Regression,5398708.923076782,7790326.445811254,0.9751192089335211
CHN,China,East Asia,SP.POP.TOTL,Total Population,Population,Population,People,2022,1412175000.0,1419216969.2307682,Historical Prediction,Linear Regression,5398708.923076782,7790326.445811254,0.9751192089335211
CHN,China,East Asia,SP.POP.TOTL,Total Population,Population,Population,People,2023,1410710000.0,1425980146.1538448,Historical Prediction,Linear Regression,5398708.923076782,7790326.445811254,0.9751192089335211
CHN,China,East Asia,SP.POP.TOTL,Total Population,Population,Population,People,2024,1408975000.0,1432743323.0769215,Historical Prediction,Linear Regression,5398708.923076782,7790326.445811254,0.9751192089335211
CHN,China,East Asia,SP.POP.TOTL,Total Population,Population,Population,People,2025,,1439506499.999998,Future Forecast,Linear Regression,5398708.923076782,7790326.445811254,0.9751192089335211
CHN,China,East Asia,SP.POP.TOTL,Total Population,Population,Population,People,2026,,1446269676.9230766,Future Forecast,Linear Regression,5398708.923076782,7790326.445811254,0.9751192089335211
CHN,China,East Asia,SP.POP.TOTL,Total Population,Population,Population,People,2027,,1453032853.8461533,Future Forecast,Linear Regression,5398708.923076782,7790326.445811254,0.9751192089335211
CHN,China,East Asia,SP.POP.TOTL,Total Population,Population,Population,People,2028,,1459796030.76923,Future Forecast,Linear Regression,5398708.923076782,7790326.445811254,0.9751192089335211
CHN,China,East Asia,SP.POP.TOTL,Total Population,Population,Population,People,2029,,1466559207.6923065,Future Forecast,Linear Regression,5398708.923076782,7790326.445811254,0.9751192089335211
IDN,Indonesia,Southeast Asia,FP.CPI.TOTL.ZG,Inflation Annual %,Inflation,Economy,Percentage,2000,3.68862037056682,9.539249661869235,Historical Prediction,Linear Regression,1.8154973703581678,2.2640805023186146,0.4933416922728491
IDN,Indonesia,Southeast Asia,FP.CPI.TOTL.ZG,Inflation Annual %,Inflation,Economy,Percentage,2001,11.5001160550887,9.229431752964388,Historical Prediction,Linear Regression,1.8154973703581678,2.2640805023186146,0.4933416922728491
IDN,Indonesia,Southeast Asia,FP.CPI.TOTL.ZG,Inflation Annual %,Inflation,Economy,Percentage,2002,11.9001200338414,8.91961384405954,Historical Prediction,Linear Regression,1.8154973703581678,2.2640805023186146,0.4933416922728491
IDN,Indonesia,Southeast Asia,FP.CPI.TOTL.ZG,Inflation Annual %,Inflation,Economy,Percentage,2003,6.75731256333564,8.609795935154693,Historical Prediction,Linear Regression,1.8154973703581678,2.2640805023186146,0.4933416922728491
IDN,Indonesia,Southeast Asia,FP.CPI.TOTL.ZG,Inflation Annual %,Inflation,Economy,Percentage,2004,6.06406189133648,8.299978026249846,Historical Prediction,Linear Regression,1.8154973703581678,2.2640805023186146,0.4933416922728491
IDN,Indonesia,Southeast Asia,FP.CPI.TOTL.ZG,Inflation Annual %,Inflation,Economy,Percentage,2005,10.4532001873347,7.990160117344999,Historical Prediction,Linear Regression,1.8154973703581678,2.2640805023186146,0.4933416922728491
IDN,Indonesia,Southeast Asia,FP.CPI.TOTL.ZG,Inflation Annual %,Inflation,Economy,Percentage,2006,13.108670985346,7.680342208440152,Historical Prediction,Linear Regression,1.8154973703581678,2.2640805023186146,0.4933416922728491
IDN,Indonesia,Southeast Asia,FP.CPI.TOTL.ZG,Inflation Annual %,Inflation,Economy,Percentage,2007,6.40656087966005,7.370524299535305,Historical Prediction,Linear Regression,1.8154973703581678,2.2640805023186146,0.4933416922728491
IDN,Indonesia,Southeast Asia,FP.CPI.TOTL.ZG,Inflation Annual %,Inflation,Economy,Percentage,2008,10.2266663272483,7.060706390630344,Historical Prediction,Linear Regression,1.8154973703581678,2.2640805023186146,0.4933416922728491
IDN,Indonesia,Southeast Asia,FP.CPI.TOTL.ZG,Inflation Annual %,Inflation,Economy,Percentage,2009,4.38641311792074,6.750888481725497,Historical Prediction,Linear Regression,1.8154973703581678,2.2640805023186146,0.4933416922728491
IDN,Indonesia,Southeast Asia,FP.CPI.TOTL.ZG,Inflation Annual %,Inflation,Economy,Percentage,2010,5.13420639015885,6.441070572820649,Historical Prediction,Linear Regression,1.8154973703581678,2.2640805023186146,0.4933416922728491
IDN,Indonesia,Southeast Asia,FP.CPI.TOTL.ZG,Inflation Annual %,Inflation,Economy,Percentage,2011,5.35604849112582,6.131252663915802,Historical Prediction,Linear Regression,1.8154973703581678,2.2640805023186146,0.4933416922728491
IDN,Indonesia,Southeast Asia,FP.CPI.TOTL.ZG,Inflation Annual %,Inflation,Economy,Percentage,2012,4.2795142691943,5.821434755010955,Historical Prediction,Linear Regression,1.8154973703581678,2.2640805023186146,0.4933416922728491
IDN,Indonesia,Southeast Asia,FP.CPI.TOTL.ZG,Inflation Annual %,Inflation,Economy,Percentage,2013,6.41249457900391,5.511616846106108,Historical Prediction,Linear Regression,1.8154973703581678,2.2640805023186146,0.4933416922728491
IDN,Indonesia,Southeast Asia,FP.CPI.TOTL.ZG,Inflation Annual %,Inflation,Economy,Percentage,2014,6.39492882396559,5.201798937201261,Historical Prediction,Linear Regression,1.8154973703581678,2.2640805023186146,0.4933416922728491
IDN,Indonesia,Southeast Asia,FP.CPI.TOTL.ZG,Inflation Annual %,Inflation,Economy,Percentage,2015,6.36312061196646,4.891981028296414,Historical Prediction,Linear Regression,1.8154973703581678,2.2640805023186146,0.4933416922728491
IDN,Indonesia,Southeast Asia,FP.CPI.TOTL.ZG,Inflation Annual %,Inflation,Economy,Percentage,2016,3.52580452815451,4.582163119391566,Historical Prediction,Linear Regression,1.8154973703581678,2.2640805023186146,0.4933416922728491
IDN,Indonesia,Southeast Asia,FP.CPI.TOTL.ZG,Inflation Annual %,Inflation,Economy,Percentage,2017,3.80879857691949,4.2723452104866055,Historical Prediction,Linear Regression,1.8154973703581678,2.2640805023186146,0.4933416922728491
IDN,Indonesia,Southeast Asia,FP.CPI.TOTL.ZG,Inflation Annual %,Inflation,Economy,Percentage,2018,3.19834755924996,3.9625273015817584,Historical Prediction,Linear Regression,1.8154973703581678,2.2640805023186146,0.4933416922728491
IDN,Indonesia,Southeast Asia,FP.CPI.TOTL.ZG,Inflation Annual %,Inflation,Economy,Percentage,2019,3.03058460941661,3.652709392676911,Historical Prediction,Linear Regression,1.8154973703581678,2.2640805023186146,0.4933416922728491
IDN,Indonesia,Southeast Asia,FP.CPI.TOTL.ZG,Inflation Annual %,Inflation,Economy,Percentage,2020,1.91983527270793,3.342891483772064,Historical Prediction,Linear Regression,1.8154973703581678,2.2640805023186146,0.4933416922728491
IDN,Indonesia,Southeast Asia,FP.CPI.TOTL.ZG,Inflation Annual %,Inflation,Economy,Percentage,2021,1.56007882983334,3.033073574867217,Historical Prediction,Linear Regression,1.8154973703581678,2.2640805023186146,0.4933416922728491
IDN,Indonesia,Southeast Asia,FP.CPI.TOTL.ZG,Inflation Annual %,Inflation,Economy,Percentage,2022,4.20946463714784,2.7232556659623697,Historical Prediction,Linear Regression,1.8154973703581678,2.2640805023186146,0.4933416922728491
IDN,Indonesia,Southeast Asia,FP.CPI.TOTL.ZG,Inflation Annual %,Inflation,Economy,Percentage,2023,3.66938654859761,2.4134377570575225,Historical Prediction,Linear Regression,1.8154973703581678,2.2640805023186146,0.4933416922728491
IDN,Indonesia,Southeast Asia,FP.CPI.TOTL.ZG,Inflation Annual %,Inflation,Economy,Percentage,2024,2.18151273615189,2.1036198481526753,Historical Prediction,Linear Regression,1.8154973703581678,2.2640805023186146,0.4933416922728491
IDN,Indonesia,Southeast Asia,FP.CPI.TOTL.ZG,Inflation Annual %,Inflation,Economy,Percentage,2025,,1.7938019392478282,Future Forecast,Linear Regression,1.8154973703581678,2.2640805023186146,0.4933416922728491
IDN,Indonesia,Southeast Asia,FP.CPI.TOTL.ZG,Inflation Annual %,Inflation,Economy,Percentage,2026,,1.4839840303428673,Future Forecast,Linear Regression,1.8154973703581678,2.2640805023186146,0.4933416922728491
IDN,Indonesia,Southeast Asia,FP.CPI.TOTL.ZG,Inflation Annual %,Inflation,Economy,Percentage,2027,,1.1741661214380201,Future Forecast,Linear Regression,1.8154973703581678,2.2640805023186146,0.4933416922728491
IDN,Indonesia,Southeast Asia,FP.CPI.TOTL.ZG,Inflation Annual %,Inflation,Economy,Percentage,2028,,0.864348212533173,Future Forecast,Linear Regression,1.8154973703581678,2.2640805023186146,0.4933416922728491
IDN,Indonesia,Southeast Asia,FP.CPI.TOTL.ZG,Inflation Annual %,Inflation,Economy,Percentage,2029,,0.5545303036283258,Future Forecast,Linear Regression,1.8154973703581678,2.2640805023186146,0.4933416922728491
IDN,Indonesia,Southeast Asia,NE.EXP.GNFS.ZS,Exports of Goods and Services % of GDP,Exports % GDP,Trade,Percentage,2000,40.9773084738704,35.095953720828675,Historical Prediction,Linear Regression,2.476576845544453,3.0089305634485406,0.7611844171645334
IDN,Indonesia,Southeast Asia,NE.EXP.GNFS.ZS,Exports of Goods and Services % of GDP,Exports % GDP,Trade,Percentage,2001,39.0321390955111,34.351008895544965,Historical Prediction,Linear Regression,2.476576845544453,3.0089305634485406,0.7611844171645334
IDN,Indonesia,Southeast Asia,NE.EXP.GNFS.ZS,Exports of Goods and Services % of GDP,Exports % GDP,Trade,Percentage,2002,32.6876208878375,33.606064070261255,Historical Prediction,Linear Regression,2.476576845544453,3.0089305634485406,0.7611844171645334
IDN,Indonesia,Southeast Asia,NE.EXP.GNFS.ZS,Exports of Goods and Services % of GDP,Exports % GDP,Trade,Percentage,2003,30.4776547809661,32.86111924497777,Historical Prediction,Linear Regression,2.476576845544453,3.0089305634485406,0.7611844171645334
IDN,Indonesia,Southeast Asia,NE.EXP.GNFS.ZS,Exports of Goods and Services % of GDP,Exports % GDP,Trade,Percentage,2004,32.2166946182599,32.11617441969406,Historical Prediction,Linear Regression,2.476576845544453,3.0089305634485406,0.7611844171645334
IDN,Indonesia,Southeast Asia,NE.EXP.GNFS.ZS,Exports of Goods and Services % of GDP,Exports % GDP,Trade,Percentage,2005,34.0672676279992,31.37122959441035,Historical Prediction,Linear Regression,2.476576845544453,3.0089305634485406,0.7611844171645334
IDN,Indonesia,Southeast Asia,NE.EXP.GNFS.ZS,Exports of Goods and Services % of GDP,Exports % GDP,Trade,Percentage,2006,31.0347163143166,30.62628476912687,Historical Prediction,Linear Regression,2.476576845544453,3.0089305634485406,0.7611844171645334
IDN,Indonesia,Southeast Asia,NE.EXP.GNFS.ZS,Exports of Goods and Services % of GDP,Exports % GDP,Trade,Percentage,2007,29.4357184851264,29.88133994384316,Historical Prediction,Linear Regression,2.476576845544453,3.0089305634485406,0.7611844171645334
IDN,Indonesia,Southeast Asia,NE.EXP.GNFS.ZS,Exports of Goods and Services % of GDP,Exports % GDP,Trade,Percentage,2008,29.8082841673732,29.13639511855945,Historical Prediction,Linear Regression,2.476576845544453,3.0089305634485406,0.7611844171645334
IDN,Indonesia,Southeast Asia,NE.EXP.GNFS.ZS,Exports of Goods and Services % of GDP,Exports % GDP,Trade,Percentage,2009,24.1591196686279,28.39145029327574,Historical Prediction,Linear Regression,2.476576845544453,3.0089305634485406,0.7611844171645334
IDN,Indonesia,Southeast Asia,NE.EXP.GNFS.ZS,Exports of Goods and Services % of GDP,Exports % GDP,Trade,Percentage,2010,24.2990309366408,27.64650546799203,Historical Prediction,Linear Regression,2.476576845544453,3.0089305634485406,0.7611844171645334
IDN,Indonesia,Southeast Asia,NE.EXP.GNFS.ZS,Exports of Goods and Services % of GDP,Exports % GDP,Trade,Percentage,2011,26.3273530888836,26.901560642708546,Historical Prediction,Linear Regression,2.476576845544453,3.0089305634485406,0.7611844171645334
IDN,Indonesia,Southeast Asia,NE.EXP.GNFS.ZS,Exports of Goods and Services % of GDP,Exports % GDP,Trade,Percentage,2012,24.5943787881769,26.156615817424836,Historical Prediction,Linear Regression,2.476576845544453,3.0089305634485406,0.7611844171645334
IDN,Indonesia,Southeast Asia,NE.EXP.GNFS.ZS,Exports of Goods and Services % of GDP,Exports % GDP,Trade,Percentage,2013,23.9235763793605,25.411670992141126,Historical Prediction,Linear Regression,2.476576845544453,3.0089305634485406,0.7611844171645334
IDN,Indonesia,Southeast Asia,NE.EXP.GNFS.ZS,Exports of Goods and Services % of GDP,Exports % GDP,Trade,Percentage,2014,23.6659845969367,24.666726166857643,Historical Prediction,Linear Regression,2.476576845544453,3.0089305634485406,0.7611844171645334
IDN,Indonesia,Southeast Asia,NE.EXP.GNFS.ZS,Exports of Goods and Services % of GDP,Exports % GDP,Trade,Percentage,2015,21.1601792598059,23.921781341573933,Historical Prediction,Linear Regression,2.476576845544453,3.0089305634485406,0.7611844171645334
IDN,Indonesia,Southeast Asia,NE.EXP.GNFS.ZS,Exports of Goods and Services % of GDP,Exports % GDP,Trade,Percentage,2016,19.0889938536664,23.176836516290223,Historical Prediction,Linear Regression,2.476576845544453,3.0089305634485406,0.7611844171645334
IDN,Indonesia,Southeast Asia,NE.EXP.GNFS.ZS,Exports of Goods and Services % of GDP,Exports % GDP,Trade,Percentage,2017,20.1773044351106,22.431891691006513,Historical Prediction,Linear Regression,2.476576845544453,3.0089305634485406,0.7611844171645334
IDN,Indonesia,Southeast Asia,NE.EXP.GNFS.ZS,Exports of Goods and Services % of GDP,Exports % GDP,Trade,Percentage,2018,21.0027464972455,21.686946865722803,Historical Prediction,Linear Regression,2.476576845544453,3.0089305634485406,0.7611844171645334
IDN,Indonesia,Southeast Asia,NE.EXP.GNFS.ZS,Exports of Goods and Services % of GDP,Exports % GDP,Trade,Percentage,2019,18.5915277970883,20.94200204043932,Historical Prediction,Linear Regression,2.476576845544453,3.0089305634485406,0.7611844171645334
IDN,Indonesia,Southeast Asia,NE.EXP.GNFS.ZS,Exports of Goods and Services % of GDP,Exports % GDP,Trade,Percentage,2020,17.3311682848923,20.19705721515561,Historical Prediction,Linear Regression,2.476576845544453,3.0089305634485406,0.7611844171645334
IDN,Indonesia,Southeast Asia,NE.EXP.GNFS.ZS,Exports of Goods and Services % of GDP,Exports % GDP,Trade,Percentage,2021,21.4165556390653,19.4521123898719,Historical Prediction,Linear Regression,2.476576845544453,3.0089305634485406,0.7611844171645334
IDN,Indonesia,Southeast Asia,NE.EXP.GNFS.ZS,Exports of Goods and Services % of GDP,Exports % GDP,Trade,Percentage,2022,24.5029116862832,18.707167564588417,Historical Prediction,Linear Regression,2.476576845544453,3.0089305634485406,0.7611844171645334
IDN,Indonesia,Southeast Asia,NE.EXP.GNFS.ZS,Exports of Goods and Services % of GDP,Exports % GDP,Trade,Percentage,2023,21.7538472039177,17.962222739304707,Historical Prediction,Linear Regression,2.476576845544453,3.0089305634485406,0.7611844171645334
IDN,Indonesia,Southeast Asia,NE.EXP.GNFS.ZS,Exports of Goods and Services % of GDP,Exports % GDP,Trade,Percentage,2024,22.18331286866,17.217277914020997,Historical Prediction,Linear Regression,2.476576845544453,3.0089305634485406,0.7611844171645334
IDN,Indonesia,Southeast Asia,NE.EXP.GNFS.ZS,Exports of Goods and Services % of GDP,Exports % GDP,Trade,Percentage,2025,,16.472333088737287,Future Forecast,Linear Regression,2.476576845544453,3.0089305634485406,0.7611844171645334
IDN,Indonesia,Southeast Asia,NE.EXP.GNFS.ZS,Exports of Goods and Services % of GDP,Exports % GDP,Trade,Percentage,2026,,15.727388263453577,Future Forecast,Linear Regression,2.476576845544453,3.0089305634485406,0.7611844171645334
IDN,Indonesia,Southeast Asia,NE.EXP.GNFS.ZS,Exports of Goods and Services % of GDP,Exports % GDP,Trade,Percentage,2027,,14.982443438170094,Future Forecast,Linear Regression,2.476576845544453,3.0089305634485406,0.7611844171645334
IDN,Indonesia,Southeast Asia,NE.EXP.GNFS.ZS,Exports of Goods and Services % of GDP,Exports % GDP,Trade,Percentage,2028,,14.237498612886384,Future Forecast,Linear Regression,2.476576845544453,3.0089305634485406,0.7611844171645334
IDN,Indonesia,Southeast Asia,NE.EXP.GNFS.ZS,Exports of Goods and Services % of GDP,Exports % GDP,Trade,Percentage,2029,,13.492553787602674,Future Forecast,Linear Regression,2.476576845544453,3.0089305634485406,0.7611844171645334
IDN,Indonesia,Southeast Asia,NV.AGR.TOTL.ZS,Agriculture Value Added % of GDP,Agriculture % GDP,Agriculture,Percentage,2000,15.6787044387708,15.211189896186312,Historical Prediction,Linear Regression,0.5046859360722666,0.6713339967493781,0.6177081415622742
IDN,Indonesia,Southeast Asia,NV.AGR.TOTL.ZS,Agriculture Value Added % of GDP,Agriculture % GDP,Agriculture,Percentage,2001,15.9949177621389,15.092850020951715,Historical Prediction,Linear Regression,0.5046859360722666,0.6713339967493781,0.6177081415622742
IDN,Indonesia,Southeast Asia,NV.AGR.TOTL.ZS,Agriculture Value Added % of GDP,Agriculture % GDP,Agriculture,Percentage,2002,16.3196689664379,14.974510145717119,Historical Prediction,Linear Regression,0.5046859360722666,0.6713339967493781,0.6177081415622742
IDN,Indonesia,Southeast Asia,NV.AGR.TOTL.ZS,Agriculture Value Added % of GDP,Agriculture % GDP,Agriculture,Percentage,2003,15.1853482186248,14.856170270482522,Historical Prediction,Linear Regression,0.5046859360722666,0.6713339967493781,0.6177081415622742
IDN,Indonesia,Southeast Asia,NV.AGR.TOTL.ZS,Agriculture Value Added % of GDP,Agriculture % GDP,Agriculture,Percentage,2004,14.3357802955642,14.737830395247926,Historical Prediction,Linear Regression,0.5046859360722666,0.6713339967493781,0.6177081415622742
IDN,Indonesia,Southeast Asia,NV.AGR.TOTL.ZS,Agriculture Value Added % of GDP,Agriculture % GDP,Agriculture,Percentage,2005,13.1266186400506,14.61949052001333,Historical Prediction,Linear Regression,0.5046859360722666,0.6713339967493781,0.6177081415622742
IDN,Indonesia,Southeast Asia,NV.AGR.TOTL.ZS,Agriculture Value Added % of GDP,Agriculture % GDP,Agriculture,Percentage,2006,12.9738027192484,14.501150644778733,Historical Prediction,Linear Regression,0.5046859360722666,0.6713339967493781,0.6177081415622742
IDN,Indonesia,Southeast Asia,NV.AGR.TOTL.ZS,Agriculture Value Added % of GDP,Agriculture % GDP,Agriculture,Percentage,2007,13.7166831034562,14.382810769544136,Historical Prediction,Linear Regression,0.5046859360722666,0.6713339967493781,0.6177081415622742
IDN,Indonesia,Southeast Asia,NV.AGR.TOTL.ZS,Agriculture Value Added % of GDP,Agriculture % GDP,Agriculture,Percentage,2008,14.4817402607761,14.26447089430954,Historical Prediction,Linear Regression,0.5046859360722666,0.6713339967493781,0.6177081415622742
IDN,Indonesia,Southeast Asia,NV.AGR.TOTL.ZS,Agriculture Value Added % of GDP,Agriculture % GDP,Agriculture,Percentage,2009,15.290148146172,14.146131019074943,Historical Prediction,Linear Regression,0.5046859360722666,0.6713339967493781,0.6177081415622742
IDN,Indonesia,Southeast Asia,NV.AGR.TOTL.ZS,Agriculture Value Added % of GDP,Agriculture % GDP,Agriculture,Percentage,2010,13.929212707137,14.027791143840346,Historical Prediction,Linear Regression,0.5046859360722666,0.6713339967493781,0.6177081415622742
IDN,Indonesia,Southeast Asia,NV.AGR.TOTL.ZS,Agriculture Value Added % of GDP,Agriculture % GDP,Agriculture,Percentage,2011,13.5122870743946,13.90945126860575,Historical Prediction,Linear Regression,0.5046859360722666,0.6713339967493781,0.6177081415622742
IDN,Indonesia,Southeast Asia,NV.AGR.TOTL.ZS,Agriculture Value Added % of GDP,Agriculture % GDP,Agriculture,Percentage,2012,13.3739742350727,13.791111393371153,Historical Prediction,Linear Regression,0.5046859360722666,0.6713339967493781,0.6177081415622742
IDN,Indonesia,Southeast Asia,NV.AGR.TOTL.ZS,Agriculture Value Added % of GDP,Agriculture % GDP,Agriculture,Percentage,2013,13.3566991621949,13.672771518136557,Historical Prediction,Linear Regression,0.5046859360722666,0.6713339967493781,0.6177081415622742
IDN,Indonesia,Southeast Asia,NV.AGR.TOTL.ZS,Agriculture Value Added % of GDP,Agriculture % GDP,Agriculture,Percentage,2014,13.3367549992146,13.55443164290196,Historical Prediction,Linear Regression,0.5046859360722666,0.6713339967493781,0.6177081415622742
IDN,Indonesia,Southeast Asia,NV.AGR.TOTL.ZS,Agriculture Value Added % of GDP,Agriculture % GDP,Agriculture,Percentage,2015,13.4926435578886,13.436091767667364,Historical Prediction,Linear Regression,0.5046859360722666,0.6713339967493781,0.6177081415622742
IDN,Indonesia,Southeast Asia,NV.AGR.TOTL.ZS,Agriculture Value Added % of GDP,Agriculture % GDP,Agriculture,Percentage,2016,13.4787485470271,13.317751892432767,Historical Prediction,Linear Regression,0.5046859360722666,0.6713339967493781,0.6177081415622742
IDN,Indonesia,Southeast Asia,NV.AGR.TOTL.ZS,Agriculture Value Added % of GDP,Agriculture % GDP,Agriculture,Percentage,2017,13.1566308462661,13.19941201719817,Historical Prediction,Linear Regression,0.5046859360722666,0.6713339967493781,0.6177081415622742
IDN,Indonesia,Southeast Asia,NV.AGR.TOTL.ZS,Agriculture Value Added % of GDP,Agriculture % GDP,Agriculture,Percentage,2018,12.8084975586902,13.081072141963574,Historical Prediction,Linear Regression,0.5046859360722666,0.6713339967493781,0.6177081415622742
IDN,Indonesia,Southeast Asia,NV.AGR.TOTL.ZS,Agriculture Value Added % of GDP,Agriculture % GDP,Agriculture,Percentage,2019,12.7126026577522,12.962732266728977,Historical Prediction,Linear Regression,0.5046859360722666,0.6713339967493781,0.6177081415622742
IDN,Indonesia,Southeast Asia,NV.AGR.TOTL.ZS,Agriculture Value Added % of GDP,Agriculture % GDP,Agriculture,Percentage,2020,13.6984142796138,12.844392391494381,Historical Prediction,Linear Regression,0.5046859360722666,0.6713339967493781,0.6177081415622742
IDN,Indonesia,Southeast Asia,NV.AGR.TOTL.ZS,Agriculture Value Added % of GDP,Agriculture % GDP,Agriculture,Percentage,2021,13.2801691376596,12.726052516259784,Historical Prediction,Linear Regression,0.5046859360722666,0.6713339967493781,0.6177081415622742
IDN,Indonesia,Southeast Asia,NV.AGR.TOTL.ZS,Agriculture Value Added % of GDP,Agriculture % GDP,Agriculture,Percentage,2022,12.3996501634108,12.607712641025188,Historical Prediction,Linear Regression,0.5046859360722666,0.6713339967493781,0.6177081415622742
IDN,Indonesia,Southeast Asia,NV.AGR.TOTL.ZS,Agriculture Value Added % of GDP,Agriculture % GDP,Agriculture,Percentage,2023,12.5294214769584,12.489372765790591,Historical Prediction,Linear Regression,0.5046859360722666,0.6713339967493781,0.6177081415622742
IDN,Indonesia,Southeast Asia,NV.AGR.TOTL.ZS,Agriculture Value Added % of GDP,Agriculture % GDP,Agriculture,Percentage,2024,12.6086658797584,12.371032890555995,Historical Prediction,Linear Regression,0.5046859360722666,0.6713339967493781,0.6177081415622742
IDN,Indonesia,Southeast Asia,NV.AGR.TOTL.ZS,Agriculture Value Added % of GDP,Agriculture % GDP,Agriculture,Percentage,2025,,12.252693015321398,Future Forecast,Linear Regression,0.5046859360722666,0.6713339967493781,0.6177081415622742
IDN,Indonesia,Southeast Asia,NV.AGR.TOTL.ZS,Agriculture Value Added % of GDP,Agriculture % GDP,Agriculture,Percentage,2026,,12.134353140086802,Future Forecast,Linear Regression,0.5046859360722666,0.6713339967493781,0.6177081415622742
IDN,Indonesia,Southeast Asia,NV.AGR.TOTL.ZS,Agriculture Value Added % of GDP,Agriculture % GDP,Agriculture,Percentage,2027,,12.016013264852205,Future Forecast,Linear Regression,0.5046859360722666,0.6713339967493781,0.6177081415622742
IDN,Indonesia,Southeast Asia,NV.AGR.TOTL.ZS,Agriculture Value Added % of GDP,Agriculture % GDP,Agriculture,Percentage,2028,,11.897673389617609,Future Forecast,Linear Regression,0.5046859360722666,0.6713339967493781,0.6177081415622742
IDN,Indonesia,Southeast Asia,NV.AGR.TOTL.ZS,Agriculture Value Added % of GDP,Agriculture % GDP,Agriculture,Percentage,2029,,11.779333514383012,Future Forecast,Linear Regression,0.5046859360722666,0.6713339967493781,0.6177081415622742
IDN,Indonesia,Southeast Asia,NY.GDP.MKTP.CD,GDP Current US$,GDP,Economy,US Dollars,2000,165021012077.81,105868691930.70312,Historical Prediction,Linear Regression,57514289933.70659,75272225784.01376,0.9638491559847623
IDN,Indonesia,Southeast Asia,NY.GDP.MKTP.CD,GDP Current US$,GDP,Economy,US Dollars,2001,160446947784.909,159767405713.98438,Historical Prediction,Linear Regression,57514289933.70659,75272225784.01376,0.9638491559847623
IDN,Indonesia,Southeast Asia,NY.GDP.MKTP.CD,GDP Current US$,GDP,Economy,US Dollars,2002,195660611165.183,213666119497.26562,Historical Prediction,Linear Regression,57514289933.70659,75272225784.01376,0.9638491559847623
IDN,Indonesia,Southeast Asia,NY.GDP.MKTP.CD,GDP Current US$,GDP,Economy,US Dollars,2003,234772463823.808,267564833280.54688,Historical Prediction,Linear Regression,57514289933.70659,75272225784.01376,0.9638491559847623
IDN,Indonesia,Southeast Asia,NY.GDP.MKTP.CD,GDP Current US$,GDP,Economy,US Dollars,2004,256836875295.452,321463547063.84375,Historical Prediction,Linear Regression,57514289933.70659,75272225784.01376,0.9638491559847623
IDN,Indonesia,Southeast Asia,NY.GDP.MKTP.CD,GDP Current US$,GDP,Economy,US Dollars,2005,285868619196.085,375362260847.125,Historical Prediction,Linear Regression,57514289933.70659,75272225784.01376,0.9638491559847623
IDN,Indonesia,Southeast Asia,NY.GDP.MKTP.CD,GDP Current US$,GDP,Economy,US Dollars,2006,364570515618.357,429260974630.40625,Historical Prediction,Linear Regression,57514289933.70659,75272225784.01376,0.9638491559847623
IDN,Indonesia,Southeast Asia,NY.GDP.MKTP.CD,GDP Current US$,GDP,Economy,US Dollars,2007,432216737774.861,483159688413.6875,Historical Prediction,Linear Regression,57514289933.70659,75272225784.01376,0.9638491559847623
IDN,Indonesia,Southeast Asia,NY.GDP.MKTP.CD,GDP Current US$,GDP,Economy,US Dollars,2008,510228634992.258,537058402196.96875,Historical Prediction,Linear Regression,57514289933.70659,75272225784.01376,0.9638491559847623
IDN,Indonesia,Southeast Asia,NY.GDP.MKTP.CD,GDP Current US$,GDP,Economy,US Dollars,2009,539580085612.401,590957115980.2656,Historical Prediction,Linear Regression,57514289933.70659,75272225784.01376,0.9638491559847623
IDN,Indonesia,Southeast Asia,NY.GDP.MKTP.CD,GDP Current US$,GDP,Economy,US Dollars,2010,755094157621.936,644855829763.5469,Historical Prediction,Linear Regression,57514289933.70659,75272225784.01376,0.9638491559847623
IDN,Indonesia,Southeast Asia,NY.GDP.MKTP.CD,GDP Current US$,GDP,Economy,US Dollars,2011,892969104563.171,698754543546.8281,Historical Prediction,Linear Regression,57514289933.70659,75272225784.01376,0.9638491559847623
IDN,Indonesia,Southeast Asia,NY.GDP.MKTP.CD,GDP Current US$,GDP,Economy,US Dollars,2012,917869913332.649,752653257330.1094,Historical Prediction,Linear Regression,57514289933.70659,75272225784.01376,0.9638491559847623
IDN,Indonesia,Southeast Asia,NY.GDP.MKTP.CD,GDP Current US$,GDP,Economy,US Dollars,2013,912524136718.018,806551971113.4062,Historical Prediction,Linear Regression,57514289933.70659,75272225784.01376,0.9638491559847623
IDN,Indonesia,Southeast Asia,NY.GDP.MKTP.CD,GDP Current US$,GDP,Economy,US Dollars,2014,890814755533.537,860450684896.6875,Historical Prediction,Linear Regression,57514289933.70659,75272225784.01376,0.9638491559847623
IDN,Indonesia,Southeast Asia,NY.GDP.MKTP.CD,GDP Current US$,GDP,Economy,US Dollars,2015,860854232686.214,914349398679.9688,Historical Prediction,Linear Regression,57514289933.70659,75272225784.01376,0.9638491559847623
IDN,Indonesia,Southeast Asia,NY.GDP.MKTP.CD,GDP Current US$,GDP,Economy,US Dollars,2016,931877364037.698,968248112463.25,Historical Prediction,Linear Regression,57514289933.70659,75272225784.01376,0.9638491559847623
IDN,Indonesia,Southeast Asia,NY.GDP.MKTP.CD,GDP Current US$,GDP,Economy,US Dollars,2017,1015618744159.73,1022146826246.5312,Historical Prediction,Linear Regression,57514289933.70659,75272225784.01376,0.9638491559847623
IDN,Indonesia,Southeast Asia,NY.GDP.MKTP.CD,GDP Current US$,GDP,Economy,US Dollars,2018,1042271532988.63,1076045540029.8281,Historical Prediction,Linear Regression,57514289933.70659,75272225784.01376,0.9638491559847623
IDN,Indonesia,Southeast Asia,NY.GDP.MKTP.CD,GDP Current US$,GDP,Economy,US Dollars,2019,1119099871350.2,1129944253813.1094,Historical Prediction,Linear Regression,57514289933.70659,75272225784.01376,0.9638491559847623
IDN,Indonesia,Southeast Asia,NY.GDP.MKTP.CD,GDP Current US$,GDP,Economy,US Dollars,2020,1059054842698.48,1183842967596.3906,Historical Prediction,Linear Regression,57514289933.70659,75272225784.01376,0.9638491559847623
IDN,Indonesia,Southeast Asia,NY.GDP.MKTP.CD,GDP Current US$,GDP,Economy,US Dollars,2021,1186509691086.73,1237741681379.6719,Historical Prediction,Linear Regression,57514289933.70659,75272225784.01376,0.9638491559847623
IDN,Indonesia,Southeast Asia,NY.GDP.MKTP.CD,GDP Current US$,GDP,Economy,US Dollars,2022,1319101183380.15,1291640395162.9531,Historical Prediction,Linear Regression,57514289933.70659,75272225784.01376,0.9638491559847623
IDN,Indonesia,Southeast Asia,NY.GDP.MKTP.CD,GDP Current US$,GDP,Economy,US Dollars,2023,1371169301563.62,1345539108946.25,Historical Prediction,Linear Regression,57514289933.70659,75272225784.01376,0.9638491559847623
IDN,Indonesia,Southeast Asia,NY.GDP.MKTP.CD,GDP Current US$,GDP,Economy,US Dollars,2024,1396300098190.97,1399437822729.5312,Historical Prediction,Linear Regression,57514289933.70659,75272225784.01376,0.9638491559847623
IDN,Indonesia,Southeast Asia,NY.GDP.MKTP.CD,GDP Current US$,GDP,Economy,US Dollars,2025,,1453336536512.8125,Future Forecast,Linear Regression,57514289933.70659,75272225784.01376,0.9638491559847623
IDN,Indonesia,Southeast Asia,NY.GDP.MKTP.CD,GDP Current US$,GDP,Economy,US Dollars,2026,,1507235250296.0938,Future Forecast,Linear Regression,57514289933.70659,75272225784.01376,0.9638491559847623
IDN,Indonesia,Southeast Asia,NY.GDP.MKTP.CD,GDP Current US$,GDP,Economy,US Dollars,2027,,1561133964079.3906,Future Forecast,Linear Regression,57514289933.70659,75272225784.01376,0.9638491559847623
IDN,Indonesia,Southeast Asia,NY.GDP.MKTP.CD,GDP Current US$,GDP,Economy,US Dollars,2028,,1615032677862.6719,Future Forecast,Linear Regression,57514289933.70659,75272225784.01376,0.9638491559847623
IDN,Indonesia,Southeast Asia,NY.GDP.MKTP.CD,GDP Current US$,GDP,Economy,US Dollars,2029,,1668931391645.9531,Future Forecast,Linear Regression,57514289933.70659,75272225784.01376,0.9638491559847623
IDN,Indonesia,Southeast Asia,NY.GDP.PCAP.CD,GDP Per Capita Current US$,GDP per Capita,Economy,US Dollars,2000,763.711124950924,681.7005546551081,Historical Prediction,Linear Regression,237.93083190762766,328.18235654406925,0.9419584971306298
IDN,Indonesia,Southeast Asia,NY.GDP.PCAP.CD,GDP Per Capita Current US$,GDP per Capita,Economy,US Dollars,2001,732.307093405708,865.041774628975,Historical Prediction,Linear Regression,237.93083190762766,328.18235654406925,0.9419584971306298
IDN,Indonesia,Southeast Asia,NY.GDP.PCAP.CD,GDP Per Capita Current US$,GDP per Capita,Economy,US Dollars,2002,881.002913569131,1048.3829946028418,Historical Prediction,Linear Regression,237.93083190762766,328.18235654406925,0.9419584971306298
IDN,Indonesia,Southeast Asia,NY.GDP.PCAP.CD,GDP Per Capita Current US$,GDP per Capita,Economy,US Dollars,2003,1043.2105838671,1231.7242145767668,Historical Prediction,Linear Regression,237.93083190762766,328.18235654406925,0.9419584971306298
IDN,Indonesia,Southeast Asia,NY.GDP.PCAP.CD,GDP Per Capita Current US$,GDP per Capita,Economy,US Dollars,2004,1126.84004447173,1415.0654345506337,Historical Prediction,Linear Regression,237.93083190762766,328.18235654406925,0.9419584971306298
IDN,Indonesia,Southeast Asia,NY.GDP.PCAP.CD,GDP Per Capita Current US$,GDP per Capita,Economy,US Dollars,2005,1238.21447629488,1598.4066545245587,Historical Prediction,Linear Regression,237.93083190762766,328.18235654406925,0.9419584971306298
IDN,Indonesia,Southeast Asia,NY.GDP.PCAP.CD,GDP Per Capita Current US$,GDP per Capita,Economy,US Dollars,2006,1558.31562847163,1781.7478744984255,Historical Prediction,Linear Regression,237.93083190762766,328.18235654406925,0.9419584971306298
IDN,Indonesia,Southeast Asia,NY.GDP.PCAP.CD,GDP Per Capita Current US$,GDP per Capita,Economy,US Dollars,2007,1823.21976255073,1965.0890944722923,Historical Prediction,Linear Regression,237.93083190762766,328.18235654406925,0.9419584971306298
IDN,Indonesia,Southeast Asia,NY.GDP.PCAP.CD,GDP Per Capita Current US$,GDP per Capita,Economy,US Dollars,2008,2124.55483920618,2148.4303144462174,Historical Prediction,Linear Regression,237.93083190762766,328.18235654406925,0.9419584971306298
IDN,Indonesia,Southeast Asia,NY.GDP.PCAP.CD,GDP Per Capita Current US$,GDP per Capita,Economy,US Dollars,2009,2218.48541852977,2331.771534420084,Historical Prediction,Linear Regression,237.93083190762766,328.18235654406925,0.9419584971306298
IDN,Indonesia,Southeast Asia,NY.GDP.PCAP.CD,GDP Per Capita Current US$,GDP per Capita,Economy,US Dollars,2010,3065.68348377765,2515.112754393951,Historical Prediction,Linear Regression,237.93083190762766,328.18235654406925,0.9419584971306298
IDN,Indonesia,Southeast Asia,NY.GDP.PCAP.CD,GDP Per Capita Current US$,GDP per Capita,Economy,US Dollars,2011,3579.46442466152,2698.453974367876,Historical Prediction,Linear Regression,237.93083190762766,328.18235654406925,0.9419584971306298
IDN,Indonesia,Southeast Asia,NY.GDP.PCAP.CD,GDP Per Capita Current US$,GDP per Capita,Economy,US Dollars,2012,3632.27254030331,2881.795194341743,Historical Prediction,Linear Regression,237.93083190762766,328.18235654406925,0.9419584971306298
IDN,Indonesia,Southeast Asia,NY.GDP.PCAP.CD,GDP Per Capita Current US$,GDP per Capita,Economy,US Dollars,2013,3566.60284506078,3065.136414315668,Historical Prediction,Linear Regression,237.93083190762766,328.18235654406925,0.9419584971306298
IDN,Indonesia,Southeast Asia,NY.GDP.PCAP.CD,GDP Per Capita Current US$,GDP per Capita,Economy,US Dollars,2014,3441.06808464008,3248.4776342895348,Historical Prediction,Linear Regression,237.93083190762766,328.18235654406925,0.9419584971306298
IDN,Indonesia,Southeast Asia,NY.GDP.PCAP.CD,GDP Per Capita Current US$,GDP per Capita,Economy,US Dollars,2015,3288.22269725538,3431.8188542634016,Historical Prediction,Linear Regression,237.93083190762766,328.18235654406925,0.9419584971306298
IDN,Indonesia,Southeast Asia,NY.GDP.PCAP.CD,GDP Per Capita Current US$,GDP per Capita,Economy,US Dollars,2016,3521.46943457574,3615.1600742373266,Historical Prediction,Linear Regression,237.93083190762766,328.18235654406925,0.9419584971306298
IDN,Indonesia,Southeast Asia,NY.GDP.PCAP.CD,GDP Per Capita Current US$,GDP per Capita,Economy,US Dollars,2017,3798.88326174526,3798.5012942111935,Historical Prediction,Linear Regression,237.93083190762766,328.18235654406925,0.9419584971306298
IDN,Indonesia,Southeast Asia,NY.GDP.PCAP.CD,GDP Per Capita Current US$,GDP per Capita,Economy,US Dollars,2018,3860.95353090726,3981.8425141851185,Historical Prediction,Linear Regression,237.93083190762766,328.18235654406925,0.9419584971306298
IDN,Indonesia,Southeast Asia,NY.GDP.PCAP.CD,GDP Per Capita Current US$,GDP per Capita,Economy,US Dollars,2019,4106.94856160358,4165.183734158985,Historical Prediction,Linear Regression,237.93083190762766,328.18235654406925,0.9419584971306298
IDN,Indonesia,Southeast Asia,NY.GDP.PCAP.CD,GDP Per Capita Current US$,GDP per Capita,Economy,US Dollars,2020,3853.70288774146,4348.524954132852,Historical Prediction,Linear Regression,237.93083190762766,328.18235654406925,0.9419584971306298
IDN,Indonesia,Southeast Asia,NY.GDP.PCAP.CD,GDP Per Capita Current US$,GDP per Capita,Economy,US Dollars,2021,4287.17313995098,4531.866174106777,Historical Prediction,Linear Regression,237.93083190762766,328.18235654406925,0.9419584971306298
IDN,Indonesia,Southeast Asia,NY.GDP.PCAP.CD,GDP Per Capita Current US$,GDP per Capita,Economy,US Dollars,2022,4730.83484836107,4715.207394080644,Historical Prediction,Linear Regression,237.93083190762766,328.18235654406925,0.9419584971306298
IDN,Indonesia,Southeast Asia,NY.GDP.PCAP.CD,GDP Per Capita Current US$,GDP per Capita,Economy,US Dollars,2023,4876.30774512252,4898.548614054511,Historical Prediction,Linear Regression,237.93083190762766,328.18235654406925,0.9419584971306298
IDN,Indonesia,Southeast Asia,NY.GDP.PCAP.CD,GDP Per Capita Current US$,GDP per Capita,Economy,US Dollars,2024,4925.43048751861,5081.889834028436,Historical Prediction,Linear Regression,237.93083190762766,328.18235654406925,0.9419584971306298
IDN,Indonesia,Southeast Asia,NY.GDP.PCAP.CD,GDP Per Capita Current US$,GDP per Capita,Economy,US Dollars,2025,,5265.231054002303,Future Forecast,Linear Regression,237.93083190762766,328.18235654406925,0.9419584971306298
IDN,Indonesia,Southeast Asia,NY.GDP.PCAP.CD,GDP Per Capita Current US$,GDP per Capita,Economy,US Dollars,2026,,5448.572273976228,Future Forecast,Linear Regression,237.93083190762766,328.18235654406925,0.9419584971306298
IDN,Indonesia,Southeast Asia,NY.GDP.PCAP.CD,GDP Per Capita Current US$,GDP per Capita,Economy,US Dollars,2027,,5631.913493950095,Future Forecast,Linear Regression,237.93083190762766,328.18235654406925,0.9419584971306298
IDN,Indonesia,Southeast Asia,NY.GDP.PCAP.CD,GDP Per Capita Current US$,GDP per Capita,Economy,US Dollars,2028,,5815.254713923961,Future Forecast,Linear Regression,237.93083190762766,328.18235654406925,0.9419584971306298
IDN,Indonesia,Southeast Asia,NY.GDP.PCAP.CD,GDP Per Capita Current US$,GDP per Capita,Economy,US Dollars,2029,,5998.595933897886,Future Forecast,Linear Regression,237.93083190762766,328.18235654406925,0.9419584971306298
IDN,Indonesia,Southeast Asia,SL.UEM.TOTL.ZS,Unemployment Total %,Unemployment,Labor,Percentage,2000,6.077,7.458916923076913,Historical Prediction,Linear Regression,0.6049680615384654,0.7838114777851231,0.7366103999683575
IDN,Indonesia,Southeast Asia,SL.UEM.TOTL.ZS,Unemployment Total %,Unemployment,Labor,Percentage,2001,6.082,7.27714384615382,Historical Prediction,Linear Regression,0.6049680615384654,0.7838114777851231,0.7366103999683575
IDN,Indonesia,Southeast Asia,SL.UEM.TOTL.ZS,Unemployment Total %,Unemployment,Labor,Percentage,2002,6.604,7.095370769230783,Historical Prediction,Linear Regression,0.6049680615384654,0.7838114777851231,0.7366103999683575
IDN,Indonesia,Southeast Asia,SL.UEM.TOTL.ZS,Unemployment Total %,Unemployment,Labor,Percentage,2003,6.657,6.91359769230769,Historical Prediction,Linear Regression,0.6049680615384654,0.7838114777851231,0.7366103999683575
IDN,Indonesia,Southeast Asia,SL.UEM.TOTL.ZS,Unemployment Total %,Unemployment,Labor,Percentage,2004,7.303,6.731824615384596,Historical Prediction,Linear Regression,0.6049680615384654,0.7838114777851231,0.7366103999683575
IDN,Indonesia,Southeast Asia,SL.UEM.TOTL.ZS,Unemployment Total %,Unemployment,Labor,Percentage,2005,7.945,6.550051538461503,Historical Prediction,Linear Regression,0.6049680615384654,0.7838114777851231,0.7366103999683575
IDN,Indonesia,Southeast Asia,SL.UEM.TOTL.ZS,Unemployment Total %,Unemployment,Labor,Percentage,2006,7.551,6.368278461538466,Historical Prediction,Linear Regression,0.6049680615384654,0.7838114777851231,0.7366103999683575
IDN,Indonesia,Southeast Asia,SL.UEM.TOTL.ZS,Unemployment Total %,Unemployment,Labor,Percentage,2007,8.06,6.186505384615373,Historical Prediction,Linear Regression,0.6049680615384654,0.7838114777851231,0.7366103999683575
IDN,Indonesia,Southeast Asia,SL.UEM.TOTL.ZS,Unemployment Total %,Unemployment,Labor,Percentage,2008,7.208,6.004732307692279,Historical Prediction,Linear Regression,0.6049680615384654,0.7838114777851231,0.7366103999683575
IDN,Indonesia,Southeast Asia,SL.UEM.TOTL.ZS,Unemployment Total %,Unemployment,Labor,Percentage,2009,6.106,5.822959230769243,Historical Prediction,Linear Regression,0.6049680615384654,0.7838114777851231,0.7366103999683575
IDN,Indonesia,Southeast Asia,SL.UEM.TOTL.ZS,Unemployment Total %,Unemployment,Labor,Percentage,2010,5.614,5.641186153846149,Historical Prediction,Linear Regression,0.6049680615384654,0.7838114777851231,0.7366103999683575
IDN,Indonesia,Southeast Asia,SL.UEM.TOTL.ZS,Unemployment Total %,Unemployment,Labor,Percentage,2011,5.153,5.459413076923056,Historical Prediction,Linear Regression,0.6049680615384654,0.7838114777851231,0.7366103999683575
IDN,Indonesia,Southeast Asia,SL.UEM.TOTL.ZS,Unemployment Total %,Unemployment,Labor,Percentage,2012,4.468,5.277640000000019,Historical Prediction,Linear Regression,0.6049680615384654,0.7838114777851231,0.7366103999683575
IDN,Indonesia,Southeast Asia,SL.UEM.TOTL.ZS,Unemployment Total %,Unemployment,Labor,Percentage,2013,4.336,5.095866923076926,Historical Prediction,Linear Regression,0.6049680615384654,0.7838114777851231,0.7366103999683575
IDN,Indonesia,Southeast Asia,SL.UEM.TOTL.ZS,Unemployment Total %,Unemployment,Labor,Percentage,2014,4.049,4.914093846153833,Historical Prediction,Linear Regression,0.6049680615384654,0.7838114777851231,0.7366103999683575
IDN,Indonesia,Southeast Asia,SL.UEM.TOTL.ZS,Unemployment Total %,Unemployment,Labor,Percentage,2015,4.514,4.732320769230739,Historical Prediction,Linear Regression,0.6049680615384654,0.7838114777851231,0.7366103999683575
IDN,Indonesia,Southeast Asia,SL.UEM.TOTL.ZS,Unemployment Total %,Unemployment,Labor,Percentage,2016,4.301,4.550547692307703,Historical Prediction,Linear Regression,0.6049680615384654,0.7838114777851231,0.7366103999683575
IDN,Indonesia,Southeast Asia,SL.UEM.TOTL.ZS,Unemployment Total %,Unemployment,Labor,Percentage,2017,3.783,4.368774615384609,Historical Prediction,Linear Regression,0.6049680615384654,0.7838114777851231,0.7366103999683575
IDN,Indonesia,Southeast Asia,SL.UEM.TOTL.ZS,Unemployment Total %,Unemployment,Labor,Percentage,2018,4.387,4.187001538461516,Historical Prediction,Linear Regression,0.6049680615384654,0.7838114777851231,0.7366103999683575
IDN,Indonesia,Southeast Asia,SL.UEM.TOTL.ZS,Unemployment Total %,Unemployment,Labor,Percentage,2019,3.59,4.005228461538479,Historical Prediction,Linear Regression,0.6049680615384654,0.7838114777851231,0.7366103999683575
IDN,Indonesia,Southeast Asia,SL.UEM.TOTL.ZS,Unemployment Total %,Unemployment,Labor,Percentage,2020,4.255,3.823455384615386,Historical Prediction,Linear Regression,0.6049680615384654,0.7838114777851231,0.7366103999683575
IDN,Indonesia,Southeast Asia,SL.UEM.TOTL.ZS,Unemployment Total %,Unemployment,Labor,Percentage,2021,3.827,3.6416823076922924,Historical Prediction,Linear Regression,0.6049680615384654,0.7838114777851231,0.7366103999683575
IDN,Indonesia,Southeast Asia,SL.UEM.TOTL.ZS,Unemployment Total %,Unemployment,Labor,Percentage,2022,3.462,3.459909230769199,Historical Prediction,Linear Regression,0.6049680615384654,0.7838114777851231,0.7366103999683575
IDN,Indonesia,Southeast Asia,SL.UEM.TOTL.ZS,Unemployment Total %,Unemployment,Labor,Percentage,2023,3.308,3.2781361538461624,Historical Prediction,Linear Regression,0.6049680615384654,0.7838114777851231,0.7366103999683575
IDN,Indonesia,Southeast Asia,SL.UEM.TOTL.ZS,Unemployment Total %,Unemployment,Labor,Percentage,2024,3.301,3.096363076923069,Historical Prediction,Linear Regression,0.6049680615384654,0.7838114777851231,0.7366103999683575
IDN,Indonesia,Southeast Asia,SL.UEM.TOTL.ZS,Unemployment Total %,Unemployment,Labor,Percentage,2025,,2.9145899999999756,Future Forecast,Linear Regression,0.6049680615384654,0.7838114777851231,0.7366103999683575
IDN,Indonesia,Southeast Asia,SL.UEM.TOTL.ZS,Unemployment Total %,Unemployment,Labor,Percentage,2026,,2.732816923076939,Future Forecast,Linear Regression,0.6049680615384654,0.7838114777851231,0.7366103999683575
IDN,Indonesia,Southeast Asia,SL.UEM.TOTL.ZS,Unemployment Total %,Unemployment,Labor,Percentage,2027,,2.5510438461538456,Future Forecast,Linear Regression,0.6049680615384654,0.7838114777851231,0.7366103999683575
IDN,Indonesia,Southeast Asia,SL.UEM.TOTL.ZS,Unemployment Total %,Unemployment,Labor,Percentage,2028,,2.369270769230752,Future Forecast,Linear Regression,0.6049680615384654,0.7838114777851231,0.7366103999683575
IDN,Indonesia,Southeast Asia,SL.UEM.TOTL.ZS,Unemployment Total %,Unemployment,Labor,Percentage,2029,,2.187497692307659,Future Forecast,Linear Regression,0.6049680615384654,0.7838114777851231,0.7366103999683575
IDN,Indonesia,Southeast Asia,SP.POP.TOTL,Total Population,Population,Population,People,2000,216077790.0,217042475.33230686,Historical Prediction,Linear Regression,954811.8911998367,1138627.5574147194,0.9970026915485146
IDN,Indonesia,Southeast Asia,SP.POP.TOTL,Total Population,Population,Population,People,2001,219097902.0,219922276.2446146,Historical Prediction,Linear Regression,954811.8911998367,1138627.5574147194,0.9970026915485146
IDN,Indonesia,Southeast Asia,SP.POP.TOTL,Total Population,Population,Population,People,2002,222088495.0,222802077.15692234,Historical Prediction,Linear Regression,954811.8911998367,1138627.5574147194,0.9970026915485146
IDN,Indonesia,Southeast Asia,SP.POP.TOTL,Total Population,Population,Population,People,2003,225048008.0,225681878.06923008,Historical Prediction,Linear Regression,954811.8911998367,1138627.5574147194,0.9970026915485146
IDN,Indonesia,Southeast Asia,SP.POP.TOTL,Total Population,Population,Population,People,2004,227926649.0,228561678.98153782,Historical Prediction,Linear Regression,954811.8911998367,1138627.5574147194,0.9970026915485146
IDN,Indonesia,Southeast Asia,SP.POP.TOTL,Total Population,Population,Population,People,2005,230871650.0,231441479.89384556,Historical Prediction,Linear Regression,954811.8911998367,1138627.5574147194,0.9970026915485146
IDN,Indonesia,Southeast Asia,SP.POP.TOTL,Total Population,Population,Population,People,2006,233951652.0,234321280.8061533,Historical Prediction,Linear Regression,954811.8911998367,1138627.5574147194,0.9970026915485146
IDN,Indonesia,Southeast Asia,SP.POP.TOTL,Total Population,Population,Population,People,2007,237062337.0,237201081.71846104,Historical Prediction,Linear Regression,954811.8911998367,1138627.5574147194,0.9970026915485146
IDN,Indonesia,Southeast Asia,SP.POP.TOTL,Total Population,Population,Population,People,2008,240157903.0,240080882.63076878,Historical Prediction,Linear Regression,954811.8911998367,1138627.5574147194,0.9970026915485146
IDN,Indonesia,Southeast Asia,SP.POP.TOTL,Total Population,Population,Population,People,2009,243220028.0,242960683.54307652,Historical Prediction,Linear Regression,954811.8911998367,1138627.5574147194,0.9970026915485146
IDN,Indonesia,Southeast Asia,SP.POP.TOTL,Total Population,Population,Population,People,2010,246305322.0,245840484.45538425,Historical Prediction,Linear Regression,954811.8911998367,1138627.5574147194,0.9970026915485146
IDN,Indonesia,Southeast Asia,SP.POP.TOTL,Total Population,Population,Population,People,2011,249470032.0,248720285.367692,Historical Prediction,Linear Regression,954811.8911998367,1138627.5574147194,0.9970026915485146
IDN,Indonesia,Southeast Asia,SP.POP.TOTL,Total Population,Population,Population,People,2012,252698525.0,251600086.27999973,Historical Prediction,Linear Regression,954811.8911998367,1138627.5574147194,0.9970026915485146
IDN,Indonesia,Southeast Asia,SP.POP.TOTL,Total Population,Population,Population,People,2013,255852467.0,254479887.19230747,Historical Prediction,Linear Regression,954811.8911998367,1138627.5574147194,0.9970026915485146
IDN,Indonesia,Southeast Asia,SP.POP.TOTL,Total Population,Population,Population,People,2014,258877399.0,257359688.1046152,Historical Prediction,Linear Regression,954811.8911998367,1138627.5574147194,0.9970026915485146
IDN,Indonesia,Southeast Asia,SP.POP.TOTL,Total Population,Population,Population,People,2015,261799249.0,260239489.01692295,Historical Prediction,Linear Regression,954811.8911998367,1138627.5574147194,0.9970026915485146
IDN,Indonesia,Southeast Asia,SP.POP.TOTL,Total Population,Population,Population,People,2016,264627418.0,263119289.9292307,Historical Prediction,Linear Regression,954811.8911998367,1138627.5574147194,0.9970026915485146
IDN,Indonesia,Southeast Asia,SP.POP.TOTL,Total Population,Population,Population,People,2017,267346658.0,265999090.84153843,Historical Prediction,Linear Regression,954811.8911998367,1138627.5574147194,0.9970026915485146
IDN,Indonesia,Southeast Asia,SP.POP.TOTL,Total Population,Population,Population,People,2018,269951846.0,268878891.75384617,Historical Prediction,Linear Regression,954811.8911998367,1138627.5574147194,0.9970026915485146
IDN,Indonesia,Southeast Asia,SP.POP.TOTL,Total Population,Population,Population,People,2019,272489381.0,271758692.66615295,Historical Prediction,Linear Regression,954811.8911998367,1138627.5574147194,0.9970026915485146
IDN,Indonesia,Southeast Asia,SP.POP.TOTL,Total Population,Population,Population,People,2020,274814866.0,274638493.5784607,Historical Prediction,Linear Regression,954811.8911998367,1138627.5574147194,0.9970026915485146
IDN,Indonesia,Southeast Asia,SP.POP.TOTL,Total Population,Population,Population,People,2021,276758053.0,277518294.49076843,Historical Prediction,Linear Regression,954811.8911998367,1138627.5574147194,0.9970026915485146
IDN,Indonesia,Southeast Asia,SP.POP.TOTL,Total Population,Population,Population,People,2022,278830529.0,280398095.4030762,Historical Prediction,Linear Regression,954811.8911998367,1138627.5574147194,0.9970026915485146
IDN,Indonesia,Southeast Asia,SP.POP.TOTL,Total Population,Population,Population,People,2023,281190067.0,283277896.3153839,Historical Prediction,Linear Regression,954811.8911998367,1138627.5574147194,0.9970026915485146
IDN,Indonesia,Southeast Asia,SP.POP.TOTL,Total Population,Population,Population,People,2024,283487931.0,286157697.22769165,Historical Prediction,Linear Regression,954811.8911998367,1138627.5574147194,0.9970026915485146
IDN,Indonesia,Southeast Asia,SP.POP.TOTL,Total Population,Population,Population,People,2025,,289037498.1399994,Future Forecast,Linear Regression,954811.8911998367,1138627.5574147194,0.9970026915485146
IDN,Indonesia,Southeast Asia,SP.POP.TOTL,Total Population,Population,Population,People,2026,,291917299.0523071,Future Forecast,Linear Regression,954811.8911998367,1138627.5574147194,0.9970026915485146
IDN,Indonesia,Southeast Asia,SP.POP.TOTL,Total Population,Population,Population,People,2027,,294797099.96461487,Future Forecast,Linear Regression,954811.8911998367,1138627.5574147194,0.9970026915485146
IDN,Indonesia,Southeast Asia,SP.POP.TOTL,Total Population,Population,Population,People,2028,,297676900.8769226,Future Forecast,Linear Regression,954811.8911998367,1138627.5574147194,0.9970026915485146
IDN,Indonesia,Southeast Asia,SP.POP.TOTL,Total Population,Population,Population,People,2029,,300556701.78923035,Future Forecast,Linear Regression,954811.8911998367,1138627.5574147194,0.9970026915485146
IND,India,South Asia,FP.CPI.TOTL.ZG,Inflation Annual %,Inflation,Economy,Percentage,2000,4.0094359104519,5.909908740446106,Historical Prediction,Linear Regression,1.9991163418529754,2.4366912810954657,0.0019930160226379057
IND,India,South Asia,FP.CPI.TOTL.ZG,Inflation Annual %,Inflation,Economy,Percentage,2001,3.77929312235637,5.925009105353968,Historical Prediction,Linear Regression,1.9991163418529754,2.4366912810954657,0.0019930160226379057
IND,India,South Asia,FP.CPI.TOTL.ZG,Inflation Annual %,Inflation,Economy,Percentage,2002,4.29715203929563,5.940109470261827,Historical Prediction,Linear Regression,1.9991163418529754,2.4366912810954657,0.0019930160226379057
IND,India,South Asia,FP.CPI.TOTL.ZG,Inflation Annual %,Inflation,Economy,Percentage,2003,3.80585899528851,5.95520983516969,Historical Prediction,Linear Regression,1.9991163418529754,2.4366912810954657,0.0019930160226379057
IND,India,South Asia,FP.CPI.TOTL.ZG,Inflation Annual %,Inflation,Economy,Percentage,2004,3.76725173477515,5.970310200077549,Historical Prediction,Linear Regression,1.9991163418529754,2.4366912810954657,0.0019930160226379057
IND,India,South Asia,FP.CPI.TOTL.ZG,Inflation Annual %,Inflation,Economy,Percentage,2005,4.24634362031922,5.985410564985411,Historical Prediction,Linear Regression,1.9991163418529754,2.4366912810954657,0.0019930160226379057
IND,India,South Asia,FP.CPI.TOTL.ZG,Inflation Annual %,Inflation,Economy,Percentage,2006,5.79652337561634,6.00051092989327,Historical Prediction,Linear Regression,1.9991163418529754,2.4366912810954657,0.0019930160226379057
IND,India,South Asia,FP.CPI.TOTL.ZG,Inflation Annual %,Inflation,Economy,Percentage,2007,6.37288135593231,6.015611294801129,Historical Prediction,Linear Regression,1.9991163418529754,2.4366912810954657,0.0019930160226379057
IND,India,South Asia,FP.CPI.TOTL.ZG,Inflation Annual %,Inflation,Economy,Percentage,2008,8.34926704907581,6.030711659708992,Historical Prediction,Linear Regression,1.9991163418529754,2.4366912810954657,0.0019930160226379057
IND,India,South Asia,FP.CPI.TOTL.ZG,Inflation Annual %,Inflation,Economy,Percentage,2009,10.8823529411764,6.0458120246168505,Historical Prediction,Linear Regression,1.9991163418529754,2.4366912810954657,0.0019930160226379057
IND,India,South Asia,FP.CPI.TOTL.ZG,Inflation Annual %,Inflation,Economy,Percentage,2010,11.9893899204244,6.060912389524713,Historical Prediction,Linear Regression,1.9991163418529754,2.4366912810954657,0.0019930160226379057
IND,India,South Asia,FP.CPI.TOTL.ZG,Inflation Annual %,Inflation,Economy,Percentage,2011,8.91179336483371,6.076012754432572,Historical Prediction,Linear Regression,1.9991163418529754,2.4366912810954657,0.0019930160226379057
IND,India,South Asia,FP.CPI.TOTL.ZG,Inflation Annual %,Inflation,Economy,Percentage,2012,9.47899691419801,6.091113119340434,Historical Prediction,Linear Regression,1.9991163418529754,2.4366912810954657,0.0019930160226379057
IND,India,South Asia,FP.CPI.TOTL.ZG,Inflation Annual %,Inflation,Economy,Percentage,2013,10.0178784746102,6.106213484248293,Historical Prediction,Linear Regression,1.9991163418529754,2.4366912810954657,0.0019930160226379057
IND,India,South Asia,FP.CPI.TOTL.ZG,Inflation Annual %,Inflation,Economy,Percentage,2014,6.66565671867899,6.121313849156156,Historical Prediction,Linear Regression,1.9991163418529754,2.4366912810954657,0.0019930160226379057
IND,India,South Asia,FP.CPI.TOTL.ZG,Inflation Annual %,Inflation,Economy,Percentage,2015,4.90697344127256,6.136414214064015,Historical Prediction,Linear Regression,1.9991163418529754,2.4366912810954657,0.0019930160226379057
IND,India,South Asia,FP.CPI.TOTL.ZG,Inflation Annual %,Inflation,Economy,Percentage,2016,4.94821634062141,6.151514578971877,Historical Prediction,Linear Regression,1.9991163418529754,2.4366912810954657,0.0019930160226379057
IND,India,South Asia,FP.CPI.TOTL.ZG,Inflation Annual %,Inflation,Economy,Percentage,2017,3.32817337461298,6.166614943879736,Historical Prediction,Linear Regression,1.9991163418529754,2.4366912810954657,0.0019930160226379057
IND,India,South Asia,FP.CPI.TOTL.ZG,Inflation Annual %,Inflation,Economy,Percentage,2018,3.9388264669163,6.181715308787599,Historical Prediction,Linear Regression,1.9991163418529754,2.4366912810954657,0.0019930160226379057
IND,India,South Asia,FP.CPI.TOTL.ZG,Inflation Annual %,Inflation,Economy,Percentage,2019,3.72950573539129,6.196815673695458,Historical Prediction,Linear Regression,1.9991163418529754,2.4366912810954657,0.0019930160226379057
IND,India,South Asia,FP.CPI.TOTL.ZG,Inflation Annual %,Inflation,Economy,Percentage,2020,6.62343677628535,6.21191603860332,Historical Prediction,Linear Regression,1.9991163418529754,2.4366912810954657,0.0019930160226379057
IND,India,South Asia,FP.CPI.TOTL.ZG,Inflation Annual %,Inflation,Economy,Percentage,2021,5.13140747176369,6.227016403511179,Historical Prediction,Linear Regression,1.9991163418529754,2.4366912810954657,0.0019930160226379057
IND,India,South Asia,FP.CPI.TOTL.ZG,Inflation Annual %,Inflation,Economy,Percentage,2022,6.69903414079852,6.2421167684190415,Historical Prediction,Linear Regression,1.9991163418529754,2.4366912810954657,0.0019930160226379057
IND,India,South Asia,FP.CPI.TOTL.ZG,Inflation Annual %,Inflation,Economy,Percentage,2023,5.64914318907925,6.2572171333269,Historical Prediction,Linear Regression,1.9991163418529754,2.4366912810954657,0.0019930160226379057
IND,India,South Asia,FP.CPI.TOTL.ZG,Inflation Annual %,Inflation,Economy,Percentage,2024,4.95303550973656,6.272317498234763,Historical Prediction,Linear Regression,1.9991163418529754,2.4366912810954657,0.0019930160226379057
IND,India,South Asia,FP.CPI.TOTL.ZG,Inflation Annual %,Inflation,Economy,Percentage,2025,,6.287417863142622,Future Forecast,Linear Regression,1.9991163418529754,2.4366912810954657,0.0019930160226379057
IND,India,South Asia,FP.CPI.TOTL.ZG,Inflation Annual %,Inflation,Economy,Percentage,2026,,6.302518228050484,Future Forecast,Linear Regression,1.9991163418529754,2.4366912810954657,0.0019930160226379057
IND,India,South Asia,FP.CPI.TOTL.ZG,Inflation Annual %,Inflation,Economy,Percentage,2027,,6.317618592958343,Future Forecast,Linear Regression,1.9991163418529754,2.4366912810954657,0.0019930160226379057
IND,India,South Asia,FP.CPI.TOTL.ZG,Inflation Annual %,Inflation,Economy,Percentage,2028,,6.332718957866202,Future Forecast,Linear Regression,1.9991163418529754,2.4366912810954657,0.0019930160226379057
IND,India,South Asia,FP.CPI.TOTL.ZG,Inflation Annual %,Inflation,Economy,Percentage,2029,,6.347819322774065,Future Forecast,Linear Regression,1.9991163418529754,2.4366912810954657,0.0019930160226379057
IND,India,South Asia,NE.EXP.GNFS.ZS,Exports of Goods and Services % of GDP,Exports % GDP,Trade,Percentage,2000,12.9972363113479,17.213066580098314,Historical Prediction,Linear Regression,2.5921379119742136,2.977235901313097,0.24545810267890744
IND,India,South Asia,NE.EXP.GNFS.ZS,Exports of Goods and Services % of GDP,Exports % GDP,Trade,Percentage,2001,12.5583796339108,17.44854904986431,Historical Prediction,Linear Regression,2.5921379119742136,2.977235901313097,0.24545810267890744
IND,India,South Asia,NE.EXP.GNFS.ZS,Exports of Goods and Services % of GDP,Exports % GDP,Trade,Percentage,2002,14.2643839243147,17.68403151963031,Historical Prediction,Linear Regression,2.5921379119742136,2.977235901313097,0.24545810267890744
IND,India,South Asia,NE.EXP.GNFS.ZS,Exports of Goods and Services % of GDP,Exports % GDP,Trade,Percentage,2003,14.9479138581734,17.91951398939625,Historical Prediction,Linear Regression,2.5921379119742136,2.977235901313097,0.24545810267890744
IND,India,South Asia,NE.EXP.GNFS.ZS,Exports of Goods and Services % of GDP,Exports % GDP,Trade,Percentage,2004,17.8591249630479,18.15499645916225,Historical Prediction,Linear Regression,2.5921379119742136,2.977235901313097,0.24545810267890744
IND,India,South Asia,NE.EXP.GNFS.ZS,Exports of Goods and Services % of GDP,Exports % GDP,Trade,Percentage,2005,19.6052466948335,18.39047892892819,Historical Prediction,Linear Regression,2.5921379119742136,2.977235901313097,0.24545810267890744
IND,India,South Asia,NE.EXP.GNFS.ZS,Exports of Goods and Services % of GDP,Exports % GDP,Trade,Percentage,2006,21.2679414221966,18.625961398694187,Historical Prediction,Linear Regression,2.5921379119742136,2.977235901313097,0.24545810267890744
IND,India,South Asia,NE.EXP.GNFS.ZS,Exports of Goods and Services % of GDP,Exports % GDP,Trade,Percentage,2007,20.7996997489032,18.861443868460185,Historical Prediction,Linear Regression,2.5921379119742136,2.977235901313097,0.24545810267890744
IND,India,South Asia,NE.EXP.GNFS.ZS,Exports of Goods and Services % of GDP,Exports % GDP,Trade,Percentage,2008,24.0973572601391,19.096926338226126,Historical Prediction,Linear Regression,2.5921379119742136,2.977235901313097,0.24545810267890744
IND,India,South Asia,NE.EXP.GNFS.ZS,Exports of Goods and Services % of GDP,Exports % GDP,Trade,Percentage,2009,20.4005193743564,19.332408807992124,Historical Prediction,Linear Regression,2.5921379119742136,2.977235901313097,0.24545810267890744
IND,India,South Asia,NE.EXP.GNFS.ZS,Exports of Goods and Services % of GDP,Exports % GDP,Trade,Percentage,2010,22.4009332487945,19.56789127775812,Historical Prediction,Linear Regression,2.5921379119742136,2.977235901313097,0.24545810267890744
IND,India,South Asia,NE.EXP.GNFS.ZS,Exports of Goods and Services % of GDP,Exports % GDP,Trade,Percentage,2011,24.5404113195713,19.803373747524063,Historical Prediction,Linear Regression,2.5921379119742136,2.977235901313097,0.24545810267890744
IND,India,South Asia,NE.EXP.GNFS.ZS,Exports of Goods and Services % of GDP,Exports % GDP,Trade,Percentage,2012,24.534430661418,20.03885621729006,Historical Prediction,Linear Regression,2.5921379119742136,2.977235901313097,0.24545810267890744
IND,India,South Asia,NE.EXP.GNFS.ZS,Exports of Goods and Services % of GDP,Exports % GDP,Trade,Percentage,2013,25.430861300519,20.274338687056,Historical Prediction,Linear Regression,2.5921379119742136,2.977235901313097,0.24545810267890744
IND,India,South Asia,NE.EXP.GNFS.ZS,Exports of Goods and Services % of GDP,Exports % GDP,Trade,Percentage,2014,22.9679630081172,20.509821156822,Historical Prediction,Linear Regression,2.5921379119742136,2.977235901313097,0.24545810267890744
IND,India,South Asia,NE.EXP.GNFS.ZS,Exports of Goods and Services % of GDP,Exports % GDP,Trade,Percentage,2015,19.8131891564045,20.745303626587997,Historical Prediction,Linear Regression,2.5921379119742136,2.977235901313097,0.24545810267890744
IND,India,South Asia,NE.EXP.GNFS.ZS,Exports of Goods and Services % of GDP,Exports % GDP,Trade,Percentage,2016,19.1582349105946,20.98078609635394,Historical Prediction,Linear Regression,2.5921379119742136,2.977235901313097,0.24545810267890744
IND,India,South Asia,NE.EXP.GNFS.ZS,Exports of Goods and Services % of GDP,Exports % GDP,Trade,Percentage,2017,18.7917648392982,21.216268566119936,Historical Prediction,Linear Regression,2.5921379119742136,2.977235901313097,0.24545810267890744
IND,India,South Asia,NE.EXP.GNFS.ZS,Exports of Goods and Services % of GDP,Exports % GDP,Trade,Percentage,2018,19.9278285988562,21.451751035885877,Historical Prediction,Linear Regression,2.5921379119742136,2.977235901313097,0.24545810267890744
IND,India,South Asia,NE.EXP.GNFS.ZS,Exports of Goods and Services % of GDP,Exports % GDP,Trade,Percentage,2019,18.664264897257,21.687233505651875,Historical Prediction,Linear Regression,2.5921379119742136,2.977235901313097,0.24545810267890744
IND,India,South Asia,NE.EXP.GNFS.ZS,Exports of Goods and Services % of GDP,Exports % GDP,Trade,Percentage,2020,18.6824769296756,21.922715975417873,Historical Prediction,Linear Regression,2.5921379119742136,2.977235901313097,0.24545810267890744
IND,India,South Asia,NE.EXP.GNFS.ZS,Exports of Goods and Services % of GDP,Exports % GDP,Trade,Percentage,2021,21.3991583305515,22.158198445183814,Historical Prediction,Linear Regression,2.5921379119742136,2.977235901313097,0.24545810267890744
IND,India,South Asia,NE.EXP.GNFS.ZS,Exports of Goods and Services % of GDP,Exports % GDP,Trade,Percentage,2022,23.2515412045298,22.39368091494981,Historical Prediction,Linear Regression,2.5921379119742136,2.977235901313097,0.24545810267890744
IND,India,South Asia,NE.EXP.GNFS.ZS,Exports of Goods and Services % of GDP,Exports % GDP,Trade,Percentage,2023,21.4486977833541,22.62916338471581,Historical Prediction,Linear Regression,2.5921379119742136,2.977235901313097,0.24545810267890744
IND,India,South Asia,NE.EXP.GNFS.ZS,Exports of Goods and Services % of GDP,Exports % GDP,Trade,Percentage,2024,21.1618460520863,22.86464585448175,Historical Prediction,Linear Regression,2.5921379119742136,2.977235901313097,0.24545810267890744
IND,India,South Asia,NE.EXP.GNFS.ZS,Exports of Goods and Services % of GDP,Exports % GDP,Trade,Percentage,2025,,23.10012832424775,Future Forecast,Linear Regression,2.5921379119742136,2.977235901313097,0.24545810267890744
IND,India,South Asia,NE.EXP.GNFS.ZS,Exports of Goods and Services % of GDP,Exports % GDP,Trade,Percentage,2026,,23.33561079401369,Future Forecast,Linear Regression,2.5921379119742136,2.977235901313097,0.24545810267890744
IND,India,South Asia,NE.EXP.GNFS.ZS,Exports of Goods and Services % of GDP,Exports % GDP,Trade,Percentage,2027,,23.571093263779687,Future Forecast,Linear Regression,2.5921379119742136,2.977235901313097,0.24545810267890744
IND,India,South Asia,NE.EXP.GNFS.ZS,Exports of Goods and Services % of GDP,Exports % GDP,Trade,Percentage,2028,,23.806575733545685,Future Forecast,Linear Regression,2.5921379119742136,2.977235901313097,0.24545810267890744
IND,India,South Asia,NE.EXP.GNFS.ZS,Exports of Goods and Services % of GDP,Exports % GDP,Trade,Percentage,2029,,24.042058203311626,Future Forecast,Linear Regression,2.5921379119742136,2.977235901313097,0.24545810267890744
IND,India,South Asia,NV.AGR.TOTL.ZS,Agriculture Value Added % of GDP,Agriculture % GDP,Agriculture,Percentage,2000,21.6110620465121,19.155701032618595,Historical Prediction,Linear Regression,0.9235602878074279,1.1408646935146967,0.4397791167948917
IND,India,South Asia,NV.AGR.TOTL.ZS,Agriculture Value Added % of GDP,Agriculture % GDP,Agriculture,Percentage,2001,21.6188848861438,19.015526175272498,Historical Prediction,Linear Regression,0.9235602878074279,1.1408646935146967,0.4397791167948917
IND,India,South Asia,NV.AGR.TOTL.ZS,Agriculture Value Added % of GDP,Agriculture % GDP,Agriculture,Percentage,2002,19.5345432709546,18.875351317926345,Historical Prediction,Linear Regression,0.9235602878074279,1.1408646935146967,0.4397791167948917
IND,India,South Asia,NV.AGR.TOTL.ZS,Agriculture Value Added % of GDP,Agriculture % GDP,Agriculture,Percentage,2003,19.5919979784251,18.735176460580192,Historical Prediction,Linear Regression,0.9235602878074279,1.1408646935146967,0.4397791167948917
IND,India,South Asia,NV.AGR.TOTL.ZS,Agriculture Value Added % of GDP,Agriculture % GDP,Agriculture,Percentage,2004,17.8146906487994,18.59500160323404,Historical Prediction,Linear Regression,0.9235602878074279,1.1408646935146967,0.4397791167948917
IND,India,South Asia,NV.AGR.TOTL.ZS,Agriculture Value Added % of GDP,Agriculture % GDP,Agriculture,Percentage,2005,17.6202069548839,18.454826745887885,Historical Prediction,Linear Regression,0.9235602878074279,1.1408646935146967,0.4397791167948917
IND,India,South Asia,NV.AGR.TOTL.ZS,Agriculture Value Added % of GDP,Agriculture % GDP,Agriculture,Percentage,2006,16.8094420944381,18.314651888541732,Historical Prediction,Linear Regression,0.9235602878074279,1.1408646935146967,0.4397791167948917
IND,India,South Asia,NV.AGR.TOTL.ZS,Agriculture Value Added % of GDP,Agriculture % GDP,Agriculture,Percentage,2007,16.7501197597569,18.17447703119558,Historical Prediction,Linear Regression,0.9235602878074279,1.1408646935146967,0.4397791167948917
IND,India,South Asia,NV.AGR.TOTL.ZS,Agriculture Value Added % of GDP,Agriculture % GDP,Agriculture,Percentage,2008,16.7909423598037,18.034302173849426,Historical Prediction,Linear Regression,0.9235602878074279,1.1408646935146967,0.4397791167948917
IND,India,South Asia,NV.AGR.TOTL.ZS,Agriculture Value Added % of GDP,Agriculture % GDP,Agriculture,Percentage,2009,16.7442701563161,17.894127316503273,Historical Prediction,Linear Regression,0.9235602878074279,1.1408646935146967,0.4397791167948917
IND,India,South Asia,NV.AGR.TOTL.ZS,Agriculture Value Added % of GDP,Agriculture % GDP,Agriculture,Percentage,2010,17.0265090136912,17.75395245915712,Historical Prediction,Linear Regression,0.9235602878074279,1.1408646935146967,0.4397791167948917
IND,India,South Asia,NV.AGR.TOTL.ZS,Agriculture Value Added % of GDP,Agriculture % GDP,Agriculture,Percentage,2011,17.191973558015,17.613777601810966,Historical Prediction,Linear Regression,0.9235602878074279,1.1408646935146967,0.4397791167948917
IND,India,South Asia,NV.AGR.TOTL.ZS,Agriculture Value Added % of GDP,Agriculture % GDP,Agriculture,Percentage,2012,16.8453770661356,17.47360274446487,Historical Prediction,Linear Regression,0.9235602878074279,1.1408646935146967,0.4397791167948917
IND,India,South Asia,NV.AGR.TOTL.ZS,Agriculture Value Added % of GDP,Agriculture % GDP,Agriculture,Percentage,2013,17.1484235433697,17.333427887118717,Historical Prediction,Linear Regression,0.9235602878074279,1.1408646935146967,0.4397791167948917
IND,India,South Asia,NV.AGR.TOTL.ZS,Agriculture Value Added % of GDP,Agriculture % GDP,Agriculture,Percentage,2014,16.7919345145039,17.193253029772563,Historical Prediction,Linear Regression,0.9235602878074279,1.1408646935146967,0.4397791167948917
IND,India,South Asia,NV.AGR.TOTL.ZS,Agriculture Value Added % of GDP,Agriculture % GDP,Agriculture,Percentage,2015,16.1745081068401,17.05307817242641,Historical Prediction,Linear Regression,0.9235602878074279,1.1408646935146967,0.4397791167948917
IND,India,South Asia,NV.AGR.TOTL.ZS,Agriculture Value Added % of GDP,Agriculture % GDP,Agriculture,Percentage,2016,16.3638005616331,16.912903315080257,Historical Prediction,Linear Regression,0.9235602878074279,1.1408646935146967,0.4397791167948917
IND,India,South Asia,NV.AGR.TOTL.ZS,Agriculture Value Added % of GDP,Agriculture % GDP,Agriculture,Percentage,2017,16.5583314049368,16.772728457734104,Historical Prediction,Linear Regression,0.9235602878074279,1.1408646935146967,0.4397791167948917
IND,India,South Asia,NV.AGR.TOTL.ZS,Agriculture Value Added % of GDP,Agriculture % GDP,Agriculture,Percentage,2018,16.031630686449,16.63255360038795,Historical Prediction,Linear Regression,0.9235602878074279,1.1408646935146967,0.4397791167948917
IND,India,South Asia,NV.AGR.TOTL.ZS,Agriculture Value Added % of GDP,Agriculture % GDP,Agriculture,Percentage,2019,16.7555683032837,16.492378743041797,Historical Prediction,Linear Regression,0.9235602878074279,1.1408646935146967,0.4397791167948917
IND,India,South Asia,NV.AGR.TOTL.ZS,Agriculture Value Added % of GDP,Agriculture % GDP,Agriculture,Percentage,2020,18.6685376603727,16.352203885695644,Historical Prediction,Linear Regression,0.9235602878074279,1.1408646935146967,0.4397791167948917
IND,India,South Asia,NV.AGR.TOTL.ZS,Agriculture Value Added % of GDP,Agriculture % GDP,Agriculture,Percentage,2021,17.3725615260314,16.21202902834949,Historical Prediction,Linear Regression,0.9235602878074279,1.1408646935146967,0.4397791167948917
IND,India,South Asia,NV.AGR.TOTL.ZS,Agriculture Value Added % of GDP,Agriculture % GDP,Agriculture,Percentage,2022,16.5461295925754,16.071854171003395,Historical Prediction,Linear Regression,0.9235602878074279,1.1408646935146967,0.4397791167948917
IND,India,South Asia,NV.AGR.TOTL.ZS,Agriculture Value Added % of GDP,Agriculture % GDP,Agriculture,Percentage,2023,16.1931893571591,15.931679313657241,Historical Prediction,Linear Regression,0.9235602878074279,1.1408646935146967,0.4397791167948917
IND,India,South Asia,NV.AGR.TOTL.ZS,Agriculture Value Added % of GDP,Agriculture % GDP,Agriculture,Percentage,2024,16.2854335605917,15.791504456311088,Historical Prediction,Linear Regression,0.9235602878074279,1.1408646935146967,0.4397791167948917
IND,India,South Asia,NV.AGR.TOTL.ZS,Agriculture Value Added % of GDP,Agriculture % GDP,Agriculture,Percentage,2025,,15.651329598964935,Future Forecast,Linear Regression,0.9235602878074279,1.1408646935146967,0.4397791167948917
IND,India,South Asia,NV.AGR.TOTL.ZS,Agriculture Value Added % of GDP,Agriculture % GDP,Agriculture,Percentage,2026,,15.511154741618782,Future Forecast,Linear Regression,0.9235602878074279,1.1408646935146967,0.4397791167948917
IND,India,South Asia,NV.AGR.TOTL.ZS,Agriculture Value Added % of GDP,Agriculture % GDP,Agriculture,Percentage,2027,,15.370979884272629,Future Forecast,Linear Regression,0.9235602878074279,1.1408646935146967,0.4397791167948917
IND,India,South Asia,NV.AGR.TOTL.ZS,Agriculture Value Added % of GDP,Agriculture % GDP,Agriculture,Percentage,2028,,15.230805026926475,Future Forecast,Linear Regression,0.9235602878074279,1.1408646935146967,0.4397791167948917
IND,India,South Asia,NV.AGR.TOTL.ZS,Agriculture Value Added % of GDP,Agriculture % GDP,Agriculture,Percentage,2029,,15.090630169580322,Future Forecast,Linear Regression,0.9235602878074279,1.1408646935146967,0.4397791167948917
IND,India,South Asia,NY.GDP.MKTP.CD,GDP Current US$,GDP,Economy,US Dollars,2000,468395521654.458,190894392970.625,Historical Prediction,Linear Regression,115313730212.45528,147743380718.48148,0.9791087793451098
IND,India,South Asia,NY.GDP.MKTP.CD,GDP Current US$,GDP,Economy,US Dollars,2001,485440139204.171,331156359946.6875,Historical Prediction,Linear Regression,115313730212.45528,147743380718.48148,0.9791087793451098
IND,India,South Asia,NY.GDP.MKTP.CD,GDP Current US$,GDP,Economy,US Dollars,2002,514939140318.756,471418326922.78125,Historical Prediction,Linear Regression,115313730212.45528,147743380718.48148,0.9791087793451098
IND,India,South Asia,NY.GDP.MKTP.CD,GDP Current US$,GDP,Economy,US Dollars,2003,607700687237.318,611680293898.8438,Historical Prediction,Linear Regression,115313730212.45528,147743380718.48148,0.9791087793451098
IND,India,South Asia,NY.GDP.MKTP.CD,GDP Current US$,GDP,Economy,US Dollars,2004,709152728830.775,751942260874.9062,Historical Prediction,Linear Regression,115313730212.45528,147743380718.48148,0.9791087793451098
IND,India,South Asia,NY.GDP.MKTP.CD,GDP Current US$,GDP,Economy,US Dollars,2005,820383763511.445,892204227850.9688,Historical Prediction,Linear Regression,115313730212.45528,147743380718.48148,0.9791087793451098
IND,India,South Asia,NY.GDP.MKTP.CD,GDP Current US$,GDP,Economy,US Dollars,2006,940259888787.721,1032466194827.0625,Historical Prediction,Linear Regression,115313730212.45528,147743380718.48148,0.9791087793451098
IND,India,South Asia,NY.GDP.MKTP.CD,GDP Current US$,GDP,Economy,US Dollars,2007,1216736438834.96,1172728161803.125,Historical Prediction,Linear Regression,115313730212.45528,147743380718.48148,0.9791087793451098
IND,India,South Asia,NY.GDP.MKTP.CD,GDP Current US$,GDP,Economy,US Dollars,2008,1198895139005.92,1312990128779.1875,Historical Prediction,Linear Regression,115313730212.45528,147743380718.48148,0.9791087793451098
IND,India,South Asia,NY.GDP.MKTP.CD,GDP Current US$,GDP,Economy,US Dollars,2009,1341888016994.9,1453252095755.25,Historical Prediction,Linear Regression,115313730212.45528,147743380718.48148,0.9791087793451098
IND,India,South Asia,NY.GDP.MKTP.CD,GDP Current US$,GDP,Economy,US Dollars,2010,1675615519484.96,1593514062731.3125,Historical Prediction,Linear Regression,115313730212.45528,147743380718.48148,0.9791087793451098
IND,India,South Asia,NY.GDP.MKTP.CD,GDP Current US$,GDP,Economy,US Dollars,2011,1823051829894.55,1733776029707.4375,Historical Prediction,Linear Regression,115313730212.45528,147743380718.48148,0.9791087793451098
IND,India,South Asia,NY.GDP.MKTP.CD,GDP Current US$,GDP,Economy,US Dollars,2012,1827637590410.41,1874037996683.5,Historical Prediction,Linear Regression,115313730212.45528,147743380718.48148,0.9791087793451098
IND,India,South Asia,NY.GDP.MKTP.CD,GDP Current US$,GDP,Economy,US Dollars,2013,1856721507621.58,2014299963659.5625,Historical Prediction,Linear Regression,115313730212.45528,147743380718.48148,0.9791087793451098
IND,India,South Asia,NY.GDP.MKTP.CD,GDP Current US$,GDP,Economy,US Dollars,2014,2039126479154.52,2154561930635.625,Historical Prediction,Linear Regression,115313730212.45528,147743380718.48148,0.9791087793451098
IND,India,South Asia,NY.GDP.MKTP.CD,GDP Current US$,GDP,Economy,US Dollars,2015,2103588360044.94,2294823897611.6875,Historical Prediction,Linear Regression,115313730212.45528,147743380718.48148,0.9791087793451098
IND,India,South Asia,NY.GDP.MKTP.CD,GDP Current US$,GDP,Economy,US Dollars,2016,2294796885663.16,2435085864587.75,Historical Prediction,Linear Regression,115313730212.45528,147743380718.48148,0.9791087793451098
IND,India,South Asia,NY.GDP.MKTP.CD,GDP Current US$,GDP,Economy,US Dollars,2017,2651474262755.45,2575347831563.8125,Historical Prediction,Linear Regression,115313730212.45528,147743380718.48148,0.9791087793451098
IND,India,South Asia,NY.GDP.MKTP.CD,GDP Current US$,GDP,Economy,US Dollars,2018,2702929641648.74,2715609798539.9375,Historical Prediction,Linear Regression,115313730212.45528,147743380718.48148,0.9791087793451098
IND,India,South Asia,NY.GDP.MKTP.CD,GDP Current US$,GDP,Economy,US Dollars,2019,2835606256558.19,2855871765516.0,Historical Prediction,Linear Regression,115313730212.45528,147743380718.48148,0.9791087793451098
IND,India,South Asia,NY.GDP.MKTP.CD,GDP Current US$,GDP,Economy,US Dollars,2020,2674851578587.27,2996133732492.0625,Historical Prediction,Linear Regression,115313730212.45528,147743380718.48148,0.9791087793451098
IND,India,South Asia,NY.GDP.MKTP.CD,GDP Current US$,GDP,Economy,US Dollars,2021,3167270623260.47,3136395699468.125,Historical Prediction,Linear Regression,115313730212.45528,147743380718.48148,0.9791087793451098
IND,India,South Asia,NY.GDP.MKTP.CD,GDP Current US$,GDP,Economy,US Dollars,2022,3346107287730.93,3276657666444.1875,Historical Prediction,Linear Regression,115313730212.45528,147743380718.48148,0.9791087793451098
IND,India,South Asia,NY.GDP.MKTP.CD,GDP Current US$,GDP,Economy,US Dollars,2023,3638489096033.86,3416919633420.25,Historical Prediction,Linear Regression,115313730212.45528,147743380718.48148,0.9791087793451098
IND,India,South Asia,NY.GDP.MKTP.CD,GDP Current US$,GDP,Economy,US Dollars,2024,3909891533858.08,3557181600396.375,Historical Prediction,Linear Regression,115313730212.45528,147743380718.48148,0.9791087793451098
IND,India,South Asia,NY.GDP.MKTP.CD,GDP Current US$,GDP,Economy,US Dollars,2025,,3697443567372.4375,Future Forecast,Linear Regression,115313730212.45528,147743380718.48148,0.9791087793451098
IND,India,South Asia,NY.GDP.MKTP.CD,GDP Current US$,GDP,Economy,US Dollars,2026,,3837705534348.5,Future Forecast,Linear Regression,115313730212.45528,147743380718.48148,0.9791087793451098
IND,India,South Asia,NY.GDP.MKTP.CD,GDP Current US$,GDP,Economy,US Dollars,2027,,3977967501324.5625,Future Forecast,Linear Regression,115313730212.45528,147743380718.48148,0.9791087793451098
IND,India,South Asia,NY.GDP.MKTP.CD,GDP Current US$,GDP,Economy,US Dollars,2028,,4118229468300.625,Future Forecast,Linear Regression,115313730212.45528,147743380718.48148,0.9791087793451098
IND,India,South Asia,NY.GDP.MKTP.CD,GDP Current US$,GDP,Economy,US Dollars,2029,,4258491435276.6875,Future Forecast,Linear Regression,115313730212.45528,147743380718.48148,0.9791087793451098
IND,India,South Asia,NY.GDP.PCAP.CD,GDP Per Capita Current US$,GDP per Capita,Economy,US Dollars,2000,442.750218937263,306.61108659071033,Historical Prediction,Linear Regression,70.59414845441356,89.97254050459671,0.9820218681023012
IND,India,South Asia,NY.GDP.PCAP.CD,GDP Per Capita Current US$,GDP per Capita,Economy,US Dollars,2001,450.357900514128,398.825033317029,Historical Prediction,Linear Regression,70.59414845441356,89.97254050459671,0.9820218681023012
IND,India,South Asia,NY.GDP.PCAP.CD,GDP Per Capita Current US$,GDP per Capita,Economy,US Dollars,2002,469.149928973927,491.0389800433477,Historical Prediction,Linear Regression,70.59414845441356,89.97254050459671,0.9820218681023012
IND,India,South Asia,NY.GDP.PCAP.CD,GDP Per Capita Current US$,GDP per Capita,Economy,US Dollars,2003,544.143133545002,583.2529267696955,Historical Prediction,Linear Regression,70.59414845441356,89.97254050459671,0.9820218681023012
IND,India,South Asia,NY.GDP.PCAP.CD,GDP Per Capita Current US$,GDP per Capita,Economy,US Dollars,2004,624.258826510066,675.4668734960142,Historical Prediction,Linear Regression,70.59414845441356,89.97254050459671,0.9820218681023012
IND,India,South Asia,NY.GDP.PCAP.CD,GDP Per Capita Current US$,GDP per Capita,Economy,US Dollars,2005,710.488080408949,767.6808202223328,Historical Prediction,Linear Regression,70.59414845441356,89.97254050459671,0.9820218681023012
IND,India,South Asia,NY.GDP.PCAP.CD,GDP Per Capita Current US$,GDP per Capita,Economy,US Dollars,2006,801.668353659022,859.8947669486515,Historical Prediction,Linear Regression,70.59414845441356,89.97254050459671,0.9820218681023012
IND,India,South Asia,NY.GDP.PCAP.CD,GDP Per Capita Current US$,GDP per Capita,Economy,US Dollars,2007,1021.88707706826,952.1087136749993,Historical Prediction,Linear Regression,70.59414845441356,89.97254050459671,0.9820218681023012
IND,India,South Asia,NY.GDP.PCAP.CD,GDP Per Capita Current US$,GDP per Capita,Economy,US Dollars,2008,992.519584923828,1044.322660401318,Historical Prediction,Linear Regression,70.59414845441356,89.97254050459671,0.9820218681023012
IND,India,South Asia,NY.GDP.PCAP.CD,GDP Per Capita Current US$,GDP per Capita,Economy,US Dollars,2009,1094.94974598436,1136.5366071276367,Historical Prediction,Linear Regression,70.59414845441356,89.97254050459671,0.9820218681023012
IND,India,South Asia,NY.GDP.PCAP.CD,GDP Per Capita Current US$,GDP per Capita,Economy,US Dollars,2010,1347.51939071367,1228.7505538539554,Historical Prediction,Linear Regression,70.59414845441356,89.97254050459671,0.9820218681023012
IND,India,South Asia,NY.GDP.PCAP.CD,GDP Per Capita Current US$,GDP per Capita,Economy,US Dollars,2011,1445.46127486037,1320.9645005803031,Historical Prediction,Linear Regression,70.59414845441356,89.97254050459671,0.9820218681023012
IND,India,South Asia,NY.GDP.PCAP.CD,GDP Per Capita Current US$,GDP per Capita,Economy,US Dollars,2012,1429.32199520032,1413.1784473066218,Historical Prediction,Linear Regression,70.59414845441356,89.97254050459671,0.9820218681023012
IND,India,South Asia,NY.GDP.PCAP.CD,GDP Per Capita Current US$,GDP per Capita,Economy,US Dollars,2013,1432.84397512195,1505.3923940329405,Historical Prediction,Linear Regression,70.59414845441356,89.97254050459671,0.9820218681023012
IND,India,South Asia,NY.GDP.PCAP.CD,GDP Per Capita Current US$,GDP per Capita,Economy,US Dollars,2014,1553.88396075118,1597.6063407592592,Historical Prediction,Linear Regression,70.59414845441356,89.97254050459671,0.9820218681023012
IND,India,South Asia,NY.GDP.PCAP.CD,GDP Per Capita Current US$,GDP per Capita,Economy,US Dollars,2015,1583.99815907985,1689.820287485607,Historical Prediction,Linear Regression,70.59414845441356,89.97254050459671,0.9820218681023012
IND,India,South Asia,NY.GDP.PCAP.CD,GDP Per Capita Current US$,GDP per Capita,Economy,US Dollars,2016,1707.50892912243,1782.0342342119257,Historical Prediction,Linear Regression,70.59414845441356,89.97254050459671,0.9820218681023012
IND,India,South Asia,NY.GDP.PCAP.CD,GDP Per Capita Current US$,GDP per Capita,Economy,US Dollars,2017,1950.10468280866,1874.2481809382443,Historical Prediction,Linear Regression,70.59414845441356,89.97254050459671,0.9820218681023012
IND,India,South Asia,NY.GDP.PCAP.CD,GDP Per Capita Current US$,GDP per Capita,Economy,US Dollars,2018,1966.25455171679,1966.462127664563,Historical Prediction,Linear Regression,70.59414845441356,89.97254050459671,0.9820218681023012
IND,India,South Asia,NY.GDP.PCAP.CD,GDP Per Capita Current US$,GDP per Capita,Economy,US Dollars,2019,2041.42863698585,2058.676074390911,Historical Prediction,Linear Regression,70.59414845441356,89.97254050459671,0.9820218681023012
IND,India,South Asia,NY.GDP.PCAP.CD,GDP Per Capita Current US$,GDP per Capita,Economy,US Dollars,2020,1907.04251637669,2150.8900211172295,Historical Prediction,Linear Regression,70.59414845441356,89.97254050459671,0.9820218681023012
IND,India,South Asia,NY.GDP.PCAP.CD,GDP Per Capita Current US$,GDP per Capita,Economy,US Dollars,2021,2239.61384367482,2243.103967843548,Historical Prediction,Linear Regression,70.59414845441356,89.97254050459671,0.9820218681023012
IND,India,South Asia,NY.GDP.PCAP.CD,GDP Per Capita Current US$,GDP per Capita,Economy,US Dollars,2022,2347.44829434623,2335.317914569867,Historical Prediction,Linear Regression,70.59414845441356,89.97254050459671,0.9820218681023012
IND,India,South Asia,NY.GDP.PCAP.CD,GDP Per Capita Current US$,GDP per Capita,Economy,US Dollars,2023,2530.12031278204,2427.5318612962146,Historical Prediction,Linear Regression,70.59414845441356,89.97254050459671,0.9820218681023012
IND,India,South Asia,NY.GDP.PCAP.CD,GDP Per Capita Current US$,GDP per Capita,Economy,US Dollars,2024,2694.73780859961,2519.7458080225333,Historical Prediction,Linear Regression,70.59414845441356,89.97254050459671,0.9820218681023012
IND,India,South Asia,NY.GDP.PCAP.CD,GDP Per Capita Current US$,GDP per Capita,Economy,US Dollars,2025,,2611.959754748852,Future Forecast,Linear Regression,70.59414845441356,89.97254050459671,0.9820218681023012
IND,India,South Asia,NY.GDP.PCAP.CD,GDP Per Capita Current US$,GDP per Capita,Economy,US Dollars,2026,,2704.1737014751707,Future Forecast,Linear Regression,70.59414845441356,89.97254050459671,0.9820218681023012
IND,India,South Asia,NY.GDP.PCAP.CD,GDP Per Capita Current US$,GDP per Capita,Economy,US Dollars,2027,,2796.3876482015185,Future Forecast,Linear Regression,70.59414845441356,89.97254050459671,0.9820218681023012
IND,India,South Asia,NY.GDP.PCAP.CD,GDP Per Capita Current US$,GDP per Capita,Economy,US Dollars,2028,,2888.601594927837,Future Forecast,Linear Regression,70.59414845441356,89.97254050459671,0.9820218681023012
IND,India,South Asia,NY.GDP.PCAP.CD,GDP Per Capita Current US$,GDP per Capita,Economy,US Dollars,2029,,2980.815541654156,Future Forecast,Linear Regression,70.59414845441356,89.97254050459671,0.9820218681023012
IND,India,South Asia,SL.UEM.TOTL.ZS,Unemployment Total %,Unemployment,Labor,Percentage,2000,7.589,8.282735384615393,Historical Prediction,Linear Regression,0.6393081230769253,0.830667493581105,0.4026495816412776
IND,India,South Asia,SL.UEM.TOTL.ZS,Unemployment Total %,Unemployment,Labor,Percentage,2001,7.611,8.188160769230791,Historical Prediction,Linear Regression,0.6393081230769253,0.830667493581105,0.4026495816412776
IND,India,South Asia,SL.UEM.TOTL.ZS,Unemployment Total %,Unemployment,Labor,Percentage,2002,7.681,8.09358615384616,Historical Prediction,Linear Regression,0.6393081230769253,0.830667493581105,0.4026495816412776
IND,India,South Asia,SL.UEM.TOTL.ZS,Unemployment Total %,Unemployment,Labor,Percentage,2003,7.633,7.999011538461559,Historical Prediction,Linear Regression,0.6393081230769253,0.830667493581105,0.4026495816412776
IND,India,South Asia,SL.UEM.TOTL.ZS,Unemployment Total %,Unemployment,Labor,Percentage,2004,7.598,7.904436923076929,Historical Prediction,Linear Regression,0.6393081230769253,0.830667493581105,0.4026495816412776
IND,India,South Asia,SL.UEM.TOTL.ZS,Unemployment Total %,Unemployment,Labor,Percentage,2005,7.551,7.8098623076923275,Historical Prediction,Linear Regression,0.6393081230769253,0.830667493581105,0.4026495816412776
IND,India,South Asia,SL.UEM.TOTL.ZS,Unemployment Total %,Unemployment,Labor,Percentage,2006,7.553,7.715287692307697,Historical Prediction,Linear Regression,0.6393081230769253,0.830667493581105,0.4026495816412776
IND,India,South Asia,SL.UEM.TOTL.ZS,Unemployment Total %,Unemployment,Labor,Percentage,2007,7.562,7.620713076923096,Historical Prediction,Linear Regression,0.6393081230769253,0.830667493581105,0.4026495816412776
IND,India,South Asia,SL.UEM.TOTL.ZS,Unemployment Total %,Unemployment,Labor,Percentage,2008,7.629,7.526138461538466,Historical Prediction,Linear Regression,0.6393081230769253,0.830667493581105,0.4026495816412776
IND,India,South Asia,SL.UEM.TOTL.ZS,Unemployment Total %,Unemployment,Labor,Percentage,2009,7.636,7.431563846153864,Historical Prediction,Linear Regression,0.6393081230769253,0.830667493581105,0.4026495816412776
IND,India,South Asia,SL.UEM.TOTL.ZS,Unemployment Total %,Unemployment,Labor,Percentage,2010,7.631,7.336989230769234,Historical Prediction,Linear Regression,0.6393081230769253,0.830667493581105,0.4026495816412776
IND,India,South Asia,SL.UEM.TOTL.ZS,Unemployment Total %,Unemployment,Labor,Percentage,2011,7.609,7.242414615384632,Historical Prediction,Linear Regression,0.6393081230769253,0.830667493581105,0.4026495816412776
IND,India,South Asia,SL.UEM.TOTL.ZS,Unemployment Total %,Unemployment,Labor,Percentage,2012,7.645,7.147840000000002,Historical Prediction,Linear Regression,0.6393081230769253,0.830667493581105,0.4026495816412776
IND,India,South Asia,SL.UEM.TOTL.ZS,Unemployment Total %,Unemployment,Labor,Percentage,2013,7.678,7.0532653846154005,Historical Prediction,Linear Regression,0.6393081230769253,0.830667493581105,0.4026495816412776
IND,India,South Asia,SL.UEM.TOTL.ZS,Unemployment Total %,Unemployment,Labor,Percentage,2014,7.656,6.9586907692307705,Historical Prediction,Linear Regression,0.6393081230769253,0.830667493581105,0.4026495816412776
IND,India,South Asia,SL.UEM.TOTL.ZS,Unemployment Total %,Unemployment,Labor,Percentage,2015,7.629,6.864116153846169,Historical Prediction,Linear Regression,0.6393081230769253,0.830667493581105,0.4026495816412776
IND,India,South Asia,SL.UEM.TOTL.ZS,Unemployment Total %,Unemployment,Labor,Percentage,2016,7.611,6.769541538461539,Historical Prediction,Linear Regression,0.6393081230769253,0.830667493581105,0.4026495816412776
IND,India,South Asia,SL.UEM.TOTL.ZS,Unemployment Total %,Unemployment,Labor,Percentage,2017,7.626,6.674966923076937,Historical Prediction,Linear Regression,0.6393081230769253,0.830667493581105,0.4026495816412776
IND,India,South Asia,SL.UEM.TOTL.ZS,Unemployment Total %,Unemployment,Labor,Percentage,2018,7.652,6.580392307692307,Historical Prediction,Linear Regression,0.6393081230769253,0.830667493581105,0.4026495816412776
IND,India,South Asia,SL.UEM.TOTL.ZS,Unemployment Total %,Unemployment,Labor,Percentage,2019,6.51,6.485817692307705,Historical Prediction,Linear Regression,0.6393081230769253,0.830667493581105,0.4026495816412776
IND,India,South Asia,SL.UEM.TOTL.ZS,Unemployment Total %,Unemployment,Labor,Percentage,2020,7.859,6.391243076923075,Historical Prediction,Linear Regression,0.6393081230769253,0.830667493581105,0.4026495816412776
IND,India,South Asia,SL.UEM.TOTL.ZS,Unemployment Total %,Unemployment,Labor,Percentage,2021,6.38,6.296668461538474,Historical Prediction,Linear Regression,0.6393081230769253,0.830667493581105,0.4026495816412776
IND,India,South Asia,SL.UEM.TOTL.ZS,Unemployment Total %,Unemployment,Labor,Percentage,2022,4.822,6.202093846153872,Historical Prediction,Linear Regression,0.6393081230769253,0.830667493581105,0.4026495816412776
IND,India,South Asia,SL.UEM.TOTL.ZS,Unemployment Total %,Unemployment,Labor,Percentage,2023,4.172,6.107519230769242,Historical Prediction,Linear Regression,0.6393081230769253,0.830667493581105,0.4026495816412776
IND,India,South Asia,SL.UEM.TOTL.ZS,Unemployment Total %,Unemployment,Labor,Percentage,2024,4.173,6.01294461538464,Historical Prediction,Linear Regression,0.6393081230769253,0.830667493581105,0.4026495816412776
IND,India,South Asia,SL.UEM.TOTL.ZS,Unemployment Total %,Unemployment,Labor,Percentage,2025,,5.91837000000001,Future Forecast,Linear Regression,0.6393081230769253,0.830667493581105,0.4026495816412776
IND,India,South Asia,SL.UEM.TOTL.ZS,Unemployment Total %,Unemployment,Labor,Percentage,2026,,5.8237953846154085,Future Forecast,Linear Regression,0.6393081230769253,0.830667493581105,0.4026495816412776
IND,India,South Asia,SL.UEM.TOTL.ZS,Unemployment Total %,Unemployment,Labor,Percentage,2027,,5.729220769230778,Future Forecast,Linear Regression,0.6393081230769253,0.830667493581105,0.4026495816412776
IND,India,South Asia,SL.UEM.TOTL.ZS,Unemployment Total %,Unemployment,Labor,Percentage,2028,,5.634646153846177,Future Forecast,Linear Regression,0.6393081230769253,0.830667493581105,0.4026495816412776
IND,India,South Asia,SL.UEM.TOTL.ZS,Unemployment Total %,Unemployment,Labor,Percentage,2029,,5.540071538461547,Future Forecast,Linear Regression,0.6393081230769253,0.830667493581105,0.4026495816412776
IND,India,South Asia,SP.POP.TOTL,Total Population,Population,Population,People,2000,1057922733.0,1071908745.966156,Historical Prediction,Linear Regression,6806080.66486084,8017503.952193813,0.9954949268701145
IND,India,South Asia,SP.POP.TOTL,Total Population,Population,Population,People,2001,1077898575.0,1088436205.932312,Historical Prediction,Linear Regression,6806080.66486084,8017503.952193813,0.9954949268701145
IND,India,South Asia,SP.POP.TOTL,Total Population,Population,Population,People,2002,1097600380.0,1104963665.8984642,Historical Prediction,Linear Regression,6806080.66486084,8017503.952193813,0.9954949268701145
IND,India,South Asia,SP.POP.TOTL,Total Population,Population,Population,People,2003,1116803006.0,1121491125.8646202,Historical Prediction,Linear Regression,6806080.66486084,8017503.952193813,0.9954949268701145
IND,India,South Asia,SP.POP.TOTL,Total Population,Population,Population,People,2004,1135991513.0,1138018585.8307724,Historical Prediction,Linear Regression,6806080.66486084,8017503.952193813,0.9954949268701145
IND,India,South Asia,SP.POP.TOTL,Total Population,Population,Population,People,2005,1154676322.0,1154546045.7969246,Historical Prediction,Linear Regression,6806080.66486084,8017503.952193813,0.9954949268701145
IND,India,South Asia,SP.POP.TOTL,Total Population,Population,Population,People,2006,1172878890.0,1171073505.7630806,Historical Prediction,Linear Regression,6806080.66486084,8017503.952193813,0.9954949268701145
IND,India,South Asia,SP.POP.TOTL,Total Population,Population,Population,People,2007,1190676021.0,1187600965.7292328,Historical Prediction,Linear Regression,6806080.66486084,8017503.952193813,0.9954949268701145
IND,India,South Asia,SP.POP.TOTL,Total Population,Population,Population,People,2008,1207930964.0,1204128425.6953888,Historical Prediction,Linear Regression,6806080.66486084,8017503.952193813,0.9954949268701145
IND,India,South Asia,SP.POP.TOTL,Total Population,Population,Population,People,2009,1225524753.0,1220655885.661541,Historical Prediction,Linear Regression,6806080.66486084,8017503.952193813,0.9954949268701145
IND,India,South Asia,SP.POP.TOTL,Total Population,Population,Population,People,2010,1243481564.0,1237183345.627697,Historical Prediction,Linear Regression,6806080.66486084,8017503.952193813,0.9954949268701145
IND,India,South Asia,SP.POP.TOTL,Total Population,Population,Population,People,2011,1261224954.0,1253710805.5938492,Historical Prediction,Linear Regression,6806080.66486084,8017503.952193813,0.9954949268701145
IND,India,South Asia,SP.POP.TOTL,Total Population,Population,Population,People,2012,1278674502.0,1270238265.5600014,Historical Prediction,Linear Regression,6806080.66486084,8017503.952193813,0.9954949268701145
IND,India,South Asia,SP.POP.TOTL,Total Population,Population,Population,People,2013,1295829511.0,1286765725.5261574,Historical Prediction,Linear Regression,6806080.66486084,8017503.952193813,0.9954949268701145
IND,India,South Asia,SP.POP.TOTL,Total Population,Population,Population,People,2014,1312277191.0,1303293185.4923096,Historical Prediction,Linear Regression,6806080.66486084,8017503.952193813,0.9954949268701145
IND,India,South Asia,SP.POP.TOTL,Total Population,Population,Population,People,2015,1328024498.0,1319820645.4584656,Historical Prediction,Linear Regression,6806080.66486084,8017503.952193813,0.9954949268701145
IND,India,South Asia,SP.POP.TOTL,Total Population,Population,Population,People,2016,1343944296.0,1336348105.4246178,Historical Prediction,Linear Regression,6806080.66486084,8017503.952193813,0.9954949268701145
IND,India,South Asia,SP.POP.TOTL,Total Population,Population,Population,People,2017,1359657400.0,1352875565.3907738,Historical Prediction,Linear Regression,6806080.66486084,8017503.952193813,0.9954949268701145
IND,India,South Asia,SP.POP.TOTL,Total Population,Population,Population,People,2018,1374659064.0,1369403025.356926,Historical Prediction,Linear Regression,6806080.66486084,8017503.952193813,0.9954949268701145
IND,India,South Asia,SP.POP.TOTL,Total Population,Population,Population,People,2019,1389030312.0,1385930485.3230782,Historical Prediction,Linear Regression,6806080.66486084,8017503.952193813,0.9954949268701145
IND,India,South Asia,SP.POP.TOTL,Total Population,Population,Population,People,2020,1402617695.0,1402457945.2892342,Historical Prediction,Linear Regression,6806080.66486084,8017503.952193813,0.9954949268701145
IND,India,South Asia,SP.POP.TOTL,Total Population,Population,Population,People,2021,1414203896.0,1418985405.2553864,Historical Prediction,Linear Regression,6806080.66486084,8017503.952193813,0.9954949268701145
IND,India,South Asia,SP.POP.TOTL,Total Population,Population,Population,People,2022,1425423212.0,1435512865.2215424,Historical Prediction,Linear Regression,6806080.66486084,8017503.952193813,0.9954949268701145
IND,India,South Asia,SP.POP.TOTL,Total Population,Population,Population,People,2023,1438069596.0,1452040325.1876945,Historical Prediction,Linear Regression,6806080.66486084,8017503.952193813,0.9954949268701145
IND,India,South Asia,SP.POP.TOTL,Total Population,Population,Population,People,2024,1450935791.0,1468567785.1538506,Historical Prediction,Linear Regression,6806080.66486084,8017503.952193813,0.9954949268701145
IND,India,South Asia,SP.POP.TOTL,Total Population,Population,Population,People,2025,,1485095245.1200027,Future Forecast,Linear Regression,6806080.66486084,8017503.952193813,0.9954949268701145
IND,India,South Asia,SP.POP.TOTL,Total Population,Population,Population,People,2026,,1501622705.086155,Future Forecast,Linear Regression,6806080.66486084,8017503.952193813,0.9954949268701145
IND,India,South Asia,SP.POP.TOTL,Total Population,Population,Population,People,2027,,1518150165.052311,Future Forecast,Linear Regression,6806080.66486084,8017503.952193813,0.9954949268701145
IND,India,South Asia,SP.POP.TOTL,Total Population,Population,Population,People,2028,,1534677625.0184631,Future Forecast,Linear Regression,6806080.66486084,8017503.952193813,0.9954949268701145
IND,India,South Asia,SP.POP.TOTL,Total Population,Population,Population,People,2029,,1551205084.9846191,Future Forecast,Linear Regression,6806080.66486084,8017503.952193813,0.9954949268701145
KOR,"Korea, Rep.",East Asia,FP.CPI.TOTL.ZG,Inflation Annual %,Inflation,Economy,Percentage,2000,2.25916580080157,3.1043887111433293,Historical Prediction,Linear Regression,0.9454158520164725,1.185407485941336,0.08676755963820537
KOR,"Korea, Rep.",East Asia,FP.CPI.TOTL.ZG,Inflation Annual %,Inflation,Economy,Percentage,2001,4.06657587897792,3.0537183476249368,Historical Prediction,Linear Regression,0.9454158520164725,1.185407485941336,0.08676755963820537
KOR,"Korea, Rep.",East Asia,FP.CPI.TOTL.ZG,Inflation Annual %,Inflation,Economy,Percentage,2002,2.76226210296599,3.0030479841065585,Historical Prediction,Linear Regression,0.9454158520164725,1.185407485941336,0.08676755963820537
KOR,"Korea, Rep.",East Asia,FP.CPI.TOTL.ZG,Inflation Annual %,Inflation,Economy,Percentage,2003,3.51487451459939,2.952377620588166,Historical Prediction,Linear Regression,0.9454158520164725,1.185407485941336,0.08676755963820537
KOR,"Korea, Rep.",East Asia,FP.CPI.TOTL.ZG,Inflation Annual %,Inflation,Economy,Percentage,2004,3.59066298882578,2.9017072570697735,Historical Prediction,Linear Regression,0.9454158520164725,1.185407485941336,0.08676755963820537
KOR,"Korea, Rep.",East Asia,FP.CPI.TOTL.ZG,Inflation Annual %,Inflation,Economy,Percentage,2005,2.75379162735039,2.851036893551381,Historical Prediction,Linear Regression,0.9454158520164725,1.185407485941336,0.08676755963820537
KOR,"Korea, Rep.",East Asia,FP.CPI.TOTL.ZG,Inflation Annual %,Inflation,Economy,Percentage,2006,2.24234028518921,2.8003665300330027,Historical Prediction,Linear Regression,0.9454158520164725,1.185407485941336,0.08676755963820537
KOR,"Korea, Rep.",East Asia,FP.CPI.TOTL.ZG,Inflation Annual %,Inflation,Economy,Percentage,2007,2.53457382137932,2.7496961665146102,Historical Prediction,Linear Regression,0.9454158520164725,1.185407485941336,0.08676755963820537
KOR,"Korea, Rep.",East Asia,FP.CPI.TOTL.ZG,Inflation Annual %,Inflation,Economy,Percentage,2008,4.67389655533408,2.6990258029962177,Historical Prediction,Linear Regression,0.9454158520164725,1.185407485941336,0.08676755963820537
KOR,"Korea, Rep.",East Asia,FP.CPI.TOTL.ZG,Inflation Annual %,Inflation,Economy,Percentage,2009,2.7564965449393,2.6483554394778395,Historical Prediction,Linear Regression,0.9454158520164725,1.185407485941336,0.08676755963820537
KOR,"Korea, Rep.",East Asia,FP.CPI.TOTL.ZG,Inflation Annual %,Inflation,Economy,Percentage,2010,2.93928652655686,2.597685075959447,Historical Prediction,Linear Regression,0.9454158520164725,1.185407485941336,0.08676755963820537
KOR,"Korea, Rep.",East Asia,FP.CPI.TOTL.ZG,Inflation Annual %,Inflation,Economy,Percentage,2011,4.0259650043609,2.5470147124410545,Historical Prediction,Linear Regression,0.9454158520164725,1.185407485941336,0.08676755963820537
KOR,"Korea, Rep.",East Asia,FP.CPI.TOTL.ZG,Inflation Annual %,Inflation,Economy,Percentage,2012,2.18707104433314,2.496344348922662,Historical Prediction,Linear Regression,0.9454158520164725,1.185407485941336,0.08676755963820537
KOR,"Korea, Rep.",East Asia,FP.CPI.TOTL.ZG,Inflation Annual %,Inflation,Economy,Percentage,2013,1.30134754547413,2.4456739854042837,Historical Prediction,Linear Regression,0.9454158520164725,1.185407485941336,0.08676755963820537
KOR,"Korea, Rep.",East Asia,FP.CPI.TOTL.ZG,Inflation Annual %,Inflation,Economy,Percentage,2014,1.27477446401322,2.395003621885891,Historical Prediction,Linear Regression,0.9454158520164725,1.185407485941336,0.08676755963820537
KOR,"Korea, Rep.",East Asia,FP.CPI.TOTL.ZG,Inflation Annual %,Inflation,Economy,Percentage,2015,0.70633177245575,2.3443332583674987,Historical Prediction,Linear Regression,0.9454158520164725,1.185407485941336,0.08676755963820537
KOR,"Korea, Rep.",East Asia,FP.CPI.TOTL.ZG,Inflation Annual %,Inflation,Economy,Percentage,2016,0.971685739912168,2.2936628948491204,Historical Prediction,Linear Regression,0.9454158520164725,1.185407485941336,0.08676755963820537
KOR,"Korea, Rep.",East Asia,FP.CPI.TOTL.ZG,Inflation Annual %,Inflation,Economy,Percentage,2017,1.94433230786366,2.242992531330728,Historical Prediction,Linear Regression,0.9454158520164725,1.185407485941336,0.08676755963820537
KOR,"Korea, Rep.",East Asia,FP.CPI.TOTL.ZG,Inflation Annual %,Inflation,Economy,Percentage,2018,1.47583935002645,2.1923221678123355,Historical Prediction,Linear Regression,0.9454158520164725,1.185407485941336,0.08676755963820537
KOR,"Korea, Rep.",East Asia,FP.CPI.TOTL.ZG,Inflation Annual %,Inflation,Economy,Percentage,2019,0.383000303608136,2.141651804293957,Historical Prediction,Linear Regression,0.9454158520164725,1.185407485941336,0.08676755963820537
KOR,"Korea, Rep.",East Asia,FP.CPI.TOTL.ZG,Inflation Annual %,Inflation,Economy,Percentage,2020,0.537288023411737,2.0909814407755647,Historical Prediction,Linear Regression,0.9454158520164725,1.185407485941336,0.08676755963820537
KOR,"Korea, Rep.",East Asia,FP.CPI.TOTL.ZG,Inflation Annual %,Inflation,Economy,Percentage,2021,2.49833333333339,2.040311077257172,Historical Prediction,Linear Regression,0.9454158520164725,1.185407485941336,0.08676755963820537
KOR,"Korea, Rep.",East Asia,FP.CPI.TOTL.ZG,Inflation Annual %,Inflation,Economy,Percentage,2022,5.08951365062842,1.9896407137387797,Historical Prediction,Linear Regression,0.9454158520164725,1.185407485941336,0.08676755963820537
KOR,"Korea, Rep.",East Asia,FP.CPI.TOTL.ZG,Inflation Annual %,Inflation,Economy,Percentage,2023,3.5974562502901,1.9389703502204014,Historical Prediction,Linear Regression,0.9454158520164725,1.185407485941336,0.08676755963820537
KOR,"Korea, Rep.",East Asia,FP.CPI.TOTL.ZG,Inflation Annual %,Inflation,Economy,Percentage,2024,2.32174328643542,1.888299986702009,Historical Prediction,Linear Regression,0.9454158520164725,1.185407485941336,0.08676755963820537
KOR,"Korea, Rep.",East Asia,FP.CPI.TOTL.ZG,Inflation Annual %,Inflation,Economy,Percentage,2025,,1.8376296231836164,Future Forecast,Linear Regression,0.9454158520164725,1.185407485941336,0.08676755963820537
KOR,"Korea, Rep.",East Asia,FP.CPI.TOTL.ZG,Inflation Annual %,Inflation,Economy,Percentage,2026,,1.7869592596652382,Future Forecast,Linear Regression,0.9454158520164725,1.185407485941336,0.08676755963820537
KOR,"Korea, Rep.",East Asia,FP.CPI.TOTL.ZG,Inflation Annual %,Inflation,Economy,Percentage,2027,,1.7362888961468457,Future Forecast,Linear Regression,0.9454158520164725,1.185407485941336,0.08676755963820537
KOR,"Korea, Rep.",East Asia,FP.CPI.TOTL.ZG,Inflation Annual %,Inflation,Economy,Percentage,2028,,1.6856185326284532,Future Forecast,Linear Regression,0.9454158520164725,1.185407485941336,0.08676755963820537
KOR,"Korea, Rep.",East Asia,FP.CPI.TOTL.ZG,Inflation Annual %,Inflation,Economy,Percentage,2029,,1.6349481691100607,Future Forecast,Linear Regression,0.9454158520164725,1.185407485941336,0.08676755963820537
KOR,"Korea, Rep.",East Asia,NE.EXP.GNFS.ZS,Exports of Goods and Services % of GDP,Exports % GDP,Trade,Percentage,2000,32.8643016483147,35.07635149639293,Historical Prediction,Linear Regression,4.678450148636833,5.669897766755782,0.2019650150263722
KOR,"Korea, Rep.",East Asia,NE.EXP.GNFS.ZS,Exports of Goods and Services % of GDP,Exports % GDP,Trade,Percentage,2001,30.8628730280238,35.47190083634871,Historical Prediction,Linear Regression,4.678450148636833,5.669897766755782,0.2019650150263722
KOR,"Korea, Rep.",East Asia,NE.EXP.GNFS.ZS,Exports of Goods and Services % of GDP,Exports % GDP,Trade,Percentage,2002,28.869081069037,35.86745017630449,Historical Prediction,Linear Regression,4.678450148636833,5.669897766755782,0.2019650150263722
KOR,"Korea, Rep.",East Asia,NE.EXP.GNFS.ZS,Exports of Goods and Services % of GDP,Exports % GDP,Trade,Percentage,2003,30.4447497818826,36.262999516260265,Historical Prediction,Linear Regression,4.678450148636833,5.669897766755782,0.2019650150263722
KOR,"Korea, Rep.",East Asia,NE.EXP.GNFS.ZS,Exports of Goods and Services % of GDP,Exports % GDP,Trade,Percentage,2004,35.6099304973786,36.65854885621604,Historical Prediction,Linear Regression,4.678450148636833,5.669897766755782,0.2019650150263722
KOR,"Korea, Rep.",East Asia,NE.EXP.GNFS.ZS,Exports of Goods and Services % of GDP,Exports % GDP,Trade,Percentage,2005,34.1271966602876,37.05409819617182,Historical Prediction,Linear Regression,4.678450148636833,5.669897766755782,0.2019650150263722
KOR,"Korea, Rep.",East Asia,NE.EXP.GNFS.ZS,Exports of Goods and Services % of GDP,Exports % GDP,Trade,Percentage,2006,34.4457182771661,37.4496475361276,Historical Prediction,Linear Regression,4.678450148636833,5.669897766755782,0.2019650150263722
KOR,"Korea, Rep.",East Asia,NE.EXP.GNFS.ZS,Exports of Goods and Services % of GDP,Exports % GDP,Trade,Percentage,2007,36.0414909532161,37.84519687608338,Historical Prediction,Linear Regression,4.678450148636833,5.669897766755782,0.2019650150263722
KOR,"Korea, Rep.",East Asia,NE.EXP.GNFS.ZS,Exports of Goods and Services % of GDP,Exports % GDP,Trade,Percentage,2008,45.8471508377288,38.240746216039156,Historical Prediction,Linear Regression,4.678450148636833,5.669897766755782,0.2019650150263722
KOR,"Korea, Rep.",East Asia,NE.EXP.GNFS.ZS,Exports of Goods and Services % of GDP,Exports % GDP,Trade,Percentage,2009,43.5106195264818,38.636295555994934,Historical Prediction,Linear Regression,4.678450148636833,5.669897766755782,0.2019650150263722
KOR,"Korea, Rep.",East Asia,NE.EXP.GNFS.ZS,Exports of Goods and Services % of GDP,Exports % GDP,Trade,Percentage,2010,45.2718606886955,39.03184489595071,Historical Prediction,Linear Regression,4.678450148636833,5.669897766755782,0.2019650150263722
KOR,"Korea, Rep.",East Asia,NE.EXP.GNFS.ZS,Exports of Goods and Services % of GDP,Exports % GDP,Trade,Percentage,2011,51.2813207677942,39.42739423590649,Historical Prediction,Linear Regression,4.678450148636833,5.669897766755782,0.2019650150263722
KOR,"Korea, Rep.",East Asia,NE.EXP.GNFS.ZS,Exports of Goods and Services % of GDP,Exports % GDP,Trade,Percentage,2012,52.0235312085188,39.82294357586227,Historical Prediction,Linear Regression,4.678450148636833,5.669897766755782,0.2019650150263722
KOR,"Korea, Rep.",East Asia,NE.EXP.GNFS.ZS,Exports of Goods and Services % of GDP,Exports % GDP,Trade,Percentage,2013,49.2338591040691,40.21849291581805,Historical Prediction,Linear Regression,4.678450148636833,5.669897766755782,0.2019650150263722
KOR,"Korea, Rep.",East Asia,NE.EXP.GNFS.ZS,Exports of Goods and Services % of GDP,Exports % GDP,Trade,Percentage,2014,45.7876203673052,40.614042255773825,Historical Prediction,Linear Regression,4.678450148636833,5.669897766755782,0.2019650150263722
KOR,"Korea, Rep.",East Asia,NE.EXP.GNFS.ZS,Exports of Goods and Services % of GDP,Exports % GDP,Trade,Percentage,2015,40.9681314540182,41.0095915957296,Historical Prediction,Linear Regression,4.678450148636833,5.669897766755782,0.2019650150263722
KOR,"Korea, Rep.",East Asia,NE.EXP.GNFS.ZS,Exports of Goods and Services % of GDP,Exports % GDP,Trade,Percentage,2016,38.1129875583911,41.40514093568538,Historical Prediction,Linear Regression,4.678450148636833,5.669897766755782,0.2019650150263722
KOR,"Korea, Rep.",East Asia,NE.EXP.GNFS.ZS,Exports of Goods and Services % of GDP,Exports % GDP,Trade,Percentage,2017,38.8488899920532,41.80069027564116,Historical Prediction,Linear Regression,4.678450148636833,5.669897766755782,0.2019650150263722
KOR,"Korea, Rep.",East Asia,NE.EXP.GNFS.ZS,Exports of Goods and Services % of GDP,Exports % GDP,Trade,Percentage,2018,39.4523497931837,42.19623961559694,Historical Prediction,Linear Regression,4.678450148636833,5.669897766755782,0.2019650150263722
KOR,"Korea, Rep.",East Asia,NE.EXP.GNFS.ZS,Exports of Goods and Services % of GDP,Exports % GDP,Trade,Percentage,2019,37.0413266370488,42.591788955552715,Historical Prediction,Linear Regression,4.678450148636833,5.669897766755782,0.2019650150263722
KOR,"Korea, Rep.",East Asia,NE.EXP.GNFS.ZS,Exports of Goods and Services % of GDP,Exports % GDP,Trade,Percentage,2020,34.6152001987888,42.98733829550849,Historical Prediction,Linear Regression,4.678450148636833,5.669897766755782,0.2019650150263722
KOR,"Korea, Rep.",East Asia,NE.EXP.GNFS.ZS,Exports of Goods and Services % of GDP,Exports % GDP,Trade,Percentage,2021,39.3388192669479,43.38288763546427,Historical Prediction,Linear Regression,4.678450148636833,5.669897766755782,0.2019650150263722
KOR,"Korea, Rep.",East Asia,NE.EXP.GNFS.ZS,Exports of Goods and Services % of GDP,Exports % GDP,Trade,Percentage,2022,45.294860984133,43.77843697542005,Historical Prediction,Linear Regression,4.678450148636833,5.669897766755782,0.2019650150263722
KOR,"Korea, Rep.",East Asia,NE.EXP.GNFS.ZS,Exports of Goods and Services % of GDP,Exports % GDP,Trade,Percentage,2023,41.3214807367697,44.17398631537583,Historical Prediction,Linear Regression,4.678450148636833,5.669897766755782,0.2019650150263722
KOR,"Korea, Rep.",East Asia,NE.EXP.GNFS.ZS,Exports of Goods and Services % of GDP,Exports % GDP,Trade,Percentage,2024,44.3582383593234,44.569535655331606,Historical Prediction,Linear Regression,4.678450148636833,5.669897766755782,0.2019650150263722
KOR,"Korea, Rep.",East Asia,NE.EXP.GNFS.ZS,Exports of Goods and Services % of GDP,Exports % GDP,Trade,Percentage,2025,,44.965084995287384,Future Forecast,Linear Regression,4.678450148636833,5.669897766755782,0.2019650150263722
KOR,"Korea, Rep.",East Asia,NE.EXP.GNFS.ZS,Exports of Goods and Services % of GDP,Exports % GDP,Trade,Percentage,2026,,45.36063433524316,Future Forecast,Linear Regression,4.678450148636833,5.669897766755782,0.2019650150263722
KOR,"Korea, Rep.",East Asia,NE.EXP.GNFS.ZS,Exports of Goods and Services % of GDP,Exports % GDP,Trade,Percentage,2027,,45.75618367519894,Future Forecast,Linear Regression,4.678450148636833,5.669897766755782,0.2019650150263722
KOR,"Korea, Rep.",East Asia,NE.EXP.GNFS.ZS,Exports of Goods and Services % of GDP,Exports % GDP,Trade,Percentage,2028,,46.15173301515472,Future Forecast,Linear Regression,4.678450148636833,5.669897766755782,0.2019650150263722
KOR,"Korea, Rep.",East Asia,NE.EXP.GNFS.ZS,Exports of Goods and Services % of GDP,Exports % GDP,Trade,Percentage,2029,,46.5472823551105,Future Forecast,Linear Regression,4.678450148636833,5.669897766755782,0.2019650150263722
KOR,"Korea, Rep.",East Asia,NV.AGR.TOTL.ZS,Agriculture Value Added % of GDP,Agriculture % GDP,Agriculture,Percentage,2000,3.70634774761496,3.0771229628899164,Historical Prediction,Linear Regression,0.17103696431326923,0.22809998563181386,0.8602407159284433
KOR,"Korea, Rep.",East Asia,NV.AGR.TOTL.ZS,Agriculture Value Added % of GDP,Agriculture % GDP,Agriculture,Percentage,2001,3.42658775190792,2.998645808029835,Historical Prediction,Linear Regression,0.17103696431326923,0.22809998563181386,0.8602407159284433
KOR,"Korea, Rep.",East Asia,NV.AGR.TOTL.ZS,Agriculture Value Added % of GDP,Agriculture % GDP,Agriculture,Percentage,2002,3.08041288429997,2.9201686531697533,Historical Prediction,Linear Regression,0.17103696431326923,0.22809998563181386,0.8602407159284433
KOR,"Korea, Rep.",East Asia,NV.AGR.TOTL.ZS,Agriculture Value Added % of GDP,Agriculture % GDP,Agriculture,Percentage,2003,2.84536325210175,2.8416914983096717,Historical Prediction,Linear Regression,0.17103696431326923,0.22809998563181386,0.8602407159284433
KOR,"Korea, Rep.",East Asia,NV.AGR.TOTL.ZS,Agriculture Value Added % of GDP,Agriculture % GDP,Agriculture,Percentage,2004,2.83577440437347,2.7632143434495617,Historical Prediction,Linear Regression,0.17103696431326923,0.22809998563181386,0.8602407159284433
KOR,"Korea, Rep.",East Asia,NV.AGR.TOTL.ZS,Agriculture Value Added % of GDP,Agriculture % GDP,Agriculture,Percentage,2005,2.50593990708172,2.68473718858948,Historical Prediction,Linear Regression,0.17103696431326923,0.22809998563181386,0.8602407159284433
KOR,"Korea, Rep.",East Asia,NV.AGR.TOTL.ZS,Agriculture Value Added % of GDP,Agriculture % GDP,Agriculture,Percentage,2006,2.3878051747446,2.6062600337293986,Historical Prediction,Linear Regression,0.17103696431326923,0.22809998563181386,0.8602407159284433
KOR,"Korea, Rep.",East Asia,NV.AGR.TOTL.ZS,Agriculture Value Added % of GDP,Agriculture % GDP,Agriculture,Percentage,2007,2.17912737068276,2.527782878869317,Historical Prediction,Linear Regression,0.17103696431326923,0.22809998563181386,0.8602407159284433
KOR,"Korea, Rep.",East Asia,NV.AGR.TOTL.ZS,Agriculture Value Added % of GDP,Agriculture % GDP,Agriculture,Percentage,2008,2.04179163138255,2.4493057240092355,Historical Prediction,Linear Regression,0.17103696431326923,0.22809998563181386,0.8602407159284433
KOR,"Korea, Rep.",East Asia,NV.AGR.TOTL.ZS,Agriculture Value Added % of GDP,Agriculture % GDP,Agriculture,Percentage,2009,2.13804528061097,2.370828569149154,Historical Prediction,Linear Regression,0.17103696431326923,0.22809998563181386,0.8602407159284433
KOR,"Korea, Rep.",East Asia,NV.AGR.TOTL.ZS,Agriculture Value Added % of GDP,Agriculture % GDP,Agriculture,Percentage,2010,2.0444228836758,2.2923514142890724,Historical Prediction,Linear Regression,0.17103696431326923,0.22809998563181386,0.8602407159284433
KOR,"Korea, Rep.",East Asia,NV.AGR.TOTL.ZS,Agriculture Value Added % of GDP,Agriculture % GDP,Agriculture,Percentage,2011,2.10765665250747,2.213874259428991,Historical Prediction,Linear Regression,0.17103696431326923,0.22809998563181386,0.8602407159284433
KOR,"Korea, Rep.",East Asia,NV.AGR.TOTL.ZS,Agriculture Value Added % of GDP,Agriculture % GDP,Agriculture,Percentage,2012,2.08215187594443,2.1353971045689093,Historical Prediction,Linear Regression,0.17103696431326923,0.22809998563181386,0.8602407159284433
KOR,"Korea, Rep.",East Asia,NV.AGR.TOTL.ZS,Agriculture Value Added % of GDP,Agriculture % GDP,Agriculture,Percentage,2013,1.99508166521127,2.0569199497088277,Historical Prediction,Linear Regression,0.17103696431326923,0.22809998563181386,0.8602407159284433
KOR,"Korea, Rep.",East Asia,NV.AGR.TOTL.ZS,Agriculture Value Added % of GDP,Agriculture % GDP,Agriculture,Percentage,2014,1.95176665660859,1.9784427948487462,Historical Prediction,Linear Regression,0.17103696431326923,0.22809998563181386,0.8602407159284433
KOR,"Korea, Rep.",East Asia,NV.AGR.TOTL.ZS,Agriculture Value Added % of GDP,Agriculture % GDP,Agriculture,Percentage,2015,1.89858430952633,1.8999656399886646,Historical Prediction,Linear Regression,0.17103696431326923,0.22809998563181386,0.8602407159284433
KOR,"Korea, Rep.",East Asia,NV.AGR.TOTL.ZS,Agriculture Value Added % of GDP,Agriculture % GDP,Agriculture,Percentage,2016,1.73945648142804,1.8214884851285547,Historical Prediction,Linear Regression,0.17103696431326923,0.22809998563181386,0.8602407159284433
KOR,"Korea, Rep.",East Asia,NV.AGR.TOTL.ZS,Agriculture Value Added % of GDP,Agriculture % GDP,Agriculture,Percentage,2017,1.71494254133381,1.743011330268473,Historical Prediction,Linear Regression,0.17103696431326923,0.22809998563181386,0.8602407159284433
KOR,"Korea, Rep.",East Asia,NV.AGR.TOTL.ZS,Agriculture Value Added % of GDP,Agriculture % GDP,Agriculture,Percentage,2018,1.59932774432361,1.6645341754083915,Historical Prediction,Linear Regression,0.17103696431326923,0.22809998563181386,0.8602407159284433
KOR,"Korea, Rep.",East Asia,NV.AGR.TOTL.ZS,Agriculture Value Added % of GDP,Agriculture % GDP,Agriculture,Percentage,2019,1.50689433955588,1.58605702054831,Historical Prediction,Linear Regression,0.17103696431326923,0.22809998563181386,0.8602407159284433
KOR,"Korea, Rep.",East Asia,NV.AGR.TOTL.ZS,Agriculture Value Added % of GDP,Agriculture % GDP,Agriculture,Percentage,2020,1.57795135359259,1.5075798656882284,Historical Prediction,Linear Regression,0.17103696431326923,0.22809998563181386,0.8602407159284433
KOR,"Korea, Rep.",East Asia,NV.AGR.TOTL.ZS,Agriculture Value Added % of GDP,Agriculture % GDP,Agriculture,Percentage,2021,1.66515978191584,1.4291027108281469,Historical Prediction,Linear Regression,0.17103696431326923,0.22809998563181386,0.8602407159284433
KOR,"Korea, Rep.",East Asia,NV.AGR.TOTL.ZS,Agriculture Value Added % of GDP,Agriculture % GDP,Agriculture,Percentage,2022,1.4483461547482,1.3506255559680653,Historical Prediction,Linear Regression,0.17103696431326923,0.22809998563181386,0.8602407159284433
KOR,"Korea, Rep.",East Asia,NV.AGR.TOTL.ZS,Agriculture Value Added % of GDP,Agriculture % GDP,Agriculture,Percentage,2023,1.44773871445502,1.2721484011079838,Historical Prediction,Linear Regression,0.17103696431326923,0.22809998563181386,0.8602407159284433
KOR,"Korea, Rep.",East Asia,NV.AGR.TOTL.ZS,Agriculture Value Added % of GDP,Agriculture % GDP,Agriculture,Percentage,2024,1.45825105459538,1.1936712462479022,Historical Prediction,Linear Regression,0.17103696431326923,0.22809998563181386,0.8602407159284433
KOR,"Korea, Rep.",East Asia,NV.AGR.TOTL.ZS,Agriculture Value Added % of GDP,Agriculture % GDP,Agriculture,Percentage,2025,,1.1151940913878207,Future Forecast,Linear Regression,0.17103696431326923,0.22809998563181386,0.8602407159284433
KOR,"Korea, Rep.",East Asia,NV.AGR.TOTL.ZS,Agriculture Value Added % of GDP,Agriculture % GDP,Agriculture,Percentage,2026,,1.036716936527739,Future Forecast,Linear Regression,0.17103696431326923,0.22809998563181386,0.8602407159284433
KOR,"Korea, Rep.",East Asia,NV.AGR.TOTL.ZS,Agriculture Value Added % of GDP,Agriculture % GDP,Agriculture,Percentage,2027,,0.9582397816676576,Future Forecast,Linear Regression,0.17103696431326923,0.22809998563181386,0.8602407159284433
KOR,"Korea, Rep.",East Asia,NV.AGR.TOTL.ZS,Agriculture Value Added % of GDP,Agriculture % GDP,Agriculture,Percentage,2028,,0.879762626807576,Future Forecast,Linear Regression,0.17103696431326923,0.22809998563181386,0.8602407159284433
KOR,"Korea, Rep.",East Asia,NV.AGR.TOTL.ZS,Agriculture Value Added % of GDP,Agriculture % GDP,Agriculture,Percentage,2029,,0.801285471947466,Future Forecast,Linear Regression,0.17103696431326923,0.22809998563181386,0.8602407159284433
KOR,"Korea, Rep.",East Asia,NY.GDP.MKTP.CD,GDP Current US$,GDP,Economy,US Dollars,2000,597487173479.109,625832544596.9219,Historical Prediction,Linear Regression,77619380073.29536,93874572578.21982,0.9526597860192644
KOR,"Korea, Rep.",East Asia,NY.GDP.MKTP.CD,GDP Current US$,GDP,Economy,US Dollars,2001,567564806235.441,684230831715.9375,Historical Prediction,Linear Regression,77619380073.29536,93874572578.21982,0.9526597860192644
KOR,"Korea, Rep.",East Asia,NY.GDP.MKTP.CD,GDP Current US$,GDP,Economy,US Dollars,2002,650014391470.21,742629118834.9688,Historical Prediction,Linear Regression,77619380073.29536,93874572578.21982,0.9526597860192644
KOR,"Korea, Rep.",East Asia,NY.GDP.MKTP.CD,GDP Current US$,GDP,Economy,US Dollars,2003,728516494684.269,801027405953.9844,Historical Prediction,Linear Regression,77619380073.29536,93874572578.21982,0.9526597860192644
KOR,"Korea, Rep.",East Asia,NY.GDP.MKTP.CD,GDP Current US$,GDP,Economy,US Dollars,2004,823251107638.814,859425693073.0,Historical Prediction,Linear Regression,77619380073.29536,93874572578.21982,0.9526597860192644
KOR,"Korea, Rep.",East Asia,NY.GDP.MKTP.CD,GDP Current US$,GDP,Economy,US Dollars,2005,971740329983.878,917823980192.0156,Historical Prediction,Linear Regression,77619380073.29536,93874572578.21982,0.9526597860192644
KOR,"Korea, Rep.",East Asia,NY.GDP.MKTP.CD,GDP Current US$,GDP,Economy,US Dollars,2006,1095175538508.19,976222267311.0469,Historical Prediction,Linear Regression,77619380073.29536,93874572578.21982,0.9526597860192644
KOR,"Korea, Rep.",East Asia,NY.GDP.MKTP.CD,GDP Current US$,GDP,Economy,US Dollars,2007,1220911904593.06,1034620554430.0625,Historical Prediction,Linear Regression,77619380073.29536,93874572578.21982,0.9526597860192644
KOR,"Korea, Rep.",East Asia,NY.GDP.MKTP.CD,GDP Current US$,GDP,Economy,US Dollars,2008,1091580692542.34,1093018841549.0781,Historical Prediction,Linear Regression,77619380073.29536,93874572578.21982,0.9526597860192644
KOR,"Korea, Rep.",East Asia,NY.GDP.MKTP.CD,GDP Current US$,GDP,Economy,US Dollars,2009,983065242417.36,1151417128668.1094,Historical Prediction,Linear Regression,77619380073.29536,93874572578.21982,0.9526597860192644
KOR,"Korea, Rep.",East Asia,NY.GDP.MKTP.CD,GDP Current US$,GDP,Economy,US Dollars,2010,1192830015737.68,1209815415787.125,Historical Prediction,Linear Regression,77619380073.29536,93874572578.21982,0.9526597860192644
KOR,"Korea, Rep.",East Asia,NY.GDP.MKTP.CD,GDP Current US$,GDP,Economy,US Dollars,2011,1307103477219.1,1268213702906.1406,Historical Prediction,Linear Regression,77619380073.29536,93874572578.21982,0.9526597860192644
KOR,"Korea, Rep.",East Asia,NY.GDP.MKTP.CD,GDP Current US$,GDP,Economy,US Dollars,2012,1335343586437.67,1326611990025.1719,Historical Prediction,Linear Regression,77619380073.29536,93874572578.21982,0.9526597860192644
KOR,"Korea, Rep.",East Asia,NY.GDP.MKTP.CD,GDP Current US$,GDP,Economy,US Dollars,2013,1434669686501.84,1385010277144.1875,Historical Prediction,Linear Regression,77619380073.29536,93874572578.21982,0.9526597860192644
KOR,"Korea, Rep.",East Asia,NY.GDP.MKTP.CD,GDP Current US$,GDP,Economy,US Dollars,2014,1556252422020.44,1443408564263.2031,Historical Prediction,Linear Regression,77619380073.29536,93874572578.21982,0.9526597860192644
KOR,"Korea, Rep.",East Asia,NY.GDP.MKTP.CD,GDP Current US$,GDP,Economy,US Dollars,2015,1539212301135.55,1501806851382.2188,Historical Prediction,Linear Regression,77619380073.29536,93874572578.21982,0.9526597860192644
KOR,"Korea, Rep.",East Asia,NY.GDP.MKTP.CD,GDP Current US$,GDP,Economy,US Dollars,2016,1579150518945.44,1560205138501.25,Historical Prediction,Linear Regression,77619380073.29536,93874572578.21982,0.9526597860192644
KOR,"Korea, Rep.",East Asia,NY.GDP.MKTP.CD,GDP Current US$,GDP,Economy,US Dollars,2017,1710196756713.17,1618603425620.2656,Historical Prediction,Linear Regression,77619380073.29536,93874572578.21982,0.9526597860192644
KOR,"Korea, Rep.",East Asia,NY.GDP.MKTP.CD,GDP Current US$,GDP,Economy,US Dollars,2018,1824251454306.83,1677001712739.2812,Historical Prediction,Linear Regression,77619380073.29536,93874572578.21982,0.9526597860192644
KOR,"Korea, Rep.",East Asia,NY.GDP.MKTP.CD,GDP Current US$,GDP,Economy,US Dollars,2019,1751045752054.63,1735399999858.3125,Historical Prediction,Linear Regression,77619380073.29536,93874572578.21982,0.9526597860192644
KOR,"Korea, Rep.",East Asia,NY.GDP.MKTP.CD,GDP Current US$,GDP,Economy,US Dollars,2020,1744070276373.34,1793798286977.3281,Historical Prediction,Linear Regression,77619380073.29536,93874572578.21982,0.9526597860192644
KOR,"Korea, Rep.",East Asia,NY.GDP.MKTP.CD,GDP Current US$,GDP,Economy,US Dollars,2021,1942313560965.9,1852196574096.3438,Historical Prediction,Linear Regression,77619380073.29536,93874572578.21982,0.9526597860192644
KOR,"Korea, Rep.",East Asia,NY.GDP.MKTP.CD,GDP Current US$,GDP,Economy,US Dollars,2022,1799363116866.52,1910594861215.3594,Historical Prediction,Linear Regression,77619380073.29536,93874572578.21982,0.9526597860192644
KOR,"Korea, Rep.",East Asia,NY.GDP.MKTP.CD,GDP Current US$,GDP,Economy,US Dollars,2023,1844800934391.54,1968993148334.3906,Historical Prediction,Linear Regression,77619380073.29536,93874572578.21982,0.9526597860192644
KOR,"Korea, Rep.",East Asia,NY.GDP.MKTP.CD,GDP Current US$,GDP,Economy,US Dollars,2024,1875388209406.8,2027391435453.4062,Historical Prediction,Linear Regression,77619380073.29536,93874572578.21982,0.9526597860192644
KOR,"Korea, Rep.",East Asia,NY.GDP.MKTP.CD,GDP Current US$,GDP,Economy,US Dollars,2025,,2085789722572.4219,Future Forecast,Linear Regression,77619380073.29536,93874572578.21982,0.9526597860192644
KOR,"Korea, Rep.",East Asia,NY.GDP.MKTP.CD,GDP Current US$,GDP,Economy,US Dollars,2026,,2144188009691.4531,Future Forecast,Linear Regression,77619380073.29536,93874572578.21982,0.9526597860192644
KOR,"Korea, Rep.",East Asia,NY.GDP.MKTP.CD,GDP Current US$,GDP,Economy,US Dollars,2027,,2202586296810.4688,Future Forecast,Linear Regression,77619380073.29536,93874572578.21982,0.9526597860192644
KOR,"Korea, Rep.",East Asia,NY.GDP.MKTP.CD,GDP Current US$,GDP,Economy,US Dollars,2028,,2260984583929.4844,Future Forecast,Linear Regression,77619380073.29536,93874572578.21982,0.9526597860192644
KOR,"Korea, Rep.",East Asia,NY.GDP.MKTP.CD,GDP Current US$,GDP,Economy,US Dollars,2029,,2319382871048.5,Future Forecast,Linear Regression,77619380073.29536,93874572578.21982,0.9526597860192644
KOR,"Korea, Rep.",East Asia,NY.GDP.PCAP.CD,GDP Per Capita Current US$,GDP per Capita,Economy,US Dollars,2000,12710.2995795579,13570.993373665959,Historical Prediction,Linear Regression,1569.2220463881833,1895.9352780130253,0.9423146109470802
KOR,"Korea, Rep.",East Asia,NY.GDP.PCAP.CD,GDP Per Capita Current US$,GDP per Capita,Economy,US Dollars,2001,11981.4828218758,14633.63514934713,Historical Prediction,Linear Regression,1569.2220463881833,1895.9352780130253,0.9423146109470802
KOR,"Korea, Rep.",East Asia,NY.GDP.PCAP.CD,GDP Per Capita Current US$,GDP per Capita,Economy,US Dollars,2002,13642.9424537101,15696.276925028302,Historical Prediction,Linear Regression,1569.2220463881833,1895.9352780130253,0.9423146109470802
KOR,"Korea, Rep.",East Asia,NY.GDP.PCAP.CD,GDP Per Capita Current US$,GDP per Capita,Economy,US Dollars,2003,15211.5483770422,16758.91870070994,Historical Prediction,Linear Regression,1569.2220463881833,1895.9352780130253,0.9423146109470802
KOR,"Korea, Rep.",East Asia,NY.GDP.PCAP.CD,GDP Per Capita Current US$,GDP per Capita,Economy,US Dollars,2004,17121.6301633201,17821.56047639111,Historical Prediction,Linear Regression,1569.2220463881833,1895.9352780130253,0.9423146109470802
KOR,"Korea, Rep.",East Asia,NY.GDP.PCAP.CD,GDP Per Capita Current US$,GDP per Capita,Economy,US Dollars,2005,20167.0474902506,18884.202252072282,Historical Prediction,Linear Regression,1569.2220463881833,1895.9352780130253,0.9423146109470802
KOR,"Korea, Rep.",East Asia,NY.GDP.PCAP.CD,GDP Per Capita Current US$,GDP per Capita,Economy,US Dollars,2006,22609.7059431449,19946.844027753454,Historical Prediction,Linear Regression,1569.2220463881833,1895.9352780130253,0.9423146109470802
KOR,"Korea, Rep.",East Asia,NY.GDP.PCAP.CD,GDP Per Capita Current US$,GDP per Capita,Economy,US Dollars,2007,25078.4853957105,21009.48580343509,Historical Prediction,Linear Regression,1569.2220463881833,1895.9352780130253,0.9423146109470802
KOR,"Korea, Rep.",East Asia,NY.GDP.PCAP.CD,GDP Per Capita Current US$,GDP per Capita,Economy,US Dollars,2008,22252.3125108061,22072.127579116262,Historical Prediction,Linear Regression,1569.2220463881833,1895.9352780130253,0.9423146109470802
KOR,"Korea, Rep.",East Asia,NY.GDP.PCAP.CD,GDP Per Capita Current US$,GDP per Capita,Economy,US Dollars,2009,19937.3029137734,23134.769354797434,Historical Prediction,Linear Regression,1569.2220463881833,1895.9352780130253,0.9423146109470802
KOR,"Korea, Rep.",East Asia,NY.GDP.PCAP.CD,GDP Per Capita Current US$,GDP per Capita,Economy,US Dollars,2010,24071.2620526362,24197.411130478606,Historical Prediction,Linear Regression,1569.2220463881833,1895.9352780130253,0.9423146109470802
KOR,"Korea, Rep.",East Asia,NY.GDP.PCAP.CD,GDP Per Capita Current US$,GDP per Capita,Economy,US Dollars,2011,26175.2398553363,25260.052906160243,Historical Prediction,Linear Regression,1569.2220463881833,1895.9352780130253,0.9423146109470802
KOR,"Korea, Rep.",East Asia,NY.GDP.PCAP.CD,GDP Per Capita Current US$,GDP per Capita,Economy,US Dollars,2012,26600.5477433903,26322.694681841414,Historical Prediction,Linear Regression,1569.2220463881833,1895.9352780130253,0.9423146109470802
KOR,"Korea, Rep.",East Asia,NY.GDP.PCAP.CD,GDP Per Capita Current US$,GDP per Capita,Economy,US Dollars,2013,28449.3591104972,27385.336457522586,Historical Prediction,Linear Regression,1569.2220463881833,1895.9352780130253,0.9423146109470802
KOR,"Korea, Rep.",East Asia,NY.GDP.PCAP.CD,GDP Per Capita Current US$,GDP per Capita,Economy,US Dollars,2014,30667.0912467447,28447.978233203758,Historical Prediction,Linear Regression,1569.2220463881833,1895.9352780130253,0.9423146109470802
KOR,"Korea, Rep.",East Asia,NY.GDP.PCAP.CD,GDP Per Capita Current US$,GDP per Capita,Economy,US Dollars,2015,30171.7906545222,29510.620008885395,Historical Prediction,Linear Regression,1569.2220463881833,1895.9352780130253,0.9423146109470802
KOR,"Korea, Rep.",East Asia,NY.GDP.PCAP.CD,GDP Per Capita Current US$,GDP per Capita,Economy,US Dollars,2016,30832.0628072516,30573.261784566566,Historical Prediction,Linear Regression,1569.2220463881833,1895.9352780130253,0.9423146109470802
KOR,"Korea, Rep.",East Asia,NY.GDP.PCAP.CD,GDP Per Capita Current US$,GDP per Capita,Economy,US Dollars,2017,33296.9845439195,31635.903560247738,Historical Prediction,Linear Regression,1569.2220463881833,1895.9352780130253,0.9423146109470802
KOR,"Korea, Rep.",East Asia,NY.GDP.PCAP.CD,GDP Per Capita Current US$,GDP per Capita,Economy,US Dollars,2018,35363.9508228687,32698.54533592891,Historical Prediction,Linear Regression,1569.2220463881833,1895.9352780130253,0.9423146109470802
KOR,"Korea, Rep.",East Asia,NY.GDP.PCAP.CD,GDP Per Capita Current US$,GDP per Capita,Economy,US Dollars,2019,33826.9443301597,33761.18711161055,Historical Prediction,Linear Regression,1569.2220463881833,1895.9352780130253,0.9423146109470802
KOR,"Korea, Rep.",East Asia,NY.GDP.PCAP.CD,GDP Per Capita Current US$,GDP per Capita,Economy,US Dollars,2020,33645.7719545073,34823.82888729172,Historical Prediction,Linear Regression,1569.2220463881833,1895.9352780130253,0.9423146109470802
KOR,"Korea, Rep.",East Asia,NY.GDP.PCAP.CD,GDP Per Capita Current US$,GDP per Capita,Economy,US Dollars,2021,37518.4635305697,35886.47066297289,Historical Prediction,Linear Regression,1569.2220463881833,1895.9352780130253,0.9423146109470802
KOR,"Korea, Rep.",East Asia,NY.GDP.PCAP.CD,GDP Per Capita Current US$,GDP per Capita,Economy,US Dollars,2022,34822.4048404971,36949.11243865406,Historical Prediction,Linear Regression,1569.2220463881833,1895.9352780130253,0.9423146109470802
KOR,"Korea, Rep.",East Asia,NY.GDP.PCAP.CD,GDP Per Capita Current US$,GDP per Capita,Economy,US Dollars,2023,35674.095995632,38011.7542143357,Historical Prediction,Linear Regression,1569.2220463881833,1895.9352780130253,0.9423146109470802
KOR,"Korea, Rep.",East Asia,NY.GDP.PCAP.CD,GDP Per Capita Current US$,GDP per Capita,Economy,US Dollars,2024,36238.639908315,39074.39599001687,Historical Prediction,Linear Regression,1569.2220463881833,1895.9352780130253,0.9423146109470802
KOR,"Korea, Rep.",East Asia,NY.GDP.PCAP.CD,GDP Per Capita Current US$,GDP per Capita,Economy,US Dollars,2025,,40137.03776569804,Future Forecast,Linear Regression,1569.2220463881833,1895.9352780130253,0.9423146109470802
KOR,"Korea, Rep.",East Asia,NY.GDP.PCAP.CD,GDP Per Capita Current US$,GDP per Capita,Economy,US Dollars,2026,,41199.67954137921,Future Forecast,Linear Regression,1569.2220463881833,1895.9352780130253,0.9423146109470802
KOR,"Korea, Rep.",East Asia,NY.GDP.PCAP.CD,GDP Per Capita Current US$,GDP per Capita,Economy,US Dollars,2027,,42262.32131706085,Future Forecast,Linear Regression,1569.2220463881833,1895.9352780130253,0.9423146109470802
KOR,"Korea, Rep.",East Asia,NY.GDP.PCAP.CD,GDP Per Capita Current US$,GDP per Capita,Economy,US Dollars,2028,,43324.96309274202,Future Forecast,Linear Regression,1569.2220463881833,1895.9352780130253,0.9423146109470802
KOR,"Korea, Rep.",East Asia,NY.GDP.PCAP.CD,GDP Per Capita Current US$,GDP per Capita,Economy,US Dollars,2029,,44387.604868423194,Future Forecast,Linear Regression,1569.2220463881833,1895.9352780130253,0.9423146109470802
KOR,"Korea, Rep.",East Asia,SL.UEM.TOTL.ZS,Unemployment Total %,Unemployment,Labor,Percentage,2000,4.063,3.42537230769231,Historical Prediction,Linear Regression,0.32592781538461524,0.37620999205640027,0.023072974509579014
KOR,"Korea, Rep.",East Asia,SL.UEM.TOTL.ZS,Unemployment Total %,Unemployment,Labor,Percentage,2001,3.699,3.4173546153846175,Historical Prediction,Linear Regression,0.32592781538461524,0.37620999205640027,0.023072974509579014
KOR,"Korea, Rep.",East Asia,SL.UEM.TOTL.ZS,Unemployment Total %,Unemployment,Labor,Percentage,2002,3.046,3.409336923076925,Historical Prediction,Linear Regression,0.32592781538461524,0.37620999205640027,0.023072974509579014
KOR,"Korea, Rep.",East Asia,SL.UEM.TOTL.ZS,Unemployment Total %,Unemployment,Labor,Percentage,2003,3.348,3.401319230769232,Historical Prediction,Linear Regression,0.32592781538461524,0.37620999205640027,0.023072974509579014
KOR,"Korea, Rep.",East Asia,SL.UEM.TOTL.ZS,Unemployment Total %,Unemployment,Labor,Percentage,2004,3.42,3.3933015384615395,Historical Prediction,Linear Regression,0.32592781538461524,0.37620999205640027,0.023072974509579014
KOR,"Korea, Rep.",East Asia,SL.UEM.TOTL.ZS,Unemployment Total %,Unemployment,Labor,Percentage,2005,3.482,3.3852838461538504,Historical Prediction,Linear Regression,0.32592781538461524,0.37620999205640027,0.023072974509579014
KOR,"Korea, Rep.",East Asia,SL.UEM.TOTL.ZS,Unemployment Total %,Unemployment,Labor,Percentage,2006,3.254,3.3772661538461577,Historical Prediction,Linear Regression,0.32592781538461524,0.37620999205640027,0.023072974509579014
KOR,"Korea, Rep.",East Asia,SL.UEM.TOTL.ZS,Unemployment Total %,Unemployment,Labor,Percentage,2007,3.013,3.369248461538465,Historical Prediction,Linear Regression,0.32592781538461524,0.37620999205640027,0.023072974509579014
KOR,"Korea, Rep.",East Asia,SL.UEM.TOTL.ZS,Unemployment Total %,Unemployment,Labor,Percentage,2008,2.959,3.3612307692307724,Historical Prediction,Linear Regression,0.32592781538461524,0.37620999205640027,0.023072974509579014
KOR,"Korea, Rep.",East Asia,SL.UEM.TOTL.ZS,Unemployment Total %,Unemployment,Labor,Percentage,2009,3.363,3.3532130769230797,Historical Prediction,Linear Regression,0.32592781538461524,0.37620999205640027,0.023072974509579014
KOR,"Korea, Rep.",East Asia,SL.UEM.TOTL.ZS,Unemployment Total %,Unemployment,Labor,Percentage,2010,3.324,3.345195384615387,Historical Prediction,Linear Regression,0.32592781538461524,0.37620999205640027,0.023072974509579014
KOR,"Korea, Rep.",East Asia,SL.UEM.TOTL.ZS,Unemployment Total %,Unemployment,Labor,Percentage,2011,2.992,3.3371776923076943,Historical Prediction,Linear Regression,0.32592781538461524,0.37620999205640027,0.023072974509579014
KOR,"Korea, Rep.",East Asia,SL.UEM.TOTL.ZS,Unemployment Total %,Unemployment,Labor,Percentage,2012,2.812,3.3291600000000017,Historical Prediction,Linear Regression,0.32592781538461524,0.37620999205640027,0.023072974509579014
KOR,"Korea, Rep.",East Asia,SL.UEM.TOTL.ZS,Unemployment Total %,Unemployment,Labor,Percentage,2013,3.067,3.321142307692309,Historical Prediction,Linear Regression,0.32592781538461524,0.37620999205640027,0.023072974509579014
KOR,"Korea, Rep.",East Asia,SL.UEM.TOTL.ZS,Unemployment Total %,Unemployment,Labor,Percentage,2014,3.082,3.3131246153846163,Historical Prediction,Linear Regression,0.32592781538461524,0.37620999205640027,0.023072974509579014
KOR,"Korea, Rep.",East Asia,SL.UEM.TOTL.ZS,Unemployment Total %,Unemployment,Labor,Percentage,2015,3.546,3.305106923076927,Historical Prediction,Linear Regression,0.32592781538461524,0.37620999205640027,0.023072974509579014
KOR,"Korea, Rep.",East Asia,SL.UEM.TOTL.ZS,Unemployment Total %,Unemployment,Labor,Percentage,2016,3.65,3.2970892307692345,Historical Prediction,Linear Regression,0.32592781538461524,0.37620999205640027,0.023072974509579014
KOR,"Korea, Rep.",East Asia,SL.UEM.TOTL.ZS,Unemployment Total %,Unemployment,Labor,Percentage,2017,3.653,3.289071538461542,Historical Prediction,Linear Regression,0.32592781538461524,0.37620999205640027,0.023072974509579014
KOR,"Korea, Rep.",East Asia,SL.UEM.TOTL.ZS,Unemployment Total %,Unemployment,Labor,Percentage,2018,3.824,3.281053846153849,Historical Prediction,Linear Regression,0.32592781538461524,0.37620999205640027,0.023072974509579014
KOR,"Korea, Rep.",East Asia,SL.UEM.TOTL.ZS,Unemployment Total %,Unemployment,Labor,Percentage,2019,3.746,3.2730361538461565,Historical Prediction,Linear Regression,0.32592781538461524,0.37620999205640027,0.023072974509579014
KOR,"Korea, Rep.",East Asia,SL.UEM.TOTL.ZS,Unemployment Total %,Unemployment,Labor,Percentage,2020,3.931,3.265018461538464,Historical Prediction,Linear Regression,0.32592781538461524,0.37620999205640027,0.023072974509579014
KOR,"Korea, Rep.",East Asia,SL.UEM.TOTL.ZS,Unemployment Total %,Unemployment,Labor,Percentage,2021,3.639,3.257000769230771,Historical Prediction,Linear Regression,0.32592781538461524,0.37620999205640027,0.023072974509579014
KOR,"Korea, Rep.",East Asia,SL.UEM.TOTL.ZS,Unemployment Total %,Unemployment,Labor,Percentage,2022,2.857,3.2489830769230785,Historical Prediction,Linear Regression,0.32592781538461524,0.37620999205640027,0.023072974509579014
KOR,"Korea, Rep.",East Asia,SL.UEM.TOTL.ZS,Unemployment Total %,Unemployment,Labor,Percentage,2023,2.675,3.240965384615386,Historical Prediction,Linear Regression,0.32592781538461524,0.37620999205640027,0.023072974509579014
KOR,"Korea, Rep.",East Asia,SL.UEM.TOTL.ZS,Unemployment Total %,Unemployment,Labor,Percentage,2024,2.784,3.2329476923076967,Historical Prediction,Linear Regression,0.32592781538461524,0.37620999205640027,0.023072974509579014
KOR,"Korea, Rep.",East Asia,SL.UEM.TOTL.ZS,Unemployment Total %,Unemployment,Labor,Percentage,2025,,3.224930000000004,Future Forecast,Linear Regression,0.32592781538461524,0.37620999205640027,0.023072974509579014
KOR,"Korea, Rep.",East Asia,SL.UEM.TOTL.ZS,Unemployment Total %,Unemployment,Labor,Percentage,2026,,3.2169123076923114,Future Forecast,Linear Regression,0.32592781538461524,0.37620999205640027,0.023072974509579014
KOR,"Korea, Rep.",East Asia,SL.UEM.TOTL.ZS,Unemployment Total %,Unemployment,Labor,Percentage,2027,,3.2088946153846187,Future Forecast,Linear Regression,0.32592781538461524,0.37620999205640027,0.023072974509579014
KOR,"Korea, Rep.",East Asia,SL.UEM.TOTL.ZS,Unemployment Total %,Unemployment,Labor,Percentage,2028,,3.200876923076926,Future Forecast,Linear Regression,0.32592781538461524,0.37620999205640027,0.023072974509579014
KOR,"Korea, Rep.",East Asia,SL.UEM.TOTL.ZS,Unemployment Total %,Unemployment,Labor,Percentage,2029,,3.1928592307692334,Future Forecast,Linear Regression,0.32592781538461524,0.37620999205640027,0.023072974509579014
KOR,"Korea, Rep.",East Asia,SP.POP.TOTL,Total Population,Population,Population,People,2000,47008111.0,47308443.82153851,Historical Prediction,Linear Regression,260679.94990769387,318731.92712504213,0.9606399798427484
KOR,"Korea, Rep.",East Asia,SP.POP.TOTL,Total Population,Population,Population,People,2001,47370164.0,47526805.57307696,Historical Prediction,Linear Regression,260679.94990769387,318731.92712504213,0.9606399798427484
KOR,"Korea, Rep.",East Asia,SP.POP.TOTL,Total Population,Population,Population,People,2002,47644736.0,47745167.32461542,Historical Prediction,Linear Regression,260679.94990769387,318731.92712504213,0.9606399798427484
KOR,"Korea, Rep.",East Asia,SP.POP.TOTL,Total Population,Population,Population,People,2003,47892330.0,47963529.076153874,Historical Prediction,Linear Regression,260679.94990769387,318731.92712504213,0.9606399798427484
KOR,"Korea, Rep.",East Asia,SP.POP.TOTL,Total Population,Population,Population,People,2004,48082519.0,48181890.82769239,Historical Prediction,Linear Regression,260679.94990769387,318731.92712504213,0.9606399798427484
KOR,"Korea, Rep.",East Asia,SP.POP.TOTL,Total Population,Population,Population,People,2005,48184561.0,48400252.579230845,Historical Prediction,Linear Regression,260679.94990769387,318731.92712504213,0.9606399798427484
KOR,"Korea, Rep.",East Asia,SP.POP.TOTL,Total Population,Population,Population,People,2006,48438292.0,48618614.3307693,Historical Prediction,Linear Regression,260679.94990769387,318731.92712504213,0.9606399798427484
KOR,"Korea, Rep.",East Asia,SP.POP.TOTL,Total Population,Population,Population,People,2007,48683638.0,48836976.082307756,Historical Prediction,Linear Regression,260679.94990769387,318731.92712504213,0.9606399798427484
KOR,"Korea, Rep.",East Asia,SP.POP.TOTL,Total Population,Population,Population,People,2008,49054708.0,49055337.83384621,Historical Prediction,Linear Regression,260679.94990769387,318731.92712504213,0.9606399798427484
KOR,"Korea, Rep.",East Asia,SP.POP.TOTL,Total Population,Population,Population,People,2009,49307835.0,49273699.58538467,Historical Prediction,Linear Regression,260679.94990769387,318731.92712504213,0.9606399798427484
KOR,"Korea, Rep.",East Asia,SP.POP.TOTL,Total Population,Population,Population,People,2010,49554112.0,49492061.33692312,Historical Prediction,Linear Regression,260679.94990769387,318731.92712504213,0.9606399798427484
KOR,"Korea, Rep.",East Asia,SP.POP.TOTL,Total Population,Population,Population,People,2011,49936638.0,49710423.08846158,Historical Prediction,Linear Regression,260679.94990769387,318731.92712504213,0.9606399798427484
KOR,"Korea, Rep.",East Asia,SP.POP.TOTL,Total Population,Population,Population,People,2012,50199853.0,49928784.84000003,Historical Prediction,Linear Regression,260679.94990769387,318731.92712504213,0.9606399798427484
KOR,"Korea, Rep.",East Asia,SP.POP.TOTL,Total Population,Population,Population,People,2013,50428893.0,50147146.59153849,Historical Prediction,Linear Regression,260679.94990769387,318731.92712504213,0.9606399798427484
KOR,"Korea, Rep.",East Asia,SP.POP.TOTL,Total Population,Population,Population,People,2014,50746659.0,50365508.343077004,Historical Prediction,Linear Regression,260679.94990769387,318731.92712504213,0.9606399798427484
KOR,"Korea, Rep.",East Asia,SP.POP.TOTL,Total Population,Population,Population,People,2015,51014947.0,50583870.09461546,Historical Prediction,Linear Regression,260679.94990769387,318731.92712504213,0.9606399798427484
KOR,"Korea, Rep.",East Asia,SP.POP.TOTL,Total Population,Population,Population,People,2016,51217803.0,50802231.846153915,Historical Prediction,Linear Regression,260679.94990769387,318731.92712504213,0.9606399798427484
KOR,"Korea, Rep.",East Asia,SP.POP.TOTL,Total Population,Population,Population,People,2017,51361911.0,51020593.59769237,Historical Prediction,Linear Regression,260679.94990769387,318731.92712504213,0.9606399798427484
KOR,"Korea, Rep.",East Asia,SP.POP.TOTL,Total Population,Population,Population,People,2018,51585058.0,51238955.349230826,Historical Prediction,Linear Regression,260679.94990769387,318731.92712504213,0.9606399798427484
KOR,"Korea, Rep.",East Asia,SP.POP.TOTL,Total Population,Population,Population,People,2019,51764822.0,51457317.10076928,Historical Prediction,Linear Regression,260679.94990769387,318731.92712504213,0.9606399798427484
KOR,"Korea, Rep.",East Asia,SP.POP.TOTL,Total Population,Population,Population,People,2020,51836239.0,51675678.85230774,Historical Prediction,Linear Regression,260679.94990769387,318731.92712504213,0.9606399798427484
KOR,"Korea, Rep.",East Asia,SP.POP.TOTL,Total Population,Population,Population,People,2021,51769539.0,51894040.60384619,Historical Prediction,Linear Regression,260679.94990769387,318731.92712504213,0.9606399798427484
KOR,"Korea, Rep.",East Asia,SP.POP.TOTL,Total Population,Population,Population,People,2022,51672569.0,52112402.35538465,Historical Prediction,Linear Regression,260679.94990769387,318731.92712504213,0.9606399798427484
KOR,"Korea, Rep.",East Asia,SP.POP.TOTL,Total Population,Population,Population,People,2023,51712619.0,52330764.1069231,Historical Prediction,Linear Regression,260679.94990769387,318731.92712504213,0.9606399798427484
KOR,"Korea, Rep.",East Asia,SP.POP.TOTL,Total Population,Population,Population,People,2024,51751065.0,52549125.85846162,Historical Prediction,Linear Regression,260679.94990769387,318731.92712504213,0.9606399798427484
KOR,"Korea, Rep.",East Asia,SP.POP.TOTL,Total Population,Population,Population,People,2025,,52767487.610000074,Future Forecast,Linear Regression,260679.94990769387,318731.92712504213,0.9606399798427484
KOR,"Korea, Rep.",East Asia,SP.POP.TOTL,Total Population,Population,Population,People,2026,,52985849.36153853,Future Forecast,Linear Regression,260679.94990769387,318731.92712504213,0.9606399798427484
KOR,"Korea, Rep.",East Asia,SP.POP.TOTL,Total Population,Population,Population,People,2027,,53204211.113076985,Future Forecast,Linear Regression,260679.94990769387,318731.92712504213,0.9606399798427484
KOR,"Korea, Rep.",East Asia,SP.POP.TOTL,Total Population,Population,Population,People,2028,,53422572.86461544,Future Forecast,Linear Regression,260679.94990769387,318731.92712504213,0.9606399798427484
KOR,"Korea, Rep.",East Asia,SP.POP.TOTL,Total Population,Population,Population,People,2029,,53640934.616153896,Future Forecast,Linear Regression,260679.94990769387,318731.92712504213,0.9606399798427484
LKA,Sri Lanka,South Asia,FP.CPI.TOTL.ZG,Inflation Annual %,Inflation,Economy,Percentage,2000,6.17627591012045,8.416691822975935,Historical Prediction,Linear Regression,6.072689151518035,9.58495625583891,0.004751269969158978
LKA,Sri Lanka,South Asia,FP.CPI.TOTL.ZG,Inflation Annual %,Inflation,Economy,Percentage,2001,14.15845579912,8.508530898058865,Historical Prediction,Linear Regression,6.072689151518035,9.58495625583891,0.004751269969158978
LKA,Sri Lanka,South Asia,FP.CPI.TOTL.ZG,Inflation Annual %,Inflation,Economy,Percentage,2002,9.55103167007251,8.600369973141795,Historical Prediction,Linear Regression,6.072689151518035,9.58495625583891,0.004751269969158978
LKA,Sri Lanka,South Asia,FP.CPI.TOTL.ZG,Inflation Annual %,Inflation,Economy,Percentage,2003,6.31463787051174,8.692209048224754,Historical Prediction,Linear Regression,6.072689151518035,9.58495625583891,0.004751269969158978
LKA,Sri Lanka,South Asia,FP.CPI.TOTL.ZG,Inflation Annual %,Inflation,Economy,Percentage,2004,7.57592582995856,8.784048123307684,Historical Prediction,Linear Regression,6.072689151518035,9.58495625583891,0.004751269969158978
LKA,Sri Lanka,South Asia,FP.CPI.TOTL.ZG,Inflation Annual %,Inflation,Economy,Percentage,2005,11.6396860971118,8.875887198390615,Historical Prediction,Linear Regression,6.072689151518035,9.58495625583891,0.004751269969158978
LKA,Sri Lanka,South Asia,FP.CPI.TOTL.ZG,Inflation Annual %,Inflation,Economy,Percentage,2006,10.0201836057035,8.967726273473573,Historical Prediction,Linear Regression,6.072689151518035,9.58495625583891,0.004751269969158978
LKA,Sri Lanka,South Asia,FP.CPI.TOTL.ZG,Inflation Annual %,Inflation,Economy,Percentage,2007,15.8421114924843,9.059565348556504,Historical Prediction,Linear Regression,6.072689151518035,9.58495625583891,0.004751269969158978
LKA,Sri Lanka,South Asia,FP.CPI.TOTL.ZG,Inflation Annual %,Inflation,Economy,Percentage,2008,22.5644955300126,9.151404423639434,Historical Prediction,Linear Regression,6.072689151518035,9.58495625583891,0.004751269969158978
LKA,Sri Lanka,South Asia,FP.CPI.TOTL.ZG,Inflation Annual %,Inflation,Economy,Percentage,2009,3.46496322106074,9.243243498722393,Historical Prediction,Linear Regression,6.072689151518035,9.58495625583891,0.004751269969158978
LKA,Sri Lanka,South Asia,FP.CPI.TOTL.ZG,Inflation Annual %,Inflation,Economy,Percentage,2010,6.2176488930462,9.335082573805323,Historical Prediction,Linear Regression,6.072689151518035,9.58495625583891,0.004751269969158978
LKA,Sri Lanka,South Asia,FP.CPI.TOTL.ZG,Inflation Annual %,Inflation,Economy,Percentage,2011,6.7167684358854,9.426921648888253,Historical Prediction,Linear Regression,6.072689151518035,9.58495625583891,0.004751269969158978
LKA,Sri Lanka,South Asia,FP.CPI.TOTL.ZG,Inflation Annual %,Inflation,Economy,Percentage,2012,7.54291373239437,9.518760723971212,Historical Prediction,Linear Regression,6.072689151518035,9.58495625583891,0.004751269969158978
LKA,Sri Lanka,South Asia,FP.CPI.TOTL.ZG,Inflation Annual %,Inflation,Economy,Percentage,2013,6.90845034828452,9.610599799054143,Historical Prediction,Linear Regression,6.072689151518035,9.58495625583891,0.004751269969158978
LKA,Sri Lanka,South Asia,FP.CPI.TOTL.ZG,Inflation Annual %,Inflation,Economy,Percentage,2014,3.1790022823606,9.702438874137073,Historical Prediction,Linear Regression,6.072689151518035,9.58495625583891,0.004751269969158978
LKA,Sri Lanka,South Asia,FP.CPI.TOTL.ZG,Inflation Annual %,Inflation,Economy,Percentage,2015,3.76836783062096,9.794277949220032,Historical Prediction,Linear Regression,6.072689151518035,9.58495625583891,0.004751269969158978
LKA,Sri Lanka,South Asia,FP.CPI.TOTL.ZG,Inflation Annual %,Inflation,Economy,Percentage,2016,3.9588884659307,9.886117024302962,Historical Prediction,Linear Regression,6.072689151518035,9.58495625583891,0.004751269969158978
LKA,Sri Lanka,South Asia,FP.CPI.TOTL.ZG,Inflation Annual %,Inflation,Economy,Percentage,2017,7.70413767850602,9.977956099385892,Historical Prediction,Linear Regression,6.072689151518035,9.58495625583891,0.004751269969158978
LKA,Sri Lanka,South Asia,FP.CPI.TOTL.ZG,Inflation Annual %,Inflation,Economy,Percentage,2018,2.135037737132,10.069795174468851,Historical Prediction,Linear Regression,6.072689151518035,9.58495625583891,0.004751269969158978
LKA,Sri Lanka,South Asia,FP.CPI.TOTL.ZG,Inflation Annual %,Inflation,Economy,Percentage,2019,3.52839358231811,10.161634249551781,Historical Prediction,Linear Regression,6.072689151518035,9.58495625583891,0.004751269969158978
LKA,Sri Lanka,South Asia,FP.CPI.TOTL.ZG,Inflation Annual %,Inflation,Economy,Percentage,2020,6.15394508391738,10.253473324634712,Historical Prediction,Linear Regression,6.072689151518035,9.58495625583891,0.004751269969158978
LKA,Sri Lanka,South Asia,FP.CPI.TOTL.ZG,Inflation Annual %,Inflation,Economy,Percentage,2021,7.01478071238195,10.34531239971767,Historical Prediction,Linear Regression,6.072689151518035,9.58495625583891,0.004751269969158978
LKA,Sri Lanka,South Asia,FP.CPI.TOTL.ZG,Inflation Annual %,Inflation,Economy,Percentage,2022,49.7211021114327,10.4371514748006,Historical Prediction,Linear Regression,6.072689151518035,9.58495625583891,0.004751269969158978
LKA,Sri Lanka,South Asia,FP.CPI.TOTL.ZG,Inflation Annual %,Inflation,Economy,Percentage,2023,16.5411742279832,10.528990549883531,Historical Prediction,Linear Regression,6.072689151518035,9.58495625583891,0.004751269969158978
LKA,Sri Lanka,South Asia,FP.CPI.TOTL.ZG,Inflation Annual %,Inflation,Economy,Percentage,2024,-0.42936004906973,10.62082962496649,Historical Prediction,Linear Regression,6.072689151518035,9.58495625583891,0.004751269969158978
LKA,Sri Lanka,South Asia,FP.CPI.TOTL.ZG,Inflation Annual %,Inflation,Economy,Percentage,2025,,10.71266870004942,Future Forecast,Linear Regression,6.072689151518035,9.58495625583891,0.004751269969158978
LKA,Sri Lanka,South Asia,FP.CPI.TOTL.ZG,Inflation Annual %,Inflation,Economy,Percentage,2026,,10.80450777513235,Future Forecast,Linear Regression,6.072689151518035,9.58495625583891,0.004751269969158978
LKA,Sri Lanka,South Asia,FP.CPI.TOTL.ZG,Inflation Annual %,Inflation,Economy,Percentage,2027,,10.89634685021531,Future Forecast,Linear Regression,6.072689151518035,9.58495625583891,0.004751269969158978
LKA,Sri Lanka,South Asia,FP.CPI.TOTL.ZG,Inflation Annual %,Inflation,Economy,Percentage,2028,,10.98818592529824,Future Forecast,Linear Regression,6.072689151518035,9.58495625583891,0.004751269969158978
LKA,Sri Lanka,South Asia,FP.CPI.TOTL.ZG,Inflation Annual %,Inflation,Economy,Percentage,2029,,11.08002500038117,Future Forecast,Linear Regression,6.072689151518035,9.58495625583891,0.004751269969158978
LKA,Sri Lanka,South Asia,NE.EXP.GNFS.ZS,Exports of Goods and Services % of GDP,Exports % GDP,Trade,Percentage,2000,39.015700886425,35.68944549121193,Historical Prediction,Linear Regression,2.575779123847814,3.039758449230722,0.8247597952885254
LKA,Sri Lanka,South Asia,NE.EXP.GNFS.ZS,Exports of Goods and Services % of GDP,Exports % GDP,Trade,Percentage,2001,37.3311884768914,34.868326527742965,Historical Prediction,Linear Regression,2.575779123847814,3.039758449230722,0.8247597952885254
LKA,Sri Lanka,South Asia,NE.EXP.GNFS.ZS,Exports of Goods and Services % of GDP,Exports % GDP,Trade,Percentage,2002,34.9133301978336,34.047207564274004,Historical Prediction,Linear Regression,2.575779123847814,3.039758449230722,0.8247597952885254
LKA,Sri Lanka,South Asia,NE.EXP.GNFS.ZS,Exports of Goods and Services % of GDP,Exports % GDP,Trade,Percentage,2003,34.6535028324228,33.22608860080504,Historical Prediction,Linear Regression,2.575779123847814,3.039758449230722,0.8247597952885254
LKA,Sri Lanka,South Asia,NE.EXP.GNFS.ZS,Exports of Goods and Services % of GDP,Exports % GDP,Trade,Percentage,2004,35.3309027324412,32.40496963733631,Historical Prediction,Linear Regression,2.575779123847814,3.039758449230722,0.8247597952885254
LKA,Sri Lanka,South Asia,NE.EXP.GNFS.ZS,Exports of Goods and Services % of GDP,Exports % GDP,Trade,Percentage,2005,32.3368729874893,31.583850673867346,Historical Prediction,Linear Regression,2.575779123847814,3.039758449230722,0.8247597952885254
LKA,Sri Lanka,South Asia,NE.EXP.GNFS.ZS,Exports of Goods and Services % of GDP,Exports % GDP,Trade,Percentage,2006,30.1285270937972,30.762731710398384,Historical Prediction,Linear Regression,2.575779123847814,3.039758449230722,0.8247597952885254
LKA,Sri Lanka,South Asia,NE.EXP.GNFS.ZS,Exports of Goods and Services % of GDP,Exports % GDP,Trade,Percentage,2007,29.1149996870361,29.941612746929422,Historical Prediction,Linear Regression,2.575779123847814,3.039758449230722,0.8247597952885254
LKA,Sri Lanka,South Asia,NE.EXP.GNFS.ZS,Exports of Goods and Services % of GDP,Exports % GDP,Trade,Percentage,2008,24.8414870988205,29.120493783460688,Historical Prediction,Linear Regression,2.575779123847814,3.039758449230722,0.8247597952885254
LKA,Sri Lanka,South Asia,NE.EXP.GNFS.ZS,Exports of Goods and Services % of GDP,Exports % GDP,Trade,Percentage,2009,21.328366243783,28.299374819991726,Historical Prediction,Linear Regression,2.575779123847814,3.039758449230722,0.8247597952885254
LKA,Sri Lanka,South Asia,NE.EXP.GNFS.ZS,Exports of Goods and Services % of GDP,Exports % GDP,Trade,Percentage,2015,19.8933838202255,23.372661039178183,Historical Prediction,Linear Regression,2.575779123847814,3.039758449230722,0.8247597952885254
LKA,Sri Lanka,South Asia,NE.EXP.GNFS.ZS,Exports of Goods and Services % of GDP,Exports % GDP,Trade,Percentage,2016,19.8240360429518,22.55154207570945,Historical Prediction,Linear Regression,2.575779123847814,3.039758449230722,0.8247597952885254
LKA,Sri Lanka,South Asia,NE.EXP.GNFS.ZS,Exports of Goods and Services % of GDP,Exports % GDP,Trade,Percentage,2017,20.2242000361133,21.730423112240487,Historical Prediction,Linear Regression,2.575779123847814,3.039758449230722,0.8247597952885254
LKA,Sri Lanka,South Asia,NE.EXP.GNFS.ZS,Exports of Goods and Services % of GDP,Exports % GDP,Trade,Percentage,2018,21.4462486146411,20.909304148771525,Historical Prediction,Linear Regression,2.575779123847814,3.039758449230722,0.8247597952885254
LKA,Sri Lanka,South Asia,NE.EXP.GNFS.ZS,Exports of Goods and Services % of GDP,Exports % GDP,Trade,Percentage,2019,21.8235309247363,20.088185185302564,Historical Prediction,Linear Regression,2.575779123847814,3.039758449230722,0.8247597952885254
LKA,Sri Lanka,South Asia,NE.EXP.GNFS.ZS,Exports of Goods and Services % of GDP,Exports % GDP,Trade,Percentage,2020,15.4576399173458,19.26706622183383,Historical Prediction,Linear Regression,2.575779123847814,3.039758449230722,0.8247597952885254
LKA,Sri Lanka,South Asia,NE.EXP.GNFS.ZS,Exports of Goods and Services % of GDP,Exports % GDP,Trade,Percentage,2021,16.9214215895555,18.445947258364868,Historical Prediction,Linear Regression,2.575779123847814,3.039758449230722,0.8247597952885254
LKA,Sri Lanka,South Asia,NE.EXP.GNFS.ZS,Exports of Goods and Services % of GDP,Exports % GDP,Trade,Percentage,2022,21.5595624620967,17.624828294895906,Historical Prediction,Linear Regression,2.575779123847814,3.039758449230722,0.8247597952885254
LKA,Sri Lanka,South Asia,NE.EXP.GNFS.ZS,Exports of Goods and Services % of GDP,Exports % GDP,Trade,Percentage,2023,20.689136230194,16.80370933142717,Historical Prediction,Linear Regression,2.575779123847814,3.039758449230722,0.8247597952885254
LKA,Sri Lanka,South Asia,NE.EXP.GNFS.ZS,Exports of Goods and Services % of GDP,Exports % GDP,Trade,Percentage,2024,19.8863207168995,15.98259036795821,Historical Prediction,Linear Regression,2.575779123847814,3.039758449230722,0.8247597952885254
LKA,Sri Lanka,South Asia,NE.EXP.GNFS.ZS,Exports of Goods and Services % of GDP,Exports % GDP,Trade,Percentage,2025,,15.161471404489248,Future Forecast,Linear Regression,2.575779123847814,3.039758449230722,0.8247597952885254
LKA,Sri Lanka,South Asia,NE.EXP.GNFS.ZS,Exports of Goods and Services % of GDP,Exports % GDP,Trade,Percentage,2026,,14.340352441020286,Future Forecast,Linear Regression,2.575779123847814,3.039758449230722,0.8247597952885254
LKA,Sri Lanka,South Asia,NE.EXP.GNFS.ZS,Exports of Goods and Services % of GDP,Exports % GDP,Trade,Percentage,2027,,13.519233477551552,Future Forecast,Linear Regression,2.575779123847814,3.039758449230722,0.8247597952885254
LKA,Sri Lanka,South Asia,NE.EXP.GNFS.ZS,Exports of Goods and Services % of GDP,Exports % GDP,Trade,Percentage,2028,,12.69811451408259,Future Forecast,Linear Regression,2.575779123847814,3.039758449230722,0.8247597952885254
LKA,Sri Lanka,South Asia,NE.EXP.GNFS.ZS,Exports of Goods and Services % of GDP,Exports % GDP,Trade,Percentage,2029,,11.876995550613628,Future Forecast,Linear Regression,2.575779123847814,3.039758449230722,0.8247597952885254
LKA,Sri Lanka,South Asia,NV.AGR.TOTL.ZS,Agriculture Value Added % of GDP,Agriculture % GDP,Agriculture,Percentage,2000,19.9273150418722,15.330815280936122,Historical Prediction,Linear Regression,1.7010006300832874,2.037025322147092,0.6677661882662183
LKA,Sri Lanka,South Asia,NV.AGR.TOTL.ZS,Agriculture Value Added % of GDP,Agriculture % GDP,Agriculture,Percentage,2001,20.0666052033611,14.930331387853016,Historical Prediction,Linear Regression,1.7010006300832874,2.037025322147092,0.6677661882662183
LKA,Sri Lanka,South Asia,NV.AGR.TOTL.ZS,Agriculture Value Added % of GDP,Agriculture % GDP,Agriculture,Percentage,2002,14.2793225360883,14.529847494770024,Historical Prediction,Linear Regression,1.7010006300832874,2.037025322147092,0.6677661882662183
LKA,Sri Lanka,South Asia,NV.AGR.TOTL.ZS,Agriculture Value Added % of GDP,Agriculture % GDP,Agriculture,Percentage,2003,13.230514884212,14.129363601686919,Historical Prediction,Linear Regression,1.7010006300832874,2.037025322147092,0.6677661882662183
LKA,Sri Lanka,South Asia,NV.AGR.TOTL.ZS,Agriculture Value Added % of GDP,Agriculture % GDP,Agriculture,Percentage,2004,12.5438041438828,13.728879708603813,Historical Prediction,Linear Regression,1.7010006300832874,2.037025322147092,0.6677661882662183
LKA,Sri Lanka,South Asia,NV.AGR.TOTL.ZS,Agriculture Value Added % of GDP,Agriculture % GDP,Agriculture,Percentage,2005,11.8194768226447,13.328395815520707,Historical Prediction,Linear Regression,1.7010006300832874,2.037025322147092,0.6677661882662183
LKA,Sri Lanka,South Asia,NV.AGR.TOTL.ZS,Agriculture Value Added % of GDP,Agriculture % GDP,Agriculture,Percentage,2006,11.3362802346632,12.927911922437715,Historical Prediction,Linear Regression,1.7010006300832874,2.037025322147092,0.6677661882662183
LKA,Sri Lanka,South Asia,NV.AGR.TOTL.ZS,Agriculture Value Added % of GDP,Agriculture % GDP,Agriculture,Percentage,2007,11.6831643328505,12.52742802935461,Historical Prediction,Linear Regression,1.7010006300832874,2.037025322147092,0.6677661882662183
LKA,Sri Lanka,South Asia,NV.AGR.TOTL.ZS,Agriculture Value Added % of GDP,Agriculture % GDP,Agriculture,Percentage,2008,13.379200767591,12.126944136271504,Historical Prediction,Linear Regression,1.7010006300832874,2.037025322147092,0.6677661882662183
LKA,Sri Lanka,South Asia,NV.AGR.TOTL.ZS,Agriculture Value Added % of GDP,Agriculture % GDP,Agriculture,Percentage,2009,12.691971303497,11.726460243188399,Historical Prediction,Linear Regression,1.7010006300832874,2.037025322147092,0.6677661882662183
LKA,Sri Lanka,South Asia,NV.AGR.TOTL.ZS,Agriculture Value Added % of GDP,Agriculture % GDP,Agriculture,Percentage,2010,9.04833700762336,11.325976350105407,Historical Prediction,Linear Regression,1.7010006300832874,2.037025322147092,0.6677661882662183
LKA,Sri Lanka,South Asia,NV.AGR.TOTL.ZS,Agriculture Value Added % of GDP,Agriculture % GDP,Agriculture,Percentage,2011,9.5331593503241,10.925492457022301,Historical Prediction,Linear Regression,1.7010006300832874,2.037025322147092,0.6677661882662183
LKA,Sri Lanka,South Asia,NV.AGR.TOTL.ZS,Agriculture Value Added % of GDP,Agriculture % GDP,Agriculture,Percentage,2012,7.91028886852632,10.525008563939195,Historical Prediction,Linear Regression,1.7010006300832874,2.037025322147092,0.6677661882662183
LKA,Sri Lanka,South Asia,NV.AGR.TOTL.ZS,Agriculture Value Added % of GDP,Agriculture % GDP,Agriculture,Percentage,2013,7.92460411652105,10.12452467085609,Historical Prediction,Linear Regression,1.7010006300832874,2.037025322147092,0.6677661882662183
LKA,Sri Lanka,South Asia,NV.AGR.TOTL.ZS,Agriculture Value Added % of GDP,Agriculture % GDP,Agriculture,Percentage,2014,8.08070792331863,9.724040777773098,Historical Prediction,Linear Regression,1.7010006300832874,2.037025322147092,0.6677661882662183
LKA,Sri Lanka,South Asia,NV.AGR.TOTL.ZS,Agriculture Value Added % of GDP,Agriculture % GDP,Agriculture,Percentage,2015,8.21693887941642,9.323556884689992,Historical Prediction,Linear Regression,1.7010006300832874,2.037025322147092,0.6677661882662183
LKA,Sri Lanka,South Asia,NV.AGR.TOTL.ZS,Agriculture Value Added % of GDP,Agriculture % GDP,Agriculture,Percentage,2016,7.26171847779131,8.923072991606887,Historical Prediction,Linear Regression,1.7010006300832874,2.037025322147092,0.6677661882662183
LKA,Sri Lanka,South Asia,NV.AGR.TOTL.ZS,Agriculture Value Added % of GDP,Agriculture % GDP,Agriculture,Percentage,2017,7.4306787795994,8.522589098523781,Historical Prediction,Linear Regression,1.7010006300832874,2.037025322147092,0.6677661882662183
LKA,Sri Lanka,South Asia,NV.AGR.TOTL.ZS,Agriculture Value Added % of GDP,Agriculture % GDP,Agriculture,Percentage,2018,7.59206395115246,8.12210520544079,Historical Prediction,Linear Regression,1.7010006300832874,2.037025322147092,0.6677661882662183
LKA,Sri Lanka,South Asia,NV.AGR.TOTL.ZS,Agriculture Value Added % of GDP,Agriculture % GDP,Agriculture,Percentage,2019,7.2562467000326,7.721621312357684,Historical Prediction,Linear Regression,1.7010006300832874,2.037025322147092,0.6677661882662183
LKA,Sri Lanka,South Asia,NV.AGR.TOTL.ZS,Agriculture Value Added % of GDP,Agriculture % GDP,Agriculture,Percentage,2020,8.25132326058186,7.321137419274578,Historical Prediction,Linear Regression,1.7010006300832874,2.037025322147092,0.6677661882662183
LKA,Sri Lanka,South Asia,NV.AGR.TOTL.ZS,Agriculture Value Added % of GDP,Agriculture % GDP,Agriculture,Percentage,2021,8.78994016463402,6.920653526191472,Historical Prediction,Linear Regression,1.7010006300832874,2.037025322147092,0.6677661882662183
LKA,Sri Lanka,South Asia,NV.AGR.TOTL.ZS,Agriculture Value Added % of GDP,Agriculture % GDP,Agriculture,Percentage,2022,8.44795287007937,6.52016963310848,Historical Prediction,Linear Regression,1.7010006300832874,2.037025322147092,0.6677661882662183
LKA,Sri Lanka,South Asia,NV.AGR.TOTL.ZS,Agriculture Value Added % of GDP,Agriculture % GDP,Agriculture,Percentage,2023,8.12391264498649,6.119685740025375,Historical Prediction,Linear Regression,1.7010006300832874,2.037025322147092,0.6677661882662183
LKA,Sri Lanka,South Asia,NV.AGR.TOTL.ZS,Agriculture Value Added % of GDP,Agriculture % GDP,Agriculture,Percentage,2024,8.2996858332285,5.719201846942269,Historical Prediction,Linear Regression,1.7010006300832874,2.037025322147092,0.6677661882662183
LKA,Sri Lanka,South Asia,NV.AGR.TOTL.ZS,Agriculture Value Added % of GDP,Agriculture % GDP,Agriculture,Percentage,2025,,5.318717953859164,Future Forecast,Linear Regression,1.7010006300832874,2.037025322147092,0.6677661882662183
LKA,Sri Lanka,South Asia,NV.AGR.TOTL.ZS,Agriculture Value Added % of GDP,Agriculture % GDP,Agriculture,Percentage,2026,,4.918234060776172,Future Forecast,Linear Regression,1.7010006300832874,2.037025322147092,0.6677661882662183
LKA,Sri Lanka,South Asia,NV.AGR.TOTL.ZS,Agriculture Value Added % of GDP,Agriculture % GDP,Agriculture,Percentage,2027,,4.517750167693066,Future Forecast,Linear Regression,1.7010006300832874,2.037025322147092,0.6677661882662183
LKA,Sri Lanka,South Asia,NV.AGR.TOTL.ZS,Agriculture Value Added % of GDP,Agriculture % GDP,Agriculture,Percentage,2028,,4.11726627460996,Future Forecast,Linear Regression,1.7010006300832874,2.037025322147092,0.6677661882662183
LKA,Sri Lanka,South Asia,NV.AGR.TOTL.ZS,Agriculture Value Added % of GDP,Agriculture % GDP,Agriculture,Percentage,2029,,3.716782381526855,Future Forecast,Linear Regression,1.7010006300832874,2.037025322147092,0.6677661882662183
LKA,Sri Lanka,South Asia,NY.GDP.MKTP.CD,GDP Current US$,GDP,Economy,US Dollars,2000,16595882818.6857,13729721857.999023,Historical Prediction,Linear Regression,9360824848.144886,10725490167.676561,0.8691412171734498
LKA,Sri Lanka,South Asia,NY.GDP.MKTP.CD,GDP Current US$,GDP,Economy,US Dollars,2001,15749753804.8344,17562901844.77246,Historical Prediction,Linear Regression,9360824848.144886,10725490167.676561,0.8691412171734498
LKA,Sri Lanka,South Asia,NY.GDP.MKTP.CD,GDP Current US$,GDP,Economy,US Dollars,2002,16536535647.0834,21396081831.5459,Historical Prediction,Linear Regression,9360824848.144886,10725490167.676561,0.8691412171734498
LKA,Sri Lanka,South Asia,NY.GDP.MKTP.CD,GDP Current US$,GDP,Economy,US Dollars,2003,18881765437.2151,25229261818.319336,Historical Prediction,Linear Regression,9360824848.144886,10725490167.676561,0.8691412171734498
LKA,Sri Lanka,South Asia,NY.GDP.MKTP.CD,GDP Current US$,GDP,Economy,US Dollars,2004,20662525941.2985,29062441805.091797,Historical Prediction,Linear Regression,9360824848.144886,10725490167.676561,0.8691412171734498
LKA,Sri Lanka,South Asia,NY.GDP.MKTP.CD,GDP Current US$,GDP,Economy,US Dollars,2005,24405791044.7761,32895621791.865234,Historical Prediction,Linear Regression,9360824848.144886,10725490167.676561,0.8691412171734498
LKA,Sri Lanka,South Asia,NY.GDP.MKTP.CD,GDP Current US$,GDP,Economy,US Dollars,2006,28267410542.5164,36728801778.63867,Historical Prediction,Linear Regression,9360824848.144886,10725490167.676561,0.8691412171734498
LKA,Sri Lanka,South Asia,NY.GDP.MKTP.CD,GDP Current US$,GDP,Economy,US Dollars,2007,32350238760.4239,40561981765.41211,Historical Prediction,Linear Regression,9360824848.144886,10725490167.676561,0.8691412171734498
LKA,Sri Lanka,South Asia,NY.GDP.MKTP.CD,GDP Current US$,GDP,Economy,US Dollars,2008,40713826215.0093,44395161752.18457,Historical Prediction,Linear Regression,9360824848.144886,10725490167.676561,0.8691412171734498
LKA,Sri Lanka,South Asia,NY.GDP.MKTP.CD,GDP Current US$,GDP,Economy,US Dollars,2009,42066224093.0065,48228341738.95801,Historical Prediction,Linear Regression,9360824848.144886,10725490167.676561,0.8691412171734498
LKA,Sri Lanka,South Asia,NY.GDP.MKTP.CD,GDP Current US$,GDP,Economy,US Dollars,2010,58636049434.1871,52061521725.731445,Historical Prediction,Linear Regression,9360824848.144886,10725490167.676561,0.8691412171734498
LKA,Sri Lanka,South Asia,NY.GDP.MKTP.CD,GDP Current US$,GDP,Economy,US Dollars,2011,67753285896.6254,55894701712.50488,Historical Prediction,Linear Regression,9360824848.144886,10725490167.676561,0.8691412171734498
LKA,Sri Lanka,South Asia,NY.GDP.MKTP.CD,GDP Current US$,GDP,Economy,US Dollars,2012,70447217163.7784,59727881699.27734,Historical Prediction,Linear Regression,9360824848.144886,10725490167.676561,0.8691412171734498
LKA,Sri Lanka,South Asia,NY.GDP.MKTP.CD,GDP Current US$,GDP,Economy,US Dollars,2013,76976203829.4765,63561061686.05078,Historical Prediction,Linear Regression,9360824848.144886,10725490167.676561,0.8691412171734498
LKA,Sri Lanka,South Asia,NY.GDP.MKTP.CD,GDP Current US$,GDP,Economy,US Dollars,2014,82531125190.5224,67394241672.82422,Historical Prediction,Linear Regression,9360824848.144886,10725490167.676561,0.8691412171734498
LKA,Sri Lanka,South Asia,NY.GDP.MKTP.CD,GDP Current US$,GDP,Economy,US Dollars,2015,85090301052.0465,71227421659.59766,Historical Prediction,Linear Regression,9360824848.144886,10725490167.676561,0.8691412171734498
LKA,Sri Lanka,South Asia,NY.GDP.MKTP.CD,GDP Current US$,GDP,Economy,US Dollars,2016,88000211171.5956,75060601646.3711,Historical Prediction,Linear Regression,9360824848.144886,10725490167.676561,0.8691412171734498
LKA,Sri Lanka,South Asia,NY.GDP.MKTP.CD,GDP Current US$,GDP,Economy,US Dollars,2017,94369350285.5814,78893781633.14355,Historical Prediction,Linear Regression,9360824848.144886,10725490167.676561,0.8691412171734498
LKA,Sri Lanka,South Asia,NY.GDP.MKTP.CD,GDP Current US$,GDP,Economy,US Dollars,2018,94450015982.8405,82726961619.91699,Historical Prediction,Linear Regression,9360824848.144886,10725490167.676561,0.8691412171734498
LKA,Sri Lanka,South Asia,NY.GDP.MKTP.CD,GDP Current US$,GDP,Economy,US Dollars,2019,88998706296.5783,86560141606.69043,Historical Prediction,Linear Regression,9360824848.144886,10725490167.676561,0.8691412171734498
LKA,Sri Lanka,South Asia,NY.GDP.MKTP.CD,GDP Current US$,GDP,Economy,US Dollars,2020,84335574581.5072,90393321593.46387,Historical Prediction,Linear Regression,9360824848.144886,10725490167.676561,0.8691412171734498
LKA,Sri Lanka,South Asia,NY.GDP.MKTP.CD,GDP Current US$,GDP,Economy,US Dollars,2021,88556698937.7033,94226501580.23633,Historical Prediction,Linear Regression,9360824848.144886,10725490167.676561,0.8691412171734498
LKA,Sri Lanka,South Asia,NY.GDP.MKTP.CD,GDP Current US$,GDP,Economy,US Dollars,2022,74143020262.8076,98059681567.00977,Historical Prediction,Linear Regression,9360824848.144886,10725490167.676561,0.8691412171734498
LKA,Sri Lanka,South Asia,NY.GDP.MKTP.CD,GDP Current US$,GDP,Economy,US Dollars,2023,83716142582.1945,101892861553.7832,Historical Prediction,Linear Regression,9360824848.144886,10725490167.676561,0.8691412171734498
LKA,Sri Lanka,South Asia,NY.GDP.MKTP.CD,GDP Current US$,GDP,Economy,US Dollars,2024,98963185509.6499,105726041540.55664,Historical Prediction,Linear Regression,9360824848.144886,10725490167.676561,0.8691412171734498
LKA,Sri Lanka,South Asia,NY.GDP.MKTP.CD,GDP Current US$,GDP,Economy,US Dollars,2025,,109559221527.3291,Future Forecast,Linear Regression,9360824848.144886,10725490167.676561,0.8691412171734498
LKA,Sri Lanka,South Asia,NY.GDP.MKTP.CD,GDP Current US$,GDP,Economy,US Dollars,2026,,113392401514.10254,Future Forecast,Linear Regression,9360824848.144886,10725490167.676561,0.8691412171734498
LKA,Sri Lanka,South Asia,NY.GDP.MKTP.CD,GDP Current US$,GDP,Economy,US Dollars,2027,,117225581500.87598,Future Forecast,Linear Regression,9360824848.144886,10725490167.676561,0.8691412171734498
LKA,Sri Lanka,South Asia,NY.GDP.MKTP.CD,GDP Current US$,GDP,Economy,US Dollars,2028,,121058761487.64941,Future Forecast,Linear Regression,9360824848.144886,10725490167.676561,0.8691412171734498
LKA,Sri Lanka,South Asia,NY.GDP.MKTP.CD,GDP Current US$,GDP,Economy,US Dollars,2029,,124891941474.42188,Future Forecast,Linear Regression,9360824848.144886,10725490167.676561,0.8691412171734498
LKA,Sri Lanka,South Asia,NY.GDP.PCAP.CD,GDP Per Capita Current US$,GDP per Capita,Economy,US Dollars,2000,860.199884304769,765.4416970459279,Historical Prediction,Linear Regression,467.5881203023622,537.6804364562844,0.8393672165867234
LKA,Sri Lanka,South Asia,NY.GDP.PCAP.CD,GDP Per Capita Current US$,GDP per Capita,Economy,US Dollars,2001,803.544026627385,935.8856006609858,Historical Prediction,Linear Regression,467.5881203023622,537.6804364562844,0.8393672165867234
LKA,Sri Lanka,South Asia,NY.GDP.PCAP.CD,GDP Per Capita Current US$,GDP per Capita,Economy,US Dollars,2002,834.936014905338,1106.329504276102,Historical Prediction,Linear Regression,467.5881203023622,537.6804364562844,0.8393672165867234
LKA,Sri Lanka,South Asia,NY.GDP.PCAP.CD,GDP Per Capita Current US$,GDP per Capita,Economy,US Dollars,2003,946.382255128072,1276.773407891218,Historical Prediction,Linear Regression,467.5881203023622,537.6804364562844,0.8393672165867234
LKA,Sri Lanka,South Asia,NY.GDP.PCAP.CD,GDP Per Capita Current US$,GDP per Capita,Economy,US Dollars,2004,1028.62068132555,1447.217311506276,Historical Prediction,Linear Regression,467.5881203023622,537.6804364562844,0.8393672165867234
LKA,Sri Lanka,South Asia,NY.GDP.PCAP.CD,GDP Per Capita Current US$,GDP per Capita,Economy,US Dollars,2005,1207.21994764165,1617.6612151213922,Historical Prediction,Linear Regression,467.5881203023622,537.6804364562844,0.8393672165867234
LKA,Sri Lanka,South Asia,NY.GDP.PCAP.CD,GDP Per Capita Current US$,GDP per Capita,Economy,US Dollars,2006,1388.89739119932,1788.1051187365083,Historical Prediction,Linear Regression,467.5881203023622,537.6804364562844,0.8393672165867234
LKA,Sri Lanka,South Asia,NY.GDP.PCAP.CD,GDP Per Capita Current US$,GDP per Capita,Economy,US Dollars,2007,1578.63451125392,1958.5490223515662,Historical Prediction,Linear Regression,467.5881203023622,537.6804364562844,0.8393672165867234
LKA,Sri Lanka,South Asia,NY.GDP.PCAP.CD,GDP Per Capita Current US$,GDP per Capita,Economy,US Dollars,2008,1973.58476901287,2128.9929259666824,Historical Prediction,Linear Regression,467.5881203023622,537.6804364562844,0.8393672165867234
LKA,Sri Lanka,South Asia,NY.GDP.PCAP.CD,GDP Per Capita Current US$,GDP per Capita,Economy,US Dollars,2009,2026.65939950702,2299.4368295817985,Historical Prediction,Linear Regression,467.5881203023622,537.6804364562844,0.8393672165867234
LKA,Sri Lanka,South Asia,NY.GDP.PCAP.CD,GDP Per Capita Current US$,GDP per Capita,Economy,US Dollars,2010,2808.36244503709,2469.8807331968565,Historical Prediction,Linear Regression,467.5881203023622,537.6804364562844,0.8393672165867234
LKA,Sri Lanka,South Asia,NY.GDP.PCAP.CD,GDP Per Capita Current US$,GDP per Capita,Economy,US Dollars,2011,3224.95745150496,2640.3246368119726,Historical Prediction,Linear Regression,467.5881203023622,537.6804364562844,0.8393672165867234
LKA,Sri Lanka,South Asia,NY.GDP.PCAP.CD,GDP Per Capita Current US$,GDP per Capita,Economy,US Dollars,2012,3327.77613691283,2810.7685404270305,Historical Prediction,Linear Regression,467.5881203023622,537.6804364562844,0.8393672165867234
LKA,Sri Lanka,South Asia,NY.GDP.PCAP.CD,GDP Per Capita Current US$,GDP per Capita,Economy,US Dollars,2013,3739.43181100202,2981.2124440421467,Historical Prediction,Linear Regression,467.5881203023622,537.6804364562844,0.8393672165867234
LKA,Sri Lanka,South Asia,NY.GDP.PCAP.CD,GDP Per Capita Current US$,GDP per Capita,Economy,US Dollars,2014,3972.04375736464,3151.656347657263,Historical Prediction,Linear Regression,467.5881203023622,537.6804364562844,0.8393672165867234
LKA,Sri Lanka,South Asia,NY.GDP.PCAP.CD,GDP Per Capita Current US$,GDP per Capita,Economy,US Dollars,2015,4057.7158346231,3322.1002512723207,Historical Prediction,Linear Regression,467.5881203023622,537.6804364562844,0.8393672165867234
LKA,Sri Lanka,South Asia,NY.GDP.PCAP.CD,GDP Per Capita Current US$,GDP per Capita,Economy,US Dollars,2016,4149.19190775593,3492.544154887437,Historical Prediction,Linear Regression,467.5881203023622,537.6804364562844,0.8393672165867234
LKA,Sri Lanka,South Asia,NY.GDP.PCAP.CD,GDP Per Capita Current US$,GDP per Capita,Economy,US Dollars,2017,4398.88828068715,3662.988058502553,Historical Prediction,Linear Regression,467.5881203023622,537.6804364562844,0.8393672165867234
LKA,Sri Lanka,South Asia,NY.GDP.PCAP.CD,GDP Per Capita Current US$,GDP per Capita,Economy,US Dollars,2018,4358.56095906047,3833.431962117611,Historical Prediction,Linear Regression,467.5881203023622,537.6804364562844,0.8393672165867234
LKA,Sri Lanka,South Asia,NY.GDP.PCAP.CD,GDP Per Capita Current US$,GDP per Capita,Economy,US Dollars,2019,4081.94772722003,4003.875865732727,Historical Prediction,Linear Regression,467.5881203023622,537.6804364562844,0.8393672165867234
LKA,Sri Lanka,South Asia,NY.GDP.PCAP.CD,GDP Per Capita Current US$,GDP per Capita,Economy,US Dollars,2020,3847.60137695639,4174.319769347785,Historical Prediction,Linear Regression,467.5881203023622,537.6804364562844,0.8393672165867234
LKA,Sri Lanka,South Asia,NY.GDP.PCAP.CD,GDP Per Capita Current US$,GDP per Capita,Economy,US Dollars,2021,3996.96240014909,4344.763672962901,Historical Prediction,Linear Regression,467.5881203023622,537.6804364562844,0.8393672165867234
LKA,Sri Lanka,South Asia,NY.GDP.PCAP.CD,GDP Per Capita Current US$,GDP per Capita,Economy,US Dollars,2022,3342.63650253855,4515.207576578017,Historical Prediction,Linear Regression,467.5881203023622,537.6804364562844,0.8393672165867234
LKA,Sri Lanka,South Asia,NY.GDP.PCAP.CD,GDP Per Capita Current US$,GDP per Capita,Economy,US Dollars,2023,3798.89016573011,4685.651480193075,Historical Prediction,Linear Regression,467.5881203023622,537.6804364562844,0.8393672165867234
LKA,Sri Lanka,South Asia,NY.GDP.PCAP.CD,GDP Per Capita Current US$,GDP per Capita,Economy,US Dollars,2024,4515.56787322732,4856.095383808191,Historical Prediction,Linear Regression,467.5881203023622,537.6804364562844,0.8393672165867234
LKA,Sri Lanka,South Asia,NY.GDP.PCAP.CD,GDP Per Capita Current US$,GDP per Capita,Economy,US Dollars,2025,,5026.5392874233075,Future Forecast,Linear Regression,467.5881203023622,537.6804364562844,0.8393672165867234
LKA,Sri Lanka,South Asia,NY.GDP.PCAP.CD,GDP Per Capita Current US$,GDP per Capita,Economy,US Dollars,2026,,5196.9831910383655,Future Forecast,Linear Regression,467.5881203023622,537.6804364562844,0.8393672165867234
LKA,Sri Lanka,South Asia,NY.GDP.PCAP.CD,GDP Per Capita Current US$,GDP per Capita,Economy,US Dollars,2027,,5367.427094653482,Future Forecast,Linear Regression,467.5881203023622,537.6804364562844,0.8393672165867234
LKA,Sri Lanka,South Asia,NY.GDP.PCAP.CD,GDP Per Capita Current US$,GDP per Capita,Economy,US Dollars,2028,,5537.87099826854,Future Forecast,Linear Regression,467.5881203023622,537.6804364562844,0.8393672165867234
LKA,Sri Lanka,South Asia,NY.GDP.PCAP.CD,GDP Per Capita Current US$,GDP per Capita,Economy,US Dollars,2029,,5708.314901883656,Future Forecast,Linear Regression,467.5881203023622,537.6804364562844,0.8393672165867234
LKA,Sri Lanka,South Asia,SL.UEM.TOTL.ZS,Unemployment Total %,Unemployment,Labor,Percentage,2000,7.74,7.650855384615397,Historical Prediction,Linear Regression,0.829631999999997,0.947405298112853,0.6395506672130155
LKA,Sri Lanka,South Asia,SL.UEM.TOTL.ZS,Unemployment Total %,Unemployment,Labor,Percentage,2001,7.9,7.47585076923076,Historical Prediction,Linear Regression,0.829631999999997,0.947405298112853,0.6395506672130155
LKA,Sri Lanka,South Asia,SL.UEM.TOTL.ZS,Unemployment Total %,Unemployment,Labor,Percentage,2002,8.76,7.30084615384618,Historical Prediction,Linear Regression,0.829631999999997,0.947405298112853,0.6395506672130155
LKA,Sri Lanka,South Asia,SL.UEM.TOTL.ZS,Unemployment Total %,Unemployment,Labor,Percentage,2003,8.22,7.125841538461543,Historical Prediction,Linear Regression,0.829631999999997,0.947405298112853,0.6395506672130155
LKA,Sri Lanka,South Asia,SL.UEM.TOTL.ZS,Unemployment Total %,Unemployment,Labor,Percentage,2004,8.38,6.950836923076906,Historical Prediction,Linear Regression,0.829631999999997,0.947405298112853,0.6395506672130155
LKA,Sri Lanka,South Asia,SL.UEM.TOTL.ZS,Unemployment Total %,Unemployment,Labor,Percentage,2005,7.67,6.775832307692326,Historical Prediction,Linear Regression,0.829631999999997,0.947405298112853,0.6395506672130155
LKA,Sri Lanka,South Asia,SL.UEM.TOTL.ZS,Unemployment Total %,Unemployment,Labor,Percentage,2006,6.5,6.600827692307689,Historical Prediction,Linear Regression,0.829631999999997,0.947405298112853,0.6395506672130155
LKA,Sri Lanka,South Asia,SL.UEM.TOTL.ZS,Unemployment Total %,Unemployment,Labor,Percentage,2007,5.97,6.425823076923052,Historical Prediction,Linear Regression,0.829631999999997,0.947405298112853,0.6395506672130155
LKA,Sri Lanka,South Asia,SL.UEM.TOTL.ZS,Unemployment Total %,Unemployment,Labor,Percentage,2008,5.22,6.250818461538472,Historical Prediction,Linear Regression,0.829631999999997,0.947405298112853,0.6395506672130155
LKA,Sri Lanka,South Asia,SL.UEM.TOTL.ZS,Unemployment Total %,Unemployment,Labor,Percentage,2009,5.85,6.075813846153835,Historical Prediction,Linear Regression,0.829631999999997,0.947405298112853,0.6395506672130155
LKA,Sri Lanka,South Asia,SL.UEM.TOTL.ZS,Unemployment Total %,Unemployment,Labor,Percentage,2010,4.784,5.900809230769255,Historical Prediction,Linear Regression,0.829631999999997,0.947405298112853,0.6395506672130155
LKA,Sri Lanka,South Asia,SL.UEM.TOTL.ZS,Unemployment Total %,Unemployment,Labor,Percentage,2011,4.118,5.725804615384618,Historical Prediction,Linear Regression,0.829631999999997,0.947405298112853,0.6395506672130155
LKA,Sri Lanka,South Asia,SL.UEM.TOTL.ZS,Unemployment Total %,Unemployment,Labor,Percentage,2012,3.88,5.550799999999981,Historical Prediction,Linear Regression,0.829631999999997,0.947405298112853,0.6395506672130155
LKA,Sri Lanka,South Asia,SL.UEM.TOTL.ZS,Unemployment Total %,Unemployment,Labor,Percentage,2013,4.186,5.375795384615401,Historical Prediction,Linear Regression,0.829631999999997,0.947405298112853,0.6395506672130155
LKA,Sri Lanka,South Asia,SL.UEM.TOTL.ZS,Unemployment Total %,Unemployment,Labor,Percentage,2014,4.157,5.200790769230764,Historical Prediction,Linear Regression,0.829631999999997,0.947405298112853,0.6395506672130155
LKA,Sri Lanka,South Asia,SL.UEM.TOTL.ZS,Unemployment Total %,Unemployment,Labor,Percentage,2015,4.519,5.025786153846127,Historical Prediction,Linear Regression,0.829631999999997,0.947405298112853,0.6395506672130155
LKA,Sri Lanka,South Asia,SL.UEM.TOTL.ZS,Unemployment Total %,Unemployment,Labor,Percentage,2016,4.242,4.850781538461547,Historical Prediction,Linear Regression,0.829631999999997,0.947405298112853,0.6395506672130155
LKA,Sri Lanka,South Asia,SL.UEM.TOTL.ZS,Unemployment Total %,Unemployment,Labor,Percentage,2017,4.046,4.67577692307691,Historical Prediction,Linear Regression,0.829631999999997,0.947405298112853,0.6395506672130155
LKA,Sri Lanka,South Asia,SL.UEM.TOTL.ZS,Unemployment Total %,Unemployment,Labor,Percentage,2018,4.318,4.50077230769233,Historical Prediction,Linear Regression,0.829631999999997,0.947405298112853,0.6395506672130155
LKA,Sri Lanka,South Asia,SL.UEM.TOTL.ZS,Unemployment Total %,Unemployment,Labor,Percentage,2019,4.67,4.325767692307693,Historical Prediction,Linear Regression,0.829631999999997,0.947405298112853,0.6395506672130155
LKA,Sri Lanka,South Asia,SL.UEM.TOTL.ZS,Unemployment Total %,Unemployment,Labor,Percentage,2020,5.364,4.150763076923056,Historical Prediction,Linear Regression,0.829631999999997,0.947405298112853,0.6395506672130155
LKA,Sri Lanka,South Asia,SL.UEM.TOTL.ZS,Unemployment Total %,Unemployment,Labor,Percentage,2021,4.981,3.975758461538476,Historical Prediction,Linear Regression,0.829631999999997,0.947405298112853,0.6395506672130155
LKA,Sri Lanka,South Asia,SL.UEM.TOTL.ZS,Unemployment Total %,Unemployment,Labor,Percentage,2022,4.528,3.800753846153839,Historical Prediction,Linear Regression,0.829631999999997,0.947405298112853,0.6395506672130155
LKA,Sri Lanka,South Asia,SL.UEM.TOTL.ZS,Unemployment Total %,Unemployment,Labor,Percentage,2023,4.528,3.6257492307692587,Historical Prediction,Linear Regression,0.829631999999997,0.947405298112853,0.6395506672130155
LKA,Sri Lanka,South Asia,SL.UEM.TOTL.ZS,Unemployment Total %,Unemployment,Labor,Percentage,2024,4.239,3.4507446153846217,Historical Prediction,Linear Regression,0.829631999999997,0.947405298112853,0.6395506672130155
LKA,Sri Lanka,South Asia,SL.UEM.TOTL.ZS,Unemployment Total %,Unemployment,Labor,Percentage,2025,,3.2757399999999848,Future Forecast,Linear Regression,0.829631999999997,0.947405298112853,0.6395506672130155
LKA,Sri Lanka,South Asia,SL.UEM.TOTL.ZS,Unemployment Total %,Unemployment,Labor,Percentage,2026,,3.1007353846154047,Future Forecast,Linear Regression,0.829631999999997,0.947405298112853,0.6395506672130155
LKA,Sri Lanka,South Asia,SL.UEM.TOTL.ZS,Unemployment Total %,Unemployment,Labor,Percentage,2027,,2.9257307692307677,Future Forecast,Linear Regression,0.829631999999997,0.947405298112853,0.6395506672130155
LKA,Sri Lanka,South Asia,SL.UEM.TOTL.ZS,Unemployment Total %,Unemployment,Labor,Percentage,2028,,2.7507261538461307,Future Forecast,Linear Regression,0.829631999999997,0.947405298112853,0.6395506672130155
LKA,Sri Lanka,South Asia,SL.UEM.TOTL.ZS,Unemployment Total %,Unemployment,Labor,Percentage,2029,,2.5757215384615506,Future Forecast,Linear Regression,0.829631999999997,0.947405298112853,0.6395506672130155
LKA,Sri Lanka,South Asia,SP.POP.TOTL,Total Population,Population,Population,People,2000,19293054.0,19599868.027692318,Historical Prediction,Linear Regression,165570.35907692194,198635.29406527872,0.940733778801835
LKA,Sri Lanka,South Asia,SP.POP.TOTL,Total Population,Population,Population,People,2001,19600362.0,19709612.965384632,Historical Prediction,Linear Regression,165570.35907692194,198635.29406527872,0.940733778801835
LKA,Sri Lanka,South Asia,SP.POP.TOTL,Total Population,Population,Population,People,2002,19805752.0,19819357.903076917,Historical Prediction,Linear Regression,165570.35907692194,198635.29406527872,0.940733778801835
LKA,Sri Lanka,South Asia,SP.POP.TOTL,Total Population,Population,Population,People,2003,19951521.0,19929102.84076923,Historical Prediction,Linear Regression,165570.35907692194,198635.29406527872,0.940733778801835
LKA,Sri Lanka,South Asia,SP.POP.TOTL,Total Population,Population,Population,People,2004,20087605.0,20038847.778461546,Historical Prediction,Linear Regression,165570.35907692194,198635.29406527872,0.940733778801835
LKA,Sri Lanka,South Asia,SP.POP.TOTL,Total Population,Population,Population,People,2005,20216524.0,20148592.71615386,Historical Prediction,Linear Regression,165570.35907692194,198635.29406527872,0.940733778801835
LKA,Sri Lanka,South Asia,SP.POP.TOTL,Total Population,Population,Population,People,2006,20352411.0,20258337.653846145,Historical Prediction,Linear Regression,165570.35907692194,198635.29406527872,0.940733778801835
LKA,Sri Lanka,South Asia,SP.POP.TOTL,Total Population,Population,Population,People,2007,20492545.0,20368082.59153846,Historical Prediction,Linear Regression,165570.35907692194,198635.29406527872,0.940733778801835
LKA,Sri Lanka,South Asia,SP.POP.TOTL,Total Population,Population,Population,People,2008,20629378.0,20477827.529230773,Historical Prediction,Linear Regression,165570.35907692194,198635.29406527872,0.940733778801835
LKA,Sri Lanka,South Asia,SP.POP.TOTL,Total Population,Population,Population,People,2009,20756435.0,20587572.466923088,Historical Prediction,Linear Regression,165570.35907692194,198635.29406527872,0.940733778801835
LKA,Sri Lanka,South Asia,SP.POP.TOTL,Total Population,Population,Population,People,2010,20879089.0,20697317.404615402,Historical Prediction,Linear Regression,165570.35907692194,198635.29406527872,0.940733778801835
LKA,Sri Lanka,South Asia,SP.POP.TOTL,Total Population,Population,Population,People,2011,21009048.0,20807062.342307687,Historical Prediction,Linear Regression,165570.35907692194,198635.29406527872,0.940733778801835
LKA,Sri Lanka,South Asia,SP.POP.TOTL,Total Population,Population,Population,People,2012,21169458.0,20916807.28,Historical Prediction,Linear Regression,165570.35907692194,198635.29406527872,0.940733778801835
LKA,Sri Lanka,South Asia,SP.POP.TOTL,Total Population,Population,Population,People,2013,20585000.0,21026552.217692316,Historical Prediction,Linear Regression,165570.35907692194,198635.29406527872,0.940733778801835
LKA,Sri Lanka,South Asia,SP.POP.TOTL,Total Population,Population,Population,People,2014,20778000.0,21136297.15538463,Historical Prediction,Linear Regression,165570.35907692194,198635.29406527872,0.940733778801835
LKA,Sri Lanka,South Asia,SP.POP.TOTL,Total Population,Population,Population,People,2015,20970000.0,21246042.093076915,Historical Prediction,Linear Regression,165570.35907692194,198635.29406527872,0.940733778801835
LKA,Sri Lanka,South Asia,SP.POP.TOTL,Total Population,Population,Population,People,2016,21209000.0,21355787.03076923,Historical Prediction,Linear Regression,165570.35907692194,198635.29406527872,0.940733778801835
LKA,Sri Lanka,South Asia,SP.POP.TOTL,Total Population,Population,Population,People,2017,21453000.0,21465531.968461543,Historical Prediction,Linear Regression,165570.35907692194,198635.29406527872,0.940733778801835
LKA,Sri Lanka,South Asia,SP.POP.TOTL,Total Population,Population,Population,People,2018,21670000.0,21575276.906153858,Historical Prediction,Linear Regression,165570.35907692194,198635.29406527872,0.940733778801835
LKA,Sri Lanka,South Asia,SP.POP.TOTL,Total Population,Population,Population,People,2019,21803000.0,21685021.843846172,Historical Prediction,Linear Regression,165570.35907692194,198635.29406527872,0.940733778801835
LKA,Sri Lanka,South Asia,SP.POP.TOTL,Total Population,Population,Population,People,2020,21919000.0,21794766.781538457,Historical Prediction,Linear Regression,165570.35907692194,198635.29406527872,0.940733778801835
LKA,Sri Lanka,South Asia,SP.POP.TOTL,Total Population,Population,Population,People,2021,22156000.0,21904511.71923077,Historical Prediction,Linear Regression,165570.35907692194,198635.29406527872,0.940733778801835
LKA,Sri Lanka,South Asia,SP.POP.TOTL,Total Population,Population,Population,People,2022,22181000.0,22014256.656923085,Historical Prediction,Linear Regression,165570.35907692194,198635.29406527872,0.940733778801835
LKA,Sri Lanka,South Asia,SP.POP.TOTL,Total Population,Population,Population,People,2023,22037000.0,22124001.5946154,Historical Prediction,Linear Regression,165570.35907692194,198635.29406527872,0.940733778801835
LKA,Sri Lanka,South Asia,SP.POP.TOTL,Total Population,Population,Population,People,2024,21916000.0,22233746.532307684,Historical Prediction,Linear Regression,165570.35907692194,198635.29406527872,0.940733778801835
LKA,Sri Lanka,South Asia,SP.POP.TOTL,Total Population,Population,Population,People,2025,,22343491.47,Future Forecast,Linear Regression,165570.35907692194,198635.29406527872,0.940733778801835
LKA,Sri Lanka,South Asia,SP.POP.TOTL,Total Population,Population,Population,People,2026,,22453236.407692313,Future Forecast,Linear Regression,165570.35907692194,198635.29406527872,0.940733778801835
LKA,Sri Lanka,South Asia,SP.POP.TOTL,Total Population,Population,Population,People,2027,,22562981.345384628,Future Forecast,Linear Regression,165570.35907692194,198635.29406527872,0.940733778801835
LKA,Sri Lanka,South Asia,SP.POP.TOTL,Total Population,Population,Population,People,2028,,22672726.283076942,Future Forecast,Linear Regression,165570.35907692194,198635.29406527872,0.940733778801835
LKA,Sri Lanka,South Asia,SP.POP.TOTL,Total Population,Population,Population,People,2029,,22782471.220769227,Future Forecast,Linear Regression,165570.35907692194,198635.29406527872,0.940733778801835
MYS,Malaysia,Southeast Asia,FP.CPI.TOTL.ZG,Inflation Annual %,Inflation,Economy,Percentage,2000,1.53474023697699,2.1561014323455137,Historical Prediction,Linear Regression,0.953311200494451,1.275158299390679,0.0009474935569061538
MYS,Malaysia,Southeast Asia,FP.CPI.TOTL.ZG,Inflation Annual %,Inflation,Economy,Percentage,2001,1.41678473206098,2.150655698574777,Historical Prediction,Linear Regression,0.953311200494451,1.275158299390679,0.0009474935569061538
MYS,Malaysia,Southeast Asia,FP.CPI.TOTL.ZG,Inflation Annual %,Inflation,Economy,Percentage,2002,1.80787246281536,2.1452099648040406,Historical Prediction,Linear Regression,0.953311200494451,1.275158299390679,0.0009474935569061538
MYS,Malaysia,Southeast Asia,FP.CPI.TOTL.ZG,Inflation Annual %,Inflation,Economy,Percentage,2003,1.08967632577286,2.139764231033306,Historical Prediction,Linear Regression,0.953311200494451,1.275158299390679,0.0009474935569061538
MYS,Malaysia,Southeast Asia,FP.CPI.TOTL.ZG,Inflation Annual %,Inflation,Economy,Percentage,2004,1.42127115937402,2.1343184972625693,Historical Prediction,Linear Regression,0.953311200494451,1.275158299390679,0.0009474935569061538
MYS,Malaysia,Southeast Asia,FP.CPI.TOTL.ZG,Inflation Annual %,Inflation,Economy,Percentage,2005,2.97507092684449,2.1288727634918327,Historical Prediction,Linear Regression,0.953311200494451,1.275158299390679,0.0009474935569061538
MYS,Malaysia,Southeast Asia,FP.CPI.TOTL.ZG,Inflation Annual %,Inflation,Economy,Percentage,2006,3.60923564224389,2.123427029721096,Historical Prediction,Linear Regression,0.953311200494451,1.275158299390679,0.0009474935569061538
MYS,Malaysia,Southeast Asia,FP.CPI.TOTL.ZG,Inflation Annual %,Inflation,Economy,Percentage,2007,2.02735317779569,2.1179812959503597,Historical Prediction,Linear Regression,0.953311200494451,1.275158299390679,0.0009474935569061538
MYS,Malaysia,Southeast Asia,FP.CPI.TOTL.ZG,Inflation Annual %,Inflation,Economy,Percentage,2008,5.44078221100769,2.112535562179625,Historical Prediction,Linear Regression,0.953311200494451,1.275158299390679,0.0009474935569061538
MYS,Malaysia,Southeast Asia,FP.CPI.TOTL.ZG,Inflation Annual %,Inflation,Economy,Percentage,2009,0.583308405623702,2.1070898284088884,Historical Prediction,Linear Regression,0.953311200494451,1.275158299390679,0.0009474935569061538
MYS,Malaysia,Southeast Asia,FP.CPI.TOTL.ZG,Inflation Annual %,Inflation,Economy,Percentage,2010,1.62285235577035,2.101644094638152,Historical Prediction,Linear Regression,0.953311200494451,1.275158299390679,0.0009474935569061538
MYS,Malaysia,Southeast Asia,FP.CPI.TOTL.ZG,Inflation Annual %,Inflation,Economy,Percentage,2011,3.1744709215131,2.0961983608674153,Historical Prediction,Linear Regression,0.953311200494451,1.275158299390679,0.0009474935569061538
MYS,Malaysia,Southeast Asia,FP.CPI.TOTL.ZG,Inflation Annual %,Inflation,Economy,Percentage,2012,1.66357102479206,2.0907526270966788,Historical Prediction,Linear Regression,0.953311200494451,1.275158299390679,0.0009474935569061538
MYS,Malaysia,Southeast Asia,FP.CPI.TOTL.ZG,Inflation Annual %,Inflation,Economy,Percentage,2013,2.10501231233612,2.085306893325944,Historical Prediction,Linear Regression,0.953311200494451,1.275158299390679,0.0009474935569061538
MYS,Malaysia,Southeast Asia,FP.CPI.TOTL.ZG,Inflation Annual %,Inflation,Economy,Percentage,2014,3.14299050879095,2.0798611595552075,Historical Prediction,Linear Regression,0.953311200494451,1.275158299390679,0.0009474935569061538
MYS,Malaysia,Southeast Asia,FP.CPI.TOTL.ZG,Inflation Annual %,Inflation,Economy,Percentage,2015,2.10438980238359,2.074415425784471,Historical Prediction,Linear Regression,0.953311200494451,1.275158299390679,0.0009474935569061538
MYS,Malaysia,Southeast Asia,FP.CPI.TOTL.ZG,Inflation Annual %,Inflation,Economy,Percentage,2016,2.09056659525742,2.0689696920137344,Historical Prediction,Linear Regression,0.953311200494451,1.275158299390679,0.0009474935569061538
MYS,Malaysia,Southeast Asia,FP.CPI.TOTL.ZG,Inflation Annual %,Inflation,Economy,Percentage,2017,3.87120115774237,2.063523958242998,Historical Prediction,Linear Regression,0.953311200494451,1.275158299390679,0.0009474935569061538
MYS,Malaysia,Southeast Asia,FP.CPI.TOTL.ZG,Inflation Annual %,Inflation,Economy,Percentage,2018,0.884709160571235,2.0580782244722613,Historical Prediction,Linear Regression,0.953311200494451,1.275158299390679,0.0009474935569061538
MYS,Malaysia,Southeast Asia,FP.CPI.TOTL.ZG,Inflation Annual %,Inflation,Economy,Percentage,2019,0.662891865764326,2.0526324907015265,Historical Prediction,Linear Regression,0.953311200494451,1.275158299390679,0.0009474935569061538
MYS,Malaysia,Southeast Asia,FP.CPI.TOTL.ZG,Inflation Annual %,Inflation,Economy,Percentage,2020,-1.1387021539305,2.04718675693079,Historical Prediction,Linear Regression,0.953311200494451,1.275158299390679,0.0009474935569061538
MYS,Malaysia,Southeast Asia,FP.CPI.TOTL.ZG,Inflation Annual %,Inflation,Economy,Percentage,2021,2.47710241465447,2.0417410231600535,Historical Prediction,Linear Regression,0.953311200494451,1.275158299390679,0.0009474935569061538
MYS,Malaysia,Southeast Asia,FP.CPI.TOTL.ZG,Inflation Annual %,Inflation,Economy,Percentage,2022,3.37869862549928,2.036295289389317,Historical Prediction,Linear Regression,0.953311200494451,1.275158299390679,0.0009474935569061538
MYS,Malaysia,Southeast Asia,FP.CPI.TOTL.ZG,Inflation Annual %,Inflation,Economy,Percentage,2023,2.48886560125754,2.0308495556185804,Historical Prediction,Linear Regression,0.953311200494451,1.275158299390679,0.0009474935569061538
MYS,Malaysia,Southeast Asia,FP.CPI.TOTL.ZG,Inflation Annual %,Inflation,Economy,Percentage,2024,1.834100204499,2.0254038218478456,Historical Prediction,Linear Regression,0.953311200494451,1.275158299390679,0.0009474935569061538
MYS,Malaysia,Southeast Asia,FP.CPI.TOTL.ZG,Inflation Annual %,Inflation,Economy,Percentage,2025,,2.019958088077109,Future Forecast,Linear Regression,0.953311200494451,1.275158299390679,0.0009474935569061538
MYS,Malaysia,Southeast Asia,FP.CPI.TOTL.ZG,Inflation Annual %,Inflation,Economy,Percentage,2026,,2.0145123543063725,Future Forecast,Linear Regression,0.953311200494451,1.275158299390679,0.0009474935569061538
MYS,Malaysia,Southeast Asia,FP.CPI.TOTL.ZG,Inflation Annual %,Inflation,Economy,Percentage,2027,,2.009066620535636,Future Forecast,Linear Regression,0.953311200494451,1.275158299390679,0.0009474935569061538
MYS,Malaysia,Southeast Asia,FP.CPI.TOTL.ZG,Inflation Annual %,Inflation,Economy,Percentage,2028,,2.0036208867648995,Future Forecast,Linear Regression,0.953311200494451,1.275158299390679,0.0009474935569061538
MYS,Malaysia,Southeast Asia,FP.CPI.TOTL.ZG,Inflation Annual %,Inflation,Economy,Percentage,2029,,1.998175152994163,Future Forecast,Linear Regression,0.953311200494451,1.275158299390679,0.0009474935569061538
MYS,Malaysia,Southeast Asia,NE.EXP.GNFS.ZS,Exports of Goods and Services % of GDP,Exports % GDP,Trade,Percentage,2000,119.809708726968,115.73303044660042,Historical Prediction,Linear Regression,6.735091062124654,7.52930842780352,0.8409651245723637
MYS,Malaysia,Southeast Asia,NE.EXP.GNFS.ZS,Exports of Goods and Services % of GDP,Exports % GDP,Trade,Percentage,2001,110.402491356547,113.33200798844337,Historical Prediction,Linear Regression,6.735091062124654,7.52930842780352,0.8409651245723637
MYS,Malaysia,Southeast Asia,NE.EXP.GNFS.ZS,Exports of Goods and Services % of GDP,Exports % GDP,Trade,Percentage,2002,108.305302795051,110.9309855302863,Historical Prediction,Linear Regression,6.735091062124654,7.52930842780352,0.8409651245723637
MYS,Malaysia,Southeast Asia,NE.EXP.GNFS.ZS,Exports of Goods and Services % of GDP,Exports % GDP,Trade,Percentage,2003,106.943446148115,108.52996307213016,Historical Prediction,Linear Regression,6.735091062124654,7.52930842780352,0.8409651245723637
MYS,Malaysia,Southeast Asia,NE.EXP.GNFS.ZS,Exports of Goods and Services % of GDP,Exports % GDP,Trade,Percentage,2004,115.373337721075,106.1289406139731,Historical Prediction,Linear Regression,6.735091062124654,7.52930842780352,0.8409651245723637
MYS,Malaysia,Southeast Asia,NE.EXP.GNFS.ZS,Exports of Goods and Services % of GDP,Exports % GDP,Trade,Percentage,2005,112.898976779781,103.72791815581695,Historical Prediction,Linear Regression,6.735091062124654,7.52930842780352,0.8409651245723637
MYS,Malaysia,Southeast Asia,NE.EXP.GNFS.ZS,Exports of Goods and Services % of GDP,Exports % GDP,Trade,Percentage,2006,112.18548084399,101.3268956976599,Historical Prediction,Linear Regression,6.735091062124654,7.52930842780352,0.8409651245723637
MYS,Malaysia,Southeast Asia,NE.EXP.GNFS.ZS,Exports of Goods and Services % of GDP,Exports % GDP,Trade,Percentage,2007,106.168274866985,98.92587323950283,Historical Prediction,Linear Regression,6.735091062124654,7.52930842780352,0.8409651245723637
MYS,Malaysia,Southeast Asia,NE.EXP.GNFS.ZS,Exports of Goods and Services % of GDP,Exports % GDP,Trade,Percentage,2008,99.4995772447266,96.52485078134669,Historical Prediction,Linear Regression,6.735091062124654,7.52930842780352,0.8409651245723637
MYS,Malaysia,Southeast Asia,NE.EXP.GNFS.ZS,Exports of Goods and Services % of GDP,Exports % GDP,Trade,Percentage,2009,91.4167918670926,94.12382832318963,Historical Prediction,Linear Regression,6.735091062124654,7.52930842780352,0.8409651245723637
MYS,Malaysia,Southeast Asia,NE.EXP.GNFS.ZS,Exports of Goods and Services % of GDP,Exports % GDP,Trade,Percentage,2010,86.9302950693543,91.72280586503257,Historical Prediction,Linear Regression,6.735091062124654,7.52930842780352,0.8409651245723637
MYS,Malaysia,Southeast Asia,NE.EXP.GNFS.ZS,Exports of Goods and Services % of GDP,Exports % GDP,Trade,Percentage,2011,85.2554421085998,89.32178340687642,Historical Prediction,Linear Regression,6.735091062124654,7.52930842780352,0.8409651245723637
MYS,Malaysia,Southeast Asia,NE.EXP.GNFS.ZS,Exports of Goods and Services % of GDP,Exports % GDP,Trade,Percentage,2012,79.2999139255312,86.92076094871936,Historical Prediction,Linear Regression,6.735091062124654,7.52930842780352,0.8409651245723637
MYS,Malaysia,Southeast Asia,NE.EXP.GNFS.ZS,Exports of Goods and Services % of GDP,Exports % GDP,Trade,Percentage,2013,75.6290410302627,84.5197384905623,Historical Prediction,Linear Regression,6.735091062124654,7.52930842780352,0.8409651245723637
MYS,Malaysia,Southeast Asia,NE.EXP.GNFS.ZS,Exports of Goods and Services % of GDP,Exports % GDP,Trade,Percentage,2014,73.7934986257765,82.11871603240616,Historical Prediction,Linear Regression,6.735091062124654,7.52930842780352,0.8409651245723637
MYS,Malaysia,Southeast Asia,NE.EXP.GNFS.ZS,Exports of Goods and Services % of GDP,Exports % GDP,Trade,Percentage,2015,69.4486908970754,79.7176935742491,Historical Prediction,Linear Regression,6.735091062124654,7.52930842780352,0.8409651245723637
MYS,Malaysia,Southeast Asia,NE.EXP.GNFS.ZS,Exports of Goods and Services % of GDP,Exports % GDP,Trade,Percentage,2016,66.7754454542508,77.31667111609295,Historical Prediction,Linear Regression,6.735091062124654,7.52930842780352,0.8409651245723637
MYS,Malaysia,Southeast Asia,NE.EXP.GNFS.ZS,Exports of Goods and Services % of GDP,Exports % GDP,Trade,Percentage,2017,70.011742508597,74.91564865793589,Historical Prediction,Linear Regression,6.735091062124654,7.52930842780352,0.8409651245723637
MYS,Malaysia,Southeast Asia,NE.EXP.GNFS.ZS,Exports of Goods and Services % of GDP,Exports % GDP,Trade,Percentage,2018,68.554971419686,72.51462619977883,Historical Prediction,Linear Regression,6.735091062124654,7.52930842780352,0.8409651245723637
MYS,Malaysia,Southeast Asia,NE.EXP.GNFS.ZS,Exports of Goods and Services % of GDP,Exports % GDP,Trade,Percentage,2019,65.2777668428576,70.11360374162268,Historical Prediction,Linear Regression,6.735091062124654,7.52930842780352,0.8409651245723637
MYS,Malaysia,Southeast Asia,NE.EXP.GNFS.ZS,Exports of Goods and Services % of GDP,Exports % GDP,Trade,Percentage,2020,61.5779359054349,67.71258128346562,Historical Prediction,Linear Regression,6.735091062124654,7.52930842780352,0.8409651245723637
MYS,Malaysia,Southeast Asia,NE.EXP.GNFS.ZS,Exports of Goods and Services % of GDP,Exports % GDP,Trade,Percentage,2021,70.6330555493337,65.31155882530857,Historical Prediction,Linear Regression,6.735091062124654,7.52930842780352,0.8409651245723637
MYS,Malaysia,Southeast Asia,NE.EXP.GNFS.ZS,Exports of Goods and Services % of GDP,Exports % GDP,Trade,Percentage,2022,76.8077974825844,62.91053636715242,Historical Prediction,Linear Regression,6.735091062124654,7.52930842780352,0.8409651245723637
MYS,Malaysia,Southeast Asia,NE.EXP.GNFS.ZS,Exports of Goods and Services % of GDP,Exports % GDP,Trade,Percentage,2023,68.6789535653168,60.50951390899536,Historical Prediction,Linear Regression,6.735091062124654,7.52930842780352,0.8409651245723637
MYS,Malaysia,Southeast Asia,NE.EXP.GNFS.ZS,Exports of Goods and Services % of GDP,Exports % GDP,Trade,Percentage,2024,71.3410849829908,58.1084914508383,Historical Prediction,Linear Regression,6.735091062124654,7.52930842780352,0.8409651245723637
MYS,Malaysia,Southeast Asia,NE.EXP.GNFS.ZS,Exports of Goods and Services % of GDP,Exports % GDP,Trade,Percentage,2025,,55.70746899268215,Future Forecast,Linear Regression,6.735091062124654,7.52930842780352,0.8409651245723637
MYS,Malaysia,Southeast Asia,NE.EXP.GNFS.ZS,Exports of Goods and Services % of GDP,Exports % GDP,Trade,Percentage,2026,,53.306446534525094,Future Forecast,Linear Regression,6.735091062124654,7.52930842780352,0.8409651245723637
MYS,Malaysia,Southeast Asia,NE.EXP.GNFS.ZS,Exports of Goods and Services % of GDP,Exports % GDP,Trade,Percentage,2027,,50.905424076368035,Future Forecast,Linear Regression,6.735091062124654,7.52930842780352,0.8409651245723637
MYS,Malaysia,Southeast Asia,NE.EXP.GNFS.ZS,Exports of Goods and Services % of GDP,Exports % GDP,Trade,Percentage,2028,,48.50440161821189,Future Forecast,Linear Regression,6.735091062124654,7.52930842780352,0.8409651245723637
MYS,Malaysia,Southeast Asia,NE.EXP.GNFS.ZS,Exports of Goods and Services % of GDP,Exports % GDP,Trade,Percentage,2029,,46.10337916005483,Future Forecast,Linear Regression,6.735091062124654,7.52930842780352,0.8409651245723637
MYS,Malaysia,Southeast Asia,NV.AGR.TOTL.ZS,Agriculture Value Added % of GDP,Agriculture % GDP,Agriculture,Percentage,2000,8.59902188826631,9.34481387180837,Historical Prediction,Linear Regression,0.6841797368447032,0.8766996466653186,0.0888343679639434
MYS,Malaysia,Southeast Asia,NV.AGR.TOTL.ZS,Agriculture Value Added % of GDP,Agriculture % GDP,Agriculture,Percentage,2001,8.01097059098812,9.306852578249107,Historical Prediction,Linear Regression,0.6841797368447032,0.8766996466653186,0.0888343679639434
MYS,Malaysia,Southeast Asia,NV.AGR.TOTL.ZS,Agriculture Value Added % of GDP,Agriculture % GDP,Agriculture,Percentage,2002,8.98508140381459,9.268891284689843,Historical Prediction,Linear Regression,0.6841797368447032,0.8766996466653186,0.0888343679639434
MYS,Malaysia,Southeast Asia,NV.AGR.TOTL.ZS,Agriculture Value Added % of GDP,Agriculture % GDP,Agriculture,Percentage,2003,9.30608521643197,9.23092999113058,Historical Prediction,Linear Regression,0.6841797368447032,0.8766996466653186,0.0888343679639434
MYS,Malaysia,Southeast Asia,NV.AGR.TOTL.ZS,Agriculture Value Added % of GDP,Agriculture % GDP,Agriculture,Percentage,2004,9.27100209261509,9.192968697571317,Historical Prediction,Linear Regression,0.6841797368447032,0.8766996466653186,0.0888343679639434
MYS,Malaysia,Southeast Asia,NV.AGR.TOTL.ZS,Agriculture Value Added % of GDP,Agriculture % GDP,Agriculture,Percentage,2005,8.26229170422644,9.15500740401204,Historical Prediction,Linear Regression,0.6841797368447032,0.8766996466653186,0.0888343679639434
MYS,Malaysia,Southeast Asia,NV.AGR.TOTL.ZS,Agriculture Value Added % of GDP,Agriculture % GDP,Agriculture,Percentage,2006,8.60998284136304,9.117046110452776,Historical Prediction,Linear Regression,0.6841797368447032,0.8766996466653186,0.0888343679639434
MYS,Malaysia,Southeast Asia,NV.AGR.TOTL.ZS,Agriculture Value Added % of GDP,Agriculture % GDP,Agriculture,Percentage,2007,9.98677367962245,9.079084816893513,Historical Prediction,Linear Regression,0.6841797368447032,0.8766996466653186,0.0888343679639434
MYS,Malaysia,Southeast Asia,NV.AGR.TOTL.ZS,Agriculture Value Added % of GDP,Agriculture % GDP,Agriculture,Percentage,2008,9.96858233467411,9.04112352333425,Historical Prediction,Linear Regression,0.6841797368447032,0.8766996466653186,0.0888343679639434
MYS,Malaysia,Southeast Asia,NV.AGR.TOTL.ZS,Agriculture Value Added % of GDP,Agriculture % GDP,Agriculture,Percentage,2009,9.21910004390782,9.003162229774986,Historical Prediction,Linear Regression,0.6841797368447032,0.8766996466653186,0.0888343679639434
MYS,Malaysia,Southeast Asia,NV.AGR.TOTL.ZS,Agriculture Value Added % of GDP,Agriculture % GDP,Agriculture,Percentage,2010,10.0899159275121,8.965200936215723,Historical Prediction,Linear Regression,0.6841797368447032,0.8766996466653186,0.0888343679639434
MYS,Malaysia,Southeast Asia,NV.AGR.TOTL.ZS,Agriculture Value Added % of GDP,Agriculture % GDP,Agriculture,Percentage,2011,11.4533531198278,8.92723964265646,Historical Prediction,Linear Regression,0.6841797368447032,0.8766996466653186,0.0888343679639434
MYS,Malaysia,Southeast Asia,NV.AGR.TOTL.ZS,Agriculture Value Added % of GDP,Agriculture % GDP,Agriculture,Percentage,2012,9.79375074645921,8.889278349097196,Historical Prediction,Linear Regression,0.6841797368447032,0.8766996466653186,0.0888343679639434
MYS,Malaysia,Southeast Asia,NV.AGR.TOTL.ZS,Agriculture Value Added % of GDP,Agriculture % GDP,Agriculture,Percentage,2013,9.11336384538206,8.851317055537933,Historical Prediction,Linear Regression,0.6841797368447032,0.8766996466653186,0.0888343679639434
MYS,Malaysia,Southeast Asia,NV.AGR.TOTL.ZS,Agriculture Value Added % of GDP,Agriculture % GDP,Agriculture,Percentage,2014,8.87320901302643,8.813355761978656,Historical Prediction,Linear Regression,0.6841797368447032,0.8766996466653186,0.0888343679639434
MYS,Malaysia,Southeast Asia,NV.AGR.TOTL.ZS,Agriculture Value Added % of GDP,Agriculture % GDP,Agriculture,Percentage,2015,8.2874950827938,8.775394468419393,Historical Prediction,Linear Regression,0.6841797368447032,0.8766996466653186,0.0888343679639434
MYS,Malaysia,Southeast Asia,NV.AGR.TOTL.ZS,Agriculture Value Added % of GDP,Agriculture % GDP,Agriculture,Percentage,2016,8.46251885618027,8.73743317486013,Historical Prediction,Linear Regression,0.6841797368447032,0.8766996466653186,0.0888343679639434
MYS,Malaysia,Southeast Asia,NV.AGR.TOTL.ZS,Agriculture Value Added % of GDP,Agriculture % GDP,Agriculture,Percentage,2017,8.59827753533139,8.699471881300866,Historical Prediction,Linear Regression,0.6841797368447032,0.8766996466653186,0.0888343679639434
MYS,Malaysia,Southeast Asia,NV.AGR.TOTL.ZS,Agriculture Value Added % of GDP,Agriculture % GDP,Agriculture,Percentage,2018,7.51205693063821,8.661510587741603,Historical Prediction,Linear Regression,0.6841797368447032,0.8766996466653186,0.0888343679639434
MYS,Malaysia,Southeast Asia,NV.AGR.TOTL.ZS,Agriculture Value Added % of GDP,Agriculture % GDP,Agriculture,Percentage,2019,7.24131401562151,8.62354929418234,Historical Prediction,Linear Regression,0.6841797368447032,0.8766996466653186,0.0888343679639434
MYS,Malaysia,Southeast Asia,NV.AGR.TOTL.ZS,Agriculture Value Added % of GDP,Agriculture % GDP,Agriculture,Percentage,2020,8.16597089919598,8.585588000623076,Historical Prediction,Linear Regression,0.6841797368447032,0.8766996466653186,0.0888343679639434
MYS,Malaysia,Southeast Asia,NV.AGR.TOTL.ZS,Agriculture Value Added % of GDP,Agriculture % GDP,Agriculture,Percentage,2021,9.56621458844467,8.547626707063813,Historical Prediction,Linear Regression,0.6841797368447032,0.8766996466653186,0.0888343679639434
MYS,Malaysia,Southeast Asia,NV.AGR.TOTL.ZS,Agriculture Value Added % of GDP,Agriculture % GDP,Agriculture,Percentage,2022,8.96184922741417,8.50966541350455,Historical Prediction,Linear Regression,0.6841797368447032,0.8766996466653186,0.0888343679639434
MYS,Malaysia,Southeast Asia,NV.AGR.TOTL.ZS,Agriculture Value Added % of GDP,Agriculture % GDP,Agriculture,Percentage,2023,7.76530932127302,8.471704119945286,Historical Prediction,Linear Regression,0.6841797368447032,0.8766996466653186,0.0888343679639434
MYS,Malaysia,Southeast Asia,NV.AGR.TOTL.ZS,Agriculture Value Added % of GDP,Agriculture % GDP,Agriculture,Percentage,2024,8.12846782241948,8.433742826386009,Historical Prediction,Linear Regression,0.6841797368447032,0.8766996466653186,0.0888343679639434
MYS,Malaysia,Southeast Asia,NV.AGR.TOTL.ZS,Agriculture Value Added % of GDP,Agriculture % GDP,Agriculture,Percentage,2025,,8.395781532826746,Future Forecast,Linear Regression,0.6841797368447032,0.8766996466653186,0.0888343679639434
MYS,Malaysia,Southeast Asia,NV.AGR.TOTL.ZS,Agriculture Value Added % of GDP,Agriculture % GDP,Agriculture,Percentage,2026,,8.357820239267483,Future Forecast,Linear Regression,0.6841797368447032,0.8766996466653186,0.0888343679639434
MYS,Malaysia,Southeast Asia,NV.AGR.TOTL.ZS,Agriculture Value Added % of GDP,Agriculture % GDP,Agriculture,Percentage,2027,,8.31985894570822,Future Forecast,Linear Regression,0.6841797368447032,0.8766996466653186,0.0888343679639434
MYS,Malaysia,Southeast Asia,NV.AGR.TOTL.ZS,Agriculture Value Added % of GDP,Agriculture % GDP,Agriculture,Percentage,2028,,8.281897652148956,Future Forecast,Linear Regression,0.6841797368447032,0.8766996466653186,0.0888343679639434
MYS,Malaysia,Southeast Asia,NV.AGR.TOTL.ZS,Agriculture Value Added % of GDP,Agriculture % GDP,Agriculture,Percentage,2029,,8.243936358589693,Future Forecast,Linear Regression,0.6841797368447032,0.8766996466653186,0.0888343679639434
MYS,Malaysia,Southeast Asia,NY.GDP.MKTP.CD,GDP Current US$,GDP,Economy,US Dollars,2000,93789736842.1053,91234532475.10547,Historical Prediction,Linear Regression,20712313803.68832,25455543831.885708,0.9425630742048908
MYS,Malaysia,Southeast Asia,NY.GDP.MKTP.CD,GDP Current US$,GDP,Economy,US Dollars,2001,92783947368.4211,105534673661.9414,Historical Prediction,Linear Regression,20712313803.68832,25455543831.885708,0.9425630742048908
MYS,Malaysia,Southeast Asia,NY.GDP.MKTP.CD,GDP Current US$,GDP,Economy,US Dollars,2002,100845526315.789,119834814848.77344,Historical Prediction,Linear Regression,20712313803.68832,25455543831.885708,0.9425630742048908
MYS,Malaysia,Southeast Asia,NY.GDP.MKTP.CD,GDP Current US$,GDP,Economy,US Dollars,2003,110202368421.053,134134956035.60938,Historical Prediction,Linear Regression,20712313803.68832,25455543831.885708,0.9425630742048908
MYS,Malaysia,Southeast Asia,NY.GDP.MKTP.CD,GDP Current US$,GDP,Economy,US Dollars,2004,124749473684.211,148435097222.4414,Historical Prediction,Linear Regression,20712313803.68832,25455543831.885708,0.9425630742048908
MYS,Malaysia,Southeast Asia,NY.GDP.MKTP.CD,GDP Current US$,GDP,Economy,US Dollars,2005,143534405818.501,162735238409.27734,Historical Prediction,Linear Regression,20712313803.68832,25455543831.885708,0.9425630742048908
MYS,Malaysia,Southeast Asia,NY.GDP.MKTP.CD,GDP Current US$,GDP,Economy,US Dollars,2006,162692258307.056,177035379596.10938,Historical Prediction,Linear Regression,20712313803.68832,25455543831.885708,0.9425630742048908
MYS,Malaysia,Southeast Asia,NY.GDP.MKTP.CD,GDP Current US$,GDP,Economy,US Dollars,2007,193549569477.733,191335520782.9453,Historical Prediction,Linear Regression,20712313803.68832,25455543831.885708,0.9425630742048908
MYS,Malaysia,Southeast Asia,NY.GDP.MKTP.CD,GDP Current US$,GDP,Economy,US Dollars,2008,230811614370.384,205635661969.77734,Historical Prediction,Linear Regression,20712313803.68832,25455543831.885708,0.9425630742048908
MYS,Malaysia,Southeast Asia,NY.GDP.MKTP.CD,GDP Current US$,GDP,Economy,US Dollars,2009,202257453036.641,219935803156.61328,Historical Prediction,Linear Regression,20712313803.68832,25455543831.885708,0.9425630742048908
MYS,Malaysia,Southeast Asia,NY.GDP.MKTP.CD,GDP Current US$,GDP,Economy,US Dollars,2010,255017638455.59,234235944343.4453,Historical Prediction,Linear Regression,20712313803.68832,25455543831.885708,0.9425630742048908
MYS,Malaysia,Southeast Asia,NY.GDP.MKTP.CD,GDP Current US$,GDP,Economy,US Dollars,2011,297951668674.835,248536085530.28125,Historical Prediction,Linear Regression,20712313803.68832,25455543831.885708,0.9425630742048908
MYS,Malaysia,Southeast Asia,NY.GDP.MKTP.CD,GDP Current US$,GDP,Economy,US Dollars,2012,314443047642.111,262836226717.11328,Historical Prediction,Linear Regression,20712313803.68832,25455543831.885708,0.9425630742048908
MYS,Malaysia,Southeast Asia,NY.GDP.MKTP.CD,GDP Current US$,GDP,Economy,US Dollars,2013,323276235524.415,277136367903.9492,Historical Prediction,Linear Regression,20712313803.68832,25455543831.885708,0.9425630742048908
MYS,Malaysia,Southeast Asia,NY.GDP.MKTP.CD,GDP Current US$,GDP,Economy,US Dollars,2014,338066095097.254,291436509090.78125,Historical Prediction,Linear Regression,20712313803.68832,25455543831.885708,0.9425630742048908
MYS,Malaysia,Southeast Asia,NY.GDP.MKTP.CD,GDP Current US$,GDP,Economy,US Dollars,2015,301355266964.947,305736650277.6172,Historical Prediction,Linear Regression,20712313803.68832,25455543831.885708,0.9425630742048908
MYS,Malaysia,Southeast Asia,NY.GDP.MKTP.CD,GDP Current US$,GDP,Economy,US Dollars,2016,301256033870.334,320036791464.4492,Historical Prediction,Linear Regression,20712313803.68832,25455543831.885708,0.9425630742048908
MYS,Malaysia,Southeast Asia,NY.GDP.MKTP.CD,GDP Current US$,GDP,Economy,US Dollars,2017,319109094160.343,334336932651.28516,Historical Prediction,Linear Regression,20712313803.68832,25455543831.885708,0.9425630742048908
MYS,Malaysia,Southeast Asia,NY.GDP.MKTP.CD,GDP Current US$,GDP,Economy,US Dollars,2018,358788845712.53,348637073838.1172,Historical Prediction,Linear Regression,20712313803.68832,25455543831.885708,0.9425630742048908
MYS,Malaysia,Southeast Asia,NY.GDP.MKTP.CD,GDP Current US$,GDP,Economy,US Dollars,2019,365177721021.516,362937215024.9531,Historical Prediction,Linear Regression,20712313803.68832,25455543831.885708,0.9425630742048908
MYS,Malaysia,Southeast Asia,NY.GDP.MKTP.CD,GDP Current US$,GDP,Economy,US Dollars,2020,337456163961.211,377237356211.78516,Historical Prediction,Linear Regression,20712313803.68832,25455543831.885708,0.9425630742048908
MYS,Malaysia,Southeast Asia,NY.GDP.MKTP.CD,GDP Current US$,GDP,Economy,US Dollars,2021,373784553029.978,391537497398.6211,Historical Prediction,Linear Regression,20712313803.68832,25455543831.885708,0.9425630742048908
MYS,Malaysia,Southeast Asia,NY.GDP.MKTP.CD,GDP Current US$,GDP,Economy,US Dollars,2022,407830525989.553,405837638585.4531,Historical Prediction,Linear Regression,20712313803.68832,25455543831.885708,0.9425630742048908
MYS,Malaysia,Southeast Asia,NY.GDP.MKTP.CD,GDP Current US$,GDP,Economy,US Dollars,2023,399949418752.657,420137779772.28906,Historical Prediction,Linear Regression,20712313803.68832,25455543831.885708,0.9425630742048908
MYS,Malaysia,Southeast Asia,NY.GDP.MKTP.CD,GDP Current US$,GDP,Economy,US Dollars,2024,422227005428.688,434437920959.1211,Historical Prediction,Linear Regression,20712313803.68832,25455543831.885708,0.9425630742048908
MYS,Malaysia,Southeast Asia,NY.GDP.MKTP.CD,GDP Current US$,GDP,Economy,US Dollars,2025,,448738062145.95703,Future Forecast,Linear Regression,20712313803.68832,25455543831.885708,0.9425630742048908
MYS,Malaysia,Southeast Asia,NY.GDP.MKTP.CD,GDP Current US$,GDP,Economy,US Dollars,2026,,463038203332.78906,Future Forecast,Linear Regression,20712313803.68832,25455543831.885708,0.9425630742048908
MYS,Malaysia,Southeast Asia,NY.GDP.MKTP.CD,GDP Current US$,GDP,Economy,US Dollars,2027,,477338344519.625,Future Forecast,Linear Regression,20712313803.68832,25455543831.885708,0.9425630742048908
MYS,Malaysia,Southeast Asia,NY.GDP.MKTP.CD,GDP Current US$,GDP,Economy,US Dollars,2028,,491638485706.45703,Future Forecast,Linear Regression,20712313803.68832,25455543831.885708,0.9425630742048908
MYS,Malaysia,Southeast Asia,NY.GDP.MKTP.CD,GDP Current US$,GDP,Economy,US Dollars,2029,,505938626893.29297,Future Forecast,Linear Regression,20712313803.68832,25455543831.885708,0.9425630742048908
MYS,Malaysia,Southeast Asia,NY.GDP.PCAP.CD,GDP Per Capita Current US$,GDP per Capita,Economy,US Dollars,2000,4083.52874483605,4458.649433185346,Historical Prediction,Linear Regression,834.1016332093827,1013.1875256418577,0.8558933771002317
MYS,Malaysia,Southeast Asia,NY.GDP.PCAP.CD,GDP Per Capita Current US$,GDP per Capita,Economy,US Dollars,2001,3943.79943910239,4801.06699050928,Historical Prediction,Linear Regression,834.1016332093827,1013.1875256418577,0.8558933771002317
MYS,Malaysia,Southeast Asia,NY.GDP.PCAP.CD,GDP Per Capita Current US$,GDP per Capita,Economy,US Dollars,2002,4184.03163773539,5143.484547833097,Historical Prediction,Linear Regression,834.1016332093827,1013.1875256418577,0.8558933771002317
MYS,Malaysia,Southeast Asia,NY.GDP.PCAP.CD,GDP Per Capita Current US$,GDP per Capita,Economy,US Dollars,2003,4465.32194567208,5485.902105157031,Historical Prediction,Linear Regression,834.1016332093827,1013.1875256418577,0.8558933771002317
MYS,Malaysia,Southeast Asia,NY.GDP.PCAP.CD,GDP Per Capita Current US$,GDP per Capita,Economy,US Dollars,2004,4939.24851854427,5828.319662480848,Historical Prediction,Linear Regression,834.1016332093827,1013.1875256418577,0.8558933771002317
MYS,Malaysia,Southeast Asia,NY.GDP.PCAP.CD,GDP Per Capita Current US$,GDP per Capita,Economy,US Dollars,2005,5555.58179951206,6170.7372198047815,Historical Prediction,Linear Regression,834.1016332093827,1013.1875256418577,0.8558933771002317
MYS,Malaysia,Southeast Asia,NY.GDP.PCAP.CD,GDP Per Capita Current US$,GDP per Capita,Economy,US Dollars,2006,6158.40785533236,6513.154777128599,Historical Prediction,Linear Regression,834.1016332093827,1013.1875256418577,0.8558933771002317
MYS,Malaysia,Southeast Asia,NY.GDP.PCAP.CD,GDP Per Capita Current US$,GDP per Capita,Economy,US Dollars,2007,7168.93031942508,6855.572334452416,Historical Prediction,Linear Regression,834.1016332093827,1013.1875256418577,0.8558933771002317
MYS,Malaysia,Southeast Asia,NY.GDP.PCAP.CD,GDP Per Capita Current US$,GDP per Capita,Economy,US Dollars,2008,8371.82156086005,7197.989891776349,Historical Prediction,Linear Regression,834.1016332093827,1013.1875256418577,0.8558933771002317
MYS,Malaysia,Southeast Asia,NY.GDP.PCAP.CD,GDP Per Capita Current US$,GDP per Capita,Economy,US Dollars,2009,7191.43287234626,7540.407449100167,Historical Prediction,Linear Regression,834.1016332093827,1013.1875256418577,0.8558933771002317
MYS,Malaysia,Southeast Asia,NY.GDP.PCAP.CD,GDP Per Capita Current US$,GDP per Capita,Economy,US Dollars,2010,8899.34505544675,7882.8250064241,Historical Prediction,Linear Regression,834.1016332093827,1013.1875256418577,0.8558933771002317
MYS,Malaysia,Southeast Asia,NY.GDP.PCAP.CD,GDP Per Capita Current US$,GDP per Capita,Economy,US Dollars,2011,10217.1068585031,8225.242563747917,Historical Prediction,Linear Regression,834.1016332093827,1013.1875256418577,0.8558933771002317
MYS,Malaysia,Southeast Asia,NY.GDP.PCAP.CD,GDP Per Capita Current US$,GDP per Capita,Economy,US Dollars,2012,10600.5744240026,8567.660121071734,Historical Prediction,Linear Regression,834.1016332093827,1013.1875256418577,0.8558933771002317
MYS,Malaysia,Southeast Asia,NY.GDP.PCAP.CD,GDP Per Capita Current US$,GDP per Capita,Economy,US Dollars,2013,10713.6407638899,8910.077678395668,Historical Prediction,Linear Regression,834.1016332093827,1013.1875256418577,0.8558933771002317
MYS,Malaysia,Southeast Asia,NY.GDP.PCAP.CD,GDP Per Capita Current US$,GDP per Capita,Economy,US Dollars,2014,11013.3107334403,9252.495235719485,Historical Prediction,Linear Regression,834.1016332093827,1013.1875256418577,0.8558933771002317
MYS,Malaysia,Southeast Asia,NY.GDP.PCAP.CD,GDP Per Capita Current US$,GDP per Capita,Economy,US Dollars,2015,9648.6797937523,9594.912793043419,Historical Prediction,Linear Regression,834.1016332093827,1013.1875256418577,0.8558933771002317
MYS,Malaysia,Southeast Asia,NY.GDP.PCAP.CD,GDP Per Capita Current US$,GDP per Capita,Economy,US Dollars,2016,9476.53409809923,9937.330350367236,Historical Prediction,Linear Regression,834.1016332093827,1013.1875256418577,0.8558933771002317
MYS,Malaysia,Southeast Asia,NY.GDP.PCAP.CD,GDP Per Capita Current US$,GDP per Capita,Economy,US Dollars,2017,9862.54806612235,10279.747907691053,Historical Prediction,Linear Regression,834.1016332093827,1013.1875256418577,0.8558933771002317
MYS,Malaysia,Southeast Asia,NY.GDP.PCAP.CD,GDP Per Capita Current US$,GDP per Capita,Economy,US Dollars,2018,10901.8019954421,10622.165465014987,Historical Prediction,Linear Regression,834.1016332093827,1013.1875256418577,0.8558933771002317
MYS,Malaysia,Southeast Asia,NY.GDP.PCAP.CD,GDP Per Capita Current US$,GDP per Capita,Economy,US Dollars,2019,10920.191763972,10964.583022338804,Historical Prediction,Linear Regression,834.1016332093827,1013.1875256418577,0.8558933771002317
MYS,Malaysia,Southeast Asia,NY.GDP.PCAP.CD,GDP Per Capita Current US$,GDP per Capita,Economy,US Dollars,2020,9957.52626697613,11307.000579662737,Historical Prediction,Linear Regression,834.1016332093827,1013.1875256418577,0.8558933771002317
MYS,Malaysia,Southeast Asia,NY.GDP.PCAP.CD,GDP Per Capita Current US$,GDP per Capita,Economy,US Dollars,2021,10903.1037480772,11649.418136986555,Historical Prediction,Linear Regression,834.1016332093827,1013.1875256418577,0.8558933771002317
MYS,Malaysia,Southeast Asia,NY.GDP.PCAP.CD,GDP Per Capita Current US$,GDP per Capita,Economy,US Dollars,2022,11754.5678336248,11991.835694310372,Historical Prediction,Linear Regression,834.1016332093827,1013.1875256418577,0.8558933771002317
MYS,Malaysia,Southeast Asia,NY.GDP.PCAP.CD,GDP Per Capita Current US$,GDP per Capita,Economy,US Dollars,2023,11386.0395636528,12334.253251634305,Historical Prediction,Linear Regression,834.1016332093827,1013.1875256418577,0.8558933771002317
MYS,Malaysia,Southeast Asia,NY.GDP.PCAP.CD,GDP Per Capita Current US$,GDP per Capita,Economy,US Dollars,2024,11874.4273684245,12676.670808958123,Historical Prediction,Linear Regression,834.1016332093827,1013.1875256418577,0.8558933771002317
MYS,Malaysia,Southeast Asia,NY.GDP.PCAP.CD,GDP Per Capita Current US$,GDP per Capita,Economy,US Dollars,2025,,13019.088366282056,Future Forecast,Linear Regression,834.1016332093827,1013.1875256418577,0.8558933771002317
MYS,Malaysia,Southeast Asia,NY.GDP.PCAP.CD,GDP Per Capita Current US$,GDP per Capita,Economy,US Dollars,2026,,13361.505923605873,Future Forecast,Linear Regression,834.1016332093827,1013.1875256418577,0.8558933771002317
MYS,Malaysia,Southeast Asia,NY.GDP.PCAP.CD,GDP Per Capita Current US$,GDP per Capita,Economy,US Dollars,2027,,13703.92348092969,Future Forecast,Linear Regression,834.1016332093827,1013.1875256418577,0.8558933771002317
MYS,Malaysia,Southeast Asia,NY.GDP.PCAP.CD,GDP Per Capita Current US$,GDP per Capita,Economy,US Dollars,2028,,14046.341038253624,Future Forecast,Linear Regression,834.1016332093827,1013.1875256418577,0.8558933771002317
MYS,Malaysia,Southeast Asia,NY.GDP.PCAP.CD,GDP Per Capita Current US$,GDP per Capita,Economy,US Dollars,2029,,14388.758595577441,Future Forecast,Linear Regression,834.1016332093827,1013.1875256418577,0.8558933771002317
MYS,Malaysia,Southeast Asia,SL.UEM.TOTL.ZS,Unemployment Total %,Unemployment,Labor,Percentage,2000,3.0,3.1836061538461564,Historical Prediction,Linear Regression,0.2998518153846155,0.3777673670802825,0.18605160610762816
MYS,Malaysia,Southeast Asia,SL.UEM.TOTL.ZS,Unemployment Total %,Unemployment,Labor,Percentage,2001,3.53,3.2086523076923115,Historical Prediction,Linear Regression,0.2998518153846155,0.3777673670802825,0.18605160610762816
MYS,Malaysia,Southeast Asia,SL.UEM.TOTL.ZS,Unemployment Total %,Unemployment,Labor,Percentage,2002,3.48,3.2336984615384665,Historical Prediction,Linear Regression,0.2998518153846155,0.3777673670802825,0.18605160610762816
MYS,Malaysia,Southeast Asia,SL.UEM.TOTL.ZS,Unemployment Total %,Unemployment,Labor,Percentage,2003,3.61,3.2587446153846216,Historical Prediction,Linear Regression,0.2998518153846155,0.3777673670802825,0.18605160610762816
MYS,Malaysia,Southeast Asia,SL.UEM.TOTL.ZS,Unemployment Total %,Unemployment,Labor,Percentage,2004,3.54,3.2837907692307695,Historical Prediction,Linear Regression,0.2998518153846155,0.3777673670802825,0.18605160610762816
MYS,Malaysia,Southeast Asia,SL.UEM.TOTL.ZS,Unemployment Total %,Unemployment,Labor,Percentage,2005,3.53,3.3088369230769246,Historical Prediction,Linear Regression,0.2998518153846155,0.3777673670802825,0.18605160610762816
MYS,Malaysia,Southeast Asia,SL.UEM.TOTL.ZS,Unemployment Total %,Unemployment,Labor,Percentage,2006,3.32,3.3338830769230796,Historical Prediction,Linear Regression,0.2998518153846155,0.3777673670802825,0.18605160610762816
MYS,Malaysia,Southeast Asia,SL.UEM.TOTL.ZS,Unemployment Total %,Unemployment,Labor,Percentage,2007,3.31,3.3589292307692347,Historical Prediction,Linear Regression,0.2998518153846155,0.3777673670802825,0.18605160610762816
MYS,Malaysia,Southeast Asia,SL.UEM.TOTL.ZS,Unemployment Total %,Unemployment,Labor,Percentage,2008,3.34,3.3839753846153897,Historical Prediction,Linear Regression,0.2998518153846155,0.3777673670802825,0.18605160610762816
MYS,Malaysia,Southeast Asia,SL.UEM.TOTL.ZS,Unemployment Total %,Unemployment,Labor,Percentage,2009,3.62,3.4090215384615448,Historical Prediction,Linear Regression,0.2998518153846155,0.3777673670802825,0.18605160610762816
MYS,Malaysia,Southeast Asia,SL.UEM.TOTL.ZS,Unemployment Total %,Unemployment,Labor,Percentage,2010,3.32,3.4340676923076927,Historical Prediction,Linear Regression,0.2998518153846155,0.3777673670802825,0.18605160610762816
MYS,Malaysia,Southeast Asia,SL.UEM.TOTL.ZS,Unemployment Total %,Unemployment,Labor,Percentage,2011,3.05,3.4591138461538478,Historical Prediction,Linear Regression,0.2998518153846155,0.3777673670802825,0.18605160610762816
MYS,Malaysia,Southeast Asia,SL.UEM.TOTL.ZS,Unemployment Total %,Unemployment,Labor,Percentage,2012,3.04,3.484160000000003,Historical Prediction,Linear Regression,0.2998518153846155,0.3777673670802825,0.18605160610762816
MYS,Malaysia,Southeast Asia,SL.UEM.TOTL.ZS,Unemployment Total %,Unemployment,Labor,Percentage,2013,3.14,3.509206153846158,Historical Prediction,Linear Regression,0.2998518153846155,0.3777673670802825,0.18605160610762816
MYS,Malaysia,Southeast Asia,SL.UEM.TOTL.ZS,Unemployment Total %,Unemployment,Labor,Percentage,2014,2.88,3.534252307692313,Historical Prediction,Linear Regression,0.2998518153846155,0.3777673670802825,0.18605160610762816
MYS,Malaysia,Southeast Asia,SL.UEM.TOTL.ZS,Unemployment Total %,Unemployment,Labor,Percentage,2015,3.1,3.559298461538468,Historical Prediction,Linear Regression,0.2998518153846155,0.3777673670802825,0.18605160610762816
MYS,Malaysia,Southeast Asia,SL.UEM.TOTL.ZS,Unemployment Total %,Unemployment,Labor,Percentage,2016,3.44,3.584344615384616,Historical Prediction,Linear Regression,0.2998518153846155,0.3777673670802825,0.18605160610762816
MYS,Malaysia,Southeast Asia,SL.UEM.TOTL.ZS,Unemployment Total %,Unemployment,Labor,Percentage,2017,3.41,3.609390769230771,Historical Prediction,Linear Regression,0.2998518153846155,0.3777673670802825,0.18605160610762816
MYS,Malaysia,Southeast Asia,SL.UEM.TOTL.ZS,Unemployment Total %,Unemployment,Labor,Percentage,2018,3.3,3.634436923076926,Historical Prediction,Linear Regression,0.2998518153846155,0.3777673670802825,0.18605160610762816
MYS,Malaysia,Southeast Asia,SL.UEM.TOTL.ZS,Unemployment Total %,Unemployment,Labor,Percentage,2019,3.33,3.659483076923081,Historical Prediction,Linear Regression,0.2998518153846155,0.3777673670802825,0.18605160610762816
MYS,Malaysia,Southeast Asia,SL.UEM.TOTL.ZS,Unemployment Total %,Unemployment,Labor,Percentage,2020,4.54,3.684529230769236,Historical Prediction,Linear Regression,0.2998518153846155,0.3777673670802825,0.18605160610762816
MYS,Malaysia,Southeast Asia,SL.UEM.TOTL.ZS,Unemployment Total %,Unemployment,Labor,Percentage,2021,4.64,3.709575384615391,Historical Prediction,Linear Regression,0.2998518153846155,0.3777673670802825,0.18605160610762816
MYS,Malaysia,Southeast Asia,SL.UEM.TOTL.ZS,Unemployment Total %,Unemployment,Labor,Percentage,2022,3.93,3.734621538461539,Historical Prediction,Linear Regression,0.2998518153846155,0.3777673670802825,0.18605160610762816
MYS,Malaysia,Southeast Asia,SL.UEM.TOTL.ZS,Unemployment Total %,Unemployment,Labor,Percentage,2023,3.858,3.759667692307694,Historical Prediction,Linear Regression,0.2998518153846155,0.3777673670802825,0.18605160610762816
MYS,Malaysia,Southeast Asia,SL.UEM.TOTL.ZS,Unemployment Total %,Unemployment,Labor,Percentage,2024,3.846,3.784713846153849,Historical Prediction,Linear Regression,0.2998518153846155,0.3777673670802825,0.18605160610762816
MYS,Malaysia,Southeast Asia,SL.UEM.TOTL.ZS,Unemployment Total %,Unemployment,Labor,Percentage,2025,,3.8097600000000043,Future Forecast,Linear Regression,0.2998518153846155,0.3777673670802825,0.18605160610762816
MYS,Malaysia,Southeast Asia,SL.UEM.TOTL.ZS,Unemployment Total %,Unemployment,Labor,Percentage,2026,,3.8348061538461593,Future Forecast,Linear Regression,0.2998518153846155,0.3777673670802825,0.18605160610762816
MYS,Malaysia,Southeast Asia,SL.UEM.TOTL.ZS,Unemployment Total %,Unemployment,Labor,Percentage,2027,,3.8598523076923144,Future Forecast,Linear Regression,0.2998518153846155,0.3777673670802825,0.18605160610762816
MYS,Malaysia,Southeast Asia,SL.UEM.TOTL.ZS,Unemployment Total %,Unemployment,Labor,Percentage,2028,,3.8848984615384623,Future Forecast,Linear Regression,0.2998518153846155,0.3777673670802825,0.18605160610762816
MYS,Malaysia,Southeast Asia,SL.UEM.TOTL.ZS,Unemployment Total %,Unemployment,Labor,Percentage,2029,,3.9099446153846174,Future Forecast,Linear Regression,0.2998518153846155,0.3777673670802825,0.18605160610762816
MYS,Malaysia,Southeast Asia,SP.POP.TOTL,Total Population,Population,Population,People,2000,22967816.0,23191902.10769224,Historical Prediction,Linear Regression,131851.05076924324,153160.32679432887,0.9984029292680705
MYS,Malaysia,Southeast Asia,SP.POP.TOTL,Total Population,Population,Population,People,2001,23526538.0,23722952.16538453,Historical Prediction,Linear Regression,131851.05076924324,153160.32679432887,0.9984029292680705
MYS,Malaysia,Southeast Asia,SP.POP.TOTL,Total Population,Population,Population,People,2002,24102477.0,24254002.22307682,Historical Prediction,Linear Regression,131851.05076924324,153160.32679432887,0.9984029292680705
MYS,Malaysia,Southeast Asia,SP.POP.TOTL,Total Population,Population,Population,People,2003,24679602.0,24785052.28076911,Historical Prediction,Linear Regression,131851.05076924324,153160.32679432887,0.9984029292680705
MYS,Malaysia,Southeast Asia,SP.POP.TOTL,Total Population,Population,Population,People,2004,25256772.0,25316102.3384614,Historical Prediction,Linear Regression,131851.05076924324,153160.32679432887,0.9984029292680705
MYS,Malaysia,Southeast Asia,SP.POP.TOTL,Total Population,Population,Population,People,2005,25836071.0,25847152.39615369,Historical Prediction,Linear Regression,131851.05076924324,153160.32679432887,0.9984029292680705
MYS,Malaysia,Southeast Asia,SP.POP.TOTL,Total Population,Population,Population,People,2006,26417909.0,26378202.453846097,Historical Prediction,Linear Regression,131851.05076924324,153160.32679432887,0.9984029292680705
MYS,Malaysia,Southeast Asia,SP.POP.TOTL,Total Population,Population,Population,People,2007,26998389.0,26909252.511538386,Historical Prediction,Linear Regression,131851.05076924324,153160.32679432887,0.9984029292680705
MYS,Malaysia,Southeast Asia,SP.POP.TOTL,Total Population,Population,Population,People,2008,27570059.0,27440302.569230676,Historical Prediction,Linear Regression,131851.05076924324,153160.32679432887,0.9984029292680705
MYS,Malaysia,Southeast Asia,SP.POP.TOTL,Total Population,Population,Population,People,2009,28124778.0,27971352.626922965,Historical Prediction,Linear Regression,131851.05076924324,153160.32679432887,0.9984029292680705
MYS,Malaysia,Southeast Asia,SP.POP.TOTL,Total Population,Population,Population,People,2010,28655776.0,28502402.684615254,Historical Prediction,Linear Regression,131851.05076924324,153160.32679432887,0.9984029292680705
MYS,Malaysia,Southeast Asia,SP.POP.TOTL,Total Population,Population,Population,People,2011,29162039.0,29033452.742307544,Historical Prediction,Linear Regression,131851.05076924324,153160.32679432887,0.9984029292680705
MYS,Malaysia,Southeast Asia,SP.POP.TOTL,Total Population,Population,Population,People,2012,29662831.0,29564502.799999952,Historical Prediction,Linear Regression,131851.05076924324,153160.32679432887,0.9984029292680705
MYS,Malaysia,Southeast Asia,SP.POP.TOTL,Total Population,Population,Population,People,2013,30174265.0,30095552.85769224,Historical Prediction,Linear Regression,131851.05076924324,153160.32679432887,0.9984029292680705
MYS,Malaysia,Southeast Asia,SP.POP.TOTL,Total Population,Population,Population,People,2014,30696137.0,30626602.91538453,Historical Prediction,Linear Regression,131851.05076924324,153160.32679432887,0.9984029292680705
MYS,Malaysia,Southeast Asia,SP.POP.TOTL,Total Population,Population,Population,People,2015,31232798.0,31157652.97307682,Historical Prediction,Linear Regression,131851.05076924324,153160.32679432887,0.9984029292680705
MYS,Malaysia,Southeast Asia,SP.POP.TOTL,Total Population,Population,Population,People,2016,31789685.0,31688703.03076911,Historical Prediction,Linear Regression,131851.05076924324,153160.32679432887,0.9984029292680705
MYS,Malaysia,Southeast Asia,SP.POP.TOTL,Total Population,Population,Population,People,2017,32355644.0,32219753.0884614,Historical Prediction,Linear Regression,131851.05076924324,153160.32679432887,0.9984029292680705
MYS,Malaysia,Southeast Asia,SP.POP.TOTL,Total Population,Population,Population,People,2018,32910967.0,32750803.14615369,Historical Prediction,Linear Regression,131851.05076924324,153160.32679432887,0.9984029292680705
MYS,Malaysia,Southeast Asia,SP.POP.TOTL,Total Population,Population,Population,People,2019,33440596.0,33281853.203846097,Historical Prediction,Linear Regression,131851.05076924324,153160.32679432887,0.9984029292680705
MYS,Malaysia,Southeast Asia,SP.POP.TOTL,Total Population,Population,Population,People,2020,33889558.0,33812903.26153839,Historical Prediction,Linear Regression,131851.05076924324,153160.32679432887,0.9984029292680705
MYS,Malaysia,Southeast Asia,SP.POP.TOTL,Total Population,Population,Population,People,2021,34282399.0,34343953.319230676,Historical Prediction,Linear Regression,131851.05076924324,153160.32679432887,0.9984029292680705
MYS,Malaysia,Southeast Asia,SP.POP.TOTL,Total Population,Population,Population,People,2022,34695493.0,34875003.376922965,Historical Prediction,Linear Regression,131851.05076924324,153160.32679432887,0.9984029292680705
MYS,Malaysia,Southeast Asia,SP.POP.TOTL,Total Population,Population,Population,People,2023,35126298.0,35406053.434615254,Historical Prediction,Linear Regression,131851.05076924324,153160.32679432887,0.9984029292680705
MYS,Malaysia,Southeast Asia,SP.POP.TOTL,Total Population,Population,Population,People,2024,35557673.0,35937103.492307544,Historical Prediction,Linear Regression,131851.05076924324,153160.32679432887,0.9984029292680705
MYS,Malaysia,Southeast Asia,SP.POP.TOTL,Total Population,Population,Population,People,2025,,36468153.54999983,Future Forecast,Linear Regression,131851.05076924324,153160.32679432887,0.9984029292680705
MYS,Malaysia,Southeast Asia,SP.POP.TOTL,Total Population,Population,Population,People,2026,,36999203.60769212,Future Forecast,Linear Regression,131851.05076924324,153160.32679432887,0.9984029292680705
MYS,Malaysia,Southeast Asia,SP.POP.TOTL,Total Population,Population,Population,People,2027,,37530253.66538441,Future Forecast,Linear Regression,131851.05076924324,153160.32679432887,0.9984029292680705
MYS,Malaysia,Southeast Asia,SP.POP.TOTL,Total Population,Population,Population,People,2028,,38061303.7230767,Future Forecast,Linear Regression,131851.05076924324,153160.32679432887,0.9984029292680705
MYS,Malaysia,Southeast Asia,SP.POP.TOTL,Total Population,Population,Population,People,2029,,38592353.78076923,Future Forecast,Linear Regression,131851.05076924324,153160.32679432887,0.9984029292680705
NPL,Nepal,South Asia,FP.CPI.TOTL.ZG,Inflation Annual %,Inflation,Economy,Percentage,2000,2.47882020709136,5.483548555315139,Historical Prediction,Linear Regression,2.3467058987975458,2.6366864575623867,0.03269319539735638
NPL,Nepal,South Asia,FP.CPI.TOTL.ZG,Inflation Annual %,Inflation,Economy,Percentage,2001,2.6883037354563,5.5507693094484125,Historical Prediction,Linear Regression,2.3467058987975458,2.6366864575623867,0.03269319539735638
NPL,Nepal,South Asia,FP.CPI.TOTL.ZG,Inflation Annual %,Inflation,Economy,Percentage,2002,3.02939948714892,5.617990063581686,Historical Prediction,Linear Regression,2.3467058987975458,2.6366864575623867,0.03269319539735638
NPL,Nepal,South Asia,FP.CPI.TOTL.ZG,Inflation Annual %,Inflation,Economy,Percentage,2003,5.70700931874738,5.68521081771496,Historical Prediction,Linear Regression,2.3467058987975458,2.6366864575623867,0.03269319539735638
NPL,Nepal,South Asia,FP.CPI.TOTL.ZG,Inflation Annual %,Inflation,Economy,Percentage,2004,2.8418113124898,5.752431571848263,Historical Prediction,Linear Regression,2.3467058987975458,2.6366864575623867,0.03269319539735638
NPL,Nepal,South Asia,FP.CPI.TOTL.ZG,Inflation Annual %,Inflation,Economy,Percentage,2005,6.83633265892877,5.8196523259815365,Historical Prediction,Linear Regression,2.3467058987975458,2.6366864575623867,0.03269319539735638
NPL,Nepal,South Asia,FP.CPI.TOTL.ZG,Inflation Annual %,Inflation,Economy,Percentage,2006,6.92033580707589,5.88687308011481,Historical Prediction,Linear Regression,2.3467058987975458,2.6366864575623867,0.03269319539735638
NPL,Nepal,South Asia,FP.CPI.TOTL.ZG,Inflation Annual %,Inflation,Economy,Percentage,2007,2.26921924439074,5.954093834248084,Historical Prediction,Linear Regression,2.3467058987975458,2.6366864575623867,0.03269319539735638
NPL,Nepal,South Asia,FP.CPI.TOTL.ZG,Inflation Annual %,Inflation,Economy,Percentage,2008,9.9078300530648,6.021314588381387,Historical Prediction,Linear Regression,2.3467058987975458,2.6366864575623867,0.03269319539735638
NPL,Nepal,South Asia,FP.CPI.TOTL.ZG,Inflation Annual %,Inflation,Economy,Percentage,2009,11.0948237386987,6.08853534251466,Historical Prediction,Linear Regression,2.3467058987975458,2.6366864575623867,0.03269319539735638
NPL,Nepal,South Asia,FP.CPI.TOTL.ZG,Inflation Annual %,Inflation,Economy,Percentage,2010,9.32650410745395,6.155756096647934,Historical Prediction,Linear Regression,2.3467058987975458,2.6366864575623867,0.03269319539735638
NPL,Nepal,South Asia,FP.CPI.TOTL.ZG,Inflation Annual %,Inflation,Economy,Percentage,2011,9.2270754612596,6.222976850781208,Historical Prediction,Linear Regression,2.3467058987975458,2.6366864575623867,0.03269319539735638
NPL,Nepal,South Asia,FP.CPI.TOTL.ZG,Inflation Annual %,Inflation,Economy,Percentage,2012,9.45980980357125,6.290197604914482,Historical Prediction,Linear Regression,2.3467058987975458,2.6366864575623867,0.03269319539735638
NPL,Nepal,South Asia,FP.CPI.TOTL.ZG,Inflation Annual %,Inflation,Economy,Percentage,2013,9.04016311917645,6.357418359047784,Historical Prediction,Linear Regression,2.3467058987975458,2.6366864575623867,0.03269319539735638
NPL,Nepal,South Asia,FP.CPI.TOTL.ZG,Inflation Annual %,Inflation,Economy,Percentage,2014,8.36415469659563,6.424639113181058,Historical Prediction,Linear Regression,2.3467058987975458,2.6366864575623867,0.03269319539735638
NPL,Nepal,South Asia,FP.CPI.TOTL.ZG,Inflation Annual %,Inflation,Economy,Percentage,2015,7.86890895590891,6.491859867314332,Historical Prediction,Linear Regression,2.3467058987975458,2.6366864575623867,0.03269319539735638
NPL,Nepal,South Asia,FP.CPI.TOTL.ZG,Inflation Annual %,Inflation,Economy,Percentage,2016,8.7903433200464,6.559080621447606,Historical Prediction,Linear Regression,2.3467058987975458,2.6366864575623867,0.03269319539735638
NPL,Nepal,South Asia,FP.CPI.TOTL.ZG,Inflation Annual %,Inflation,Economy,Percentage,2017,2.77703998300211,6.626301375580908,Historical Prediction,Linear Regression,2.3467058987975458,2.6366864575623867,0.03269319539735638
NPL,Nepal,South Asia,FP.CPI.TOTL.ZG,Inflation Annual %,Inflation,Economy,Percentage,2018,4.40659410175714,6.693522129714182,Historical Prediction,Linear Regression,2.3467058987975458,2.6366864575623867,0.03269319539735638
NPL,Nepal,South Asia,FP.CPI.TOTL.ZG,Inflation Annual %,Inflation,Economy,Percentage,2019,5.56616035243723,6.760742883847456,Historical Prediction,Linear Regression,2.3467058987975458,2.6366864575623867,0.03269319539735638
NPL,Nepal,South Asia,FP.CPI.TOTL.ZG,Inflation Annual %,Inflation,Economy,Percentage,2020,5.05635826238499,6.82796363798073,Historical Prediction,Linear Regression,2.3467058987975458,2.6366864575623867,0.03269319539735638
NPL,Nepal,South Asia,FP.CPI.TOTL.ZG,Inflation Annual %,Inflation,Economy,Percentage,2021,4.12676744440695,6.895184392114032,Historical Prediction,Linear Regression,2.3467058987975458,2.6366864575623867,0.03269319539735638
NPL,Nepal,South Asia,FP.CPI.TOTL.ZG,Inflation Annual %,Inflation,Economy,Percentage,2022,7.6702057938028,6.962405146247306,Historical Prediction,Linear Regression,2.3467058987975458,2.6366864575623867,0.03269319539735638
NPL,Nepal,South Asia,FP.CPI.TOTL.ZG,Inflation Annual %,Inflation,Economy,Percentage,2023,7.11587261530826,7.02962590038058,Historical Prediction,Linear Regression,2.3467058987975458,2.6366864575623867,0.03269319539735638
NPL,Nepal,South Asia,FP.CPI.TOTL.ZG,Inflation Annual %,Inflation,Economy,Percentage,2024,4.6850965426577,7.096846654513854,Historical Prediction,Linear Regression,2.3467058987975458,2.6366864575623867,0.03269319539735638
NPL,Nepal,South Asia,FP.CPI.TOTL.ZG,Inflation Annual %,Inflation,Economy,Percentage,2025,,7.164067408647156,Future Forecast,Linear Regression,2.3467058987975458,2.6366864575623867,0.03269319539735638
NPL,Nepal,South Asia,FP.CPI.TOTL.ZG,Inflation Annual %,Inflation,Economy,Percentage,2026,,7.23128816278043,Future Forecast,Linear Regression,2.3467058987975458,2.6366864575623867,0.03269319539735638
NPL,Nepal,South Asia,FP.CPI.TOTL.ZG,Inflation Annual %,Inflation,Economy,Percentage,2027,,7.298508916913704,Future Forecast,Linear Regression,2.3467058987975458,2.6366864575623867,0.03269319539735638
NPL,Nepal,South Asia,FP.CPI.TOTL.ZG,Inflation Annual %,Inflation,Economy,Percentage,2028,,7.365729671046978,Future Forecast,Linear Regression,2.3467058987975458,2.6366864575623867,0.03269319539735638
NPL,Nepal,South Asia,FP.CPI.TOTL.ZG,Inflation Annual %,Inflation,Economy,Percentage,2029,,7.43295042518028,Future Forecast,Linear Regression,2.3467058987975458,2.6366864575623867,0.03269319539735638
NPL,Nepal,South Asia,NE.EXP.GNFS.ZS,Exports of Goods and Services % of GDP,Exports % GDP,Trade,Percentage,2000,23.2840037102623,18.438993160576274,Historical Prediction,Linear Regression,1.5485204340462937,2.0816907959372566,0.8091382270672223
NPL,Nepal,South Asia,NE.EXP.GNFS.ZS,Exports of Goods and Services % of GDP,Exports % GDP,Trade,Percentage,2001,22.5607737189466,17.844610087395722,Historical Prediction,Linear Regression,1.5485204340462937,2.0816907959372566,0.8091382270672223
NPL,Nepal,South Asia,NE.EXP.GNFS.ZS,Exports of Goods and Services % of GDP,Exports % GDP,Trade,Percentage,2002,17.7371295242283,17.250227014214943,Historical Prediction,Linear Regression,1.5485204340462937,2.0816907959372566,0.8091382270672223
NPL,Nepal,South Asia,NE.EXP.GNFS.ZS,Exports of Goods and Services % of GDP,Exports % GDP,Trade,Percentage,2003,15.6998644945158,16.655843941034163,Historical Prediction,Linear Regression,1.5485204340462937,2.0816907959372566,0.8091382270672223
NPL,Nepal,South Asia,NE.EXP.GNFS.ZS,Exports of Goods and Services % of GDP,Exports % GDP,Trade,Percentage,2004,16.6826952635217,16.061460867853384,Historical Prediction,Linear Regression,1.5485204340462937,2.0816907959372566,0.8091382270672223
NPL,Nepal,South Asia,NE.EXP.GNFS.ZS,Exports of Goods and Services % of GDP,Exports % GDP,Trade,Percentage,2005,14.5836867929394,15.467077794672605,Historical Prediction,Linear Regression,1.5485204340462937,2.0816907959372566,0.8091382270672223
NPL,Nepal,South Asia,NE.EXP.GNFS.ZS,Exports of Goods and Services % of GDP,Exports % GDP,Trade,Percentage,2006,13.4465909577363,14.872694721491825,Historical Prediction,Linear Regression,1.5485204340462937,2.0816907959372566,0.8091382270672223
NPL,Nepal,South Asia,NE.EXP.GNFS.ZS,Exports of Goods and Services % of GDP,Exports % GDP,Trade,Percentage,2007,12.8556648764061,14.278311648311274,Historical Prediction,Linear Regression,1.5485204340462937,2.0816907959372566,0.8091382270672223
NPL,Nepal,South Asia,NE.EXP.GNFS.ZS,Exports of Goods and Services % of GDP,Exports % GDP,Trade,Percentage,2008,12.7758202580003,13.683928575130494,Historical Prediction,Linear Regression,1.5485204340462937,2.0816907959372566,0.8091382270672223
NPL,Nepal,South Asia,NE.EXP.GNFS.ZS,Exports of Goods and Services % of GDP,Exports % GDP,Trade,Percentage,2009,12.4193541858921,13.089545501949715,Historical Prediction,Linear Regression,1.5485204340462937,2.0816907959372566,0.8091382270672223
NPL,Nepal,South Asia,NE.EXP.GNFS.ZS,Exports of Goods and Services % of GDP,Exports % GDP,Trade,Percentage,2010,9.58253617198229,12.495162428768936,Historical Prediction,Linear Regression,1.5485204340462937,2.0816907959372566,0.8091382270672223
NPL,Nepal,South Asia,NE.EXP.GNFS.ZS,Exports of Goods and Services % of GDP,Exports % GDP,Trade,Percentage,2011,7.80613567987597,11.900779355588156,Historical Prediction,Linear Regression,1.5485204340462937,2.0816907959372566,0.8091382270672223
NPL,Nepal,South Asia,NE.EXP.GNFS.ZS,Exports of Goods and Services % of GDP,Exports % GDP,Trade,Percentage,2012,8.75029128721577,11.306396282407377,Historical Prediction,Linear Regression,1.5485204340462937,2.0816907959372566,0.8091382270672223
NPL,Nepal,South Asia,NE.EXP.GNFS.ZS,Exports of Goods and Services % of GDP,Exports % GDP,Trade,Percentage,2013,9.2946586776145,10.712013209226825,Historical Prediction,Linear Regression,1.5485204340462937,2.0816907959372566,0.8091382270672223
NPL,Nepal,South Asia,NE.EXP.GNFS.ZS,Exports of Goods and Services % of GDP,Exports % GDP,Trade,Percentage,2014,10.124042118155,10.117630136046046,Historical Prediction,Linear Regression,1.5485204340462937,2.0816907959372566,0.8091382270672223
NPL,Nepal,South Asia,NE.EXP.GNFS.ZS,Exports of Goods and Services % of GDP,Exports % GDP,Trade,Percentage,2015,10.2145885930146,9.523247062865266,Historical Prediction,Linear Regression,1.5485204340462937,2.0816907959372566,0.8091382270672223
NPL,Nepal,South Asia,NE.EXP.GNFS.ZS,Exports of Goods and Services % of GDP,Exports % GDP,Trade,Percentage,2016,8.1795780409177,8.928863989684487,Historical Prediction,Linear Regression,1.5485204340462937,2.0816907959372566,0.8091382270672223
NPL,Nepal,South Asia,NE.EXP.GNFS.ZS,Exports of Goods and Services % of GDP,Exports % GDP,Trade,Percentage,2017,7.81218865494721,8.334480916503708,Historical Prediction,Linear Regression,1.5485204340462937,2.0816907959372566,0.8091382270672223
NPL,Nepal,South Asia,NE.EXP.GNFS.ZS,Exports of Goods and Services % of GDP,Exports % GDP,Trade,Percentage,2018,7.81564102178754,7.740097843323156,Historical Prediction,Linear Regression,1.5485204340462937,2.0816907959372566,0.8091382270672223
NPL,Nepal,South Asia,NE.EXP.GNFS.ZS,Exports of Goods and Services % of GDP,Exports % GDP,Trade,Percentage,2019,7.7799364745157,7.145714770142376,Historical Prediction,Linear Regression,1.5485204340462937,2.0816907959372566,0.8091382270672223
NPL,Nepal,South Asia,NE.EXP.GNFS.ZS,Exports of Goods and Services % of GDP,Exports % GDP,Trade,Percentage,2020,6.80529835464112,6.551331696961597,Historical Prediction,Linear Regression,1.5485204340462937,2.0816907959372566,0.8091382270672223
NPL,Nepal,South Asia,NE.EXP.GNFS.ZS,Exports of Goods and Services % of GDP,Exports % GDP,Trade,Percentage,2021,5.11917148492798,5.956948623780818,Historical Prediction,Linear Regression,1.5485204340462937,2.0816907959372566,0.8091382270672223
NPL,Nepal,South Asia,NE.EXP.GNFS.ZS,Exports of Goods and Services % of GDP,Exports % GDP,Trade,Percentage,2022,6.70239086589236,5.3625655506000385,Historical Prediction,Linear Regression,1.5485204340462937,2.0816907959372566,0.8091382270672223
NPL,Nepal,South Asia,NE.EXP.GNFS.ZS,Exports of Goods and Services % of GDP,Exports % GDP,Trade,Percentage,2023,7.00596728087278,4.768182477419259,Historical Prediction,Linear Regression,1.5485204340462937,2.0816907959372566,0.8091382270672223
NPL,Nepal,South Asia,NE.EXP.GNFS.ZS,Exports of Goods and Services % of GDP,Exports % GDP,Trade,Percentage,2024,7.62189857137715,4.173799404238707,Historical Prediction,Linear Regression,1.5485204340462937,2.0816907959372566,0.8091382270672223
NPL,Nepal,South Asia,NE.EXP.GNFS.ZS,Exports of Goods and Services % of GDP,Exports % GDP,Trade,Percentage,2025,,3.579416331057928,Future Forecast,Linear Regression,1.5485204340462937,2.0816907959372566,0.8091382270672223
NPL,Nepal,South Asia,NE.EXP.GNFS.ZS,Exports of Goods and Services % of GDP,Exports % GDP,Trade,Percentage,2026,,2.9850332578771486,Future Forecast,Linear Regression,1.5485204340462937,2.0816907959372566,0.8091382270672223
NPL,Nepal,South Asia,NE.EXP.GNFS.ZS,Exports of Goods and Services % of GDP,Exports % GDP,Trade,Percentage,2027,,2.3906501846963693,Future Forecast,Linear Regression,1.5485204340462937,2.0816907959372566,0.8091382270672223
NPL,Nepal,South Asia,NE.EXP.GNFS.ZS,Exports of Goods and Services % of GDP,Exports % GDP,Trade,Percentage,2028,,1.79626711151559,Future Forecast,Linear Regression,1.5485204340462937,2.0816907959372566,0.8091382270672223
NPL,Nepal,South Asia,NE.EXP.GNFS.ZS,Exports of Goods and Services % of GDP,Exports % GDP,Trade,Percentage,2029,,1.201884038335038,Future Forecast,Linear Regression,1.5485204340462937,2.0816907959372566,0.8091382270672223
NPL,Nepal,South Asia,NV.AGR.TOTL.ZS,Agriculture Value Added % of GDP,Agriculture % GDP,Agriculture,Percentage,2000,38.2438970402226,37.432491797640296,Historical Prediction,Linear Regression,0.8992726854564733,1.1788679946034217,0.9523756100075522
NPL,Nepal,South Asia,NV.AGR.TOTL.ZS,Agriculture Value Added % of GDP,Agriculture % GDP,Agriculture,Percentage,2001,35.247670013162,36.70143196166282,Historical Prediction,Linear Regression,0.8992726854564733,1.1788679946034217,0.9523756100075522
NPL,Nepal,South Asia,NV.AGR.TOTL.ZS,Agriculture Value Added % of GDP,Agriculture % GDP,Agriculture,Percentage,2002,36.1502950311573,35.970372125685344,Historical Prediction,Linear Regression,0.8992726854564733,1.1788679946034217,0.9523756100075522
NPL,Nepal,South Asia,NV.AGR.TOTL.ZS,Agriculture Value Added % of GDP,Agriculture % GDP,Agriculture,Percentage,2003,35.1058750871034,35.23931228970787,Historical Prediction,Linear Regression,0.8992726854564733,1.1788679946034217,0.9523756100075522
NPL,Nepal,South Asia,NV.AGR.TOTL.ZS,Agriculture Value Added % of GDP,Agriculture % GDP,Agriculture,Percentage,2004,34.6763571054627,34.508252453730165,Historical Prediction,Linear Regression,0.8992726854564733,1.1788679946034217,0.9523756100075522
NPL,Nepal,South Asia,NV.AGR.TOTL.ZS,Agriculture Value Added % of GDP,Agriculture % GDP,Agriculture,Percentage,2005,33.824896676688,33.77719261775269,Historical Prediction,Linear Regression,0.8992726854564733,1.1788679946034217,0.9523756100075522
NPL,Nepal,South Asia,NV.AGR.TOTL.ZS,Agriculture Value Added % of GDP,Agriculture % GDP,Agriculture,Percentage,2006,32.3664850386189,33.04613278177521,Historical Prediction,Linear Regression,0.8992726854564733,1.1788679946034217,0.9523756100075522
NPL,Nepal,South Asia,NV.AGR.TOTL.ZS,Agriculture Value Added % of GDP,Agriculture % GDP,Agriculture,Percentage,2007,31.1644113230204,32.31507294579774,Historical Prediction,Linear Regression,0.8992726854564733,1.1788679946034217,0.9523756100075522
NPL,Nepal,South Asia,NV.AGR.TOTL.ZS,Agriculture Value Added % of GDP,Agriculture % GDP,Agriculture,Percentage,2008,30.3057163664183,31.584013109820262,Historical Prediction,Linear Regression,0.8992726854564733,1.1788679946034217,0.9523756100075522
NPL,Nepal,South Asia,NV.AGR.TOTL.ZS,Agriculture Value Added % of GDP,Agriculture % GDP,Agriculture,Percentage,2009,31.3226520633995,30.85295327384256,Historical Prediction,Linear Regression,0.8992726854564733,1.1788679946034217,0.9523756100075522
NPL,Nepal,South Asia,NV.AGR.TOTL.ZS,Agriculture Value Added % of GDP,Agriculture % GDP,Agriculture,Percentage,2010,33.1793784908122,30.121893437865083,Historical Prediction,Linear Regression,0.8992726854564733,1.1788679946034217,0.9523756100075522
NPL,Nepal,South Asia,NV.AGR.TOTL.ZS,Agriculture Value Added % of GDP,Agriculture % GDP,Agriculture,Percentage,2011,30.8054854756814,29.390833601887607,Historical Prediction,Linear Regression,0.8992726854564733,1.1788679946034217,0.9523756100075522
NPL,Nepal,South Asia,NV.AGR.TOTL.ZS,Agriculture Value Added % of GDP,Agriculture % GDP,Agriculture,Percentage,2012,30.0760569579428,28.65977376591013,Historical Prediction,Linear Regression,0.8992726854564733,1.1788679946034217,0.9523756100075522
NPL,Nepal,South Asia,NV.AGR.TOTL.ZS,Agriculture Value Added % of GDP,Agriculture % GDP,Agriculture,Percentage,2013,28.6226575264719,27.928713929932655,Historical Prediction,Linear Regression,0.8992726854564733,1.1788679946034217,0.9523756100075522
NPL,Nepal,South Asia,NV.AGR.TOTL.ZS,Agriculture Value Added % of GDP,Agriculture % GDP,Agriculture,Percentage,2014,27.4618953620622,27.197654093954952,Historical Prediction,Linear Regression,0.8992726854564733,1.1788679946034217,0.9523756100075522
NPL,Nepal,South Asia,NV.AGR.TOTL.ZS,Agriculture Value Added % of GDP,Agriculture % GDP,Agriculture,Percentage,2015,26.5185084313373,26.466594257977476,Historical Prediction,Linear Regression,0.8992726854564733,1.1788679946034217,0.9523756100075522
NPL,Nepal,South Asia,NV.AGR.TOTL.ZS,Agriculture Value Added % of GDP,Agriculture % GDP,Agriculture,Percentage,2016,25.5178753710017,25.735534422,Historical Prediction,Linear Regression,0.8992726854564733,1.1788679946034217,0.9523756100075522
NPL,Nepal,South Asia,NV.AGR.TOTL.ZS,Agriculture Value Added % of GDP,Agriculture % GDP,Agriculture,Percentage,2017,23.6995484576769,25.004474586022525,Historical Prediction,Linear Regression,0.8992726854564733,1.1788679946034217,0.9523756100075522
NPL,Nepal,South Asia,NV.AGR.TOTL.ZS,Agriculture Value Added % of GDP,Agriculture % GDP,Agriculture,Percentage,2018,22.334672050342,24.27341475004505,Historical Prediction,Linear Regression,0.8992726854564733,1.1788679946034217,0.9523756100075522
NPL,Nepal,South Asia,NV.AGR.TOTL.ZS,Agriculture Value Added % of GDP,Agriculture % GDP,Agriculture,Percentage,2019,21.5833727595669,23.542354914067346,Historical Prediction,Linear Regression,0.8992726854564733,1.1788679946034217,0.9523756100075522
NPL,Nepal,South Asia,NV.AGR.TOTL.ZS,Agriculture Value Added % of GDP,Agriculture % GDP,Agriculture,Percentage,2020,22.1800901918015,22.81129507808987,Historical Prediction,Linear Regression,0.8992726854564733,1.1788679946034217,0.9523756100075522
NPL,Nepal,South Asia,NV.AGR.TOTL.ZS,Agriculture Value Added % of GDP,Agriculture % GDP,Agriculture,Percentage,2021,22.0214522788058,22.080235242112394,Historical Prediction,Linear Regression,0.8992726854564733,1.1788679946034217,0.9523756100075522
NPL,Nepal,South Asia,NV.AGR.TOTL.ZS,Agriculture Value Added % of GDP,Agriculture % GDP,Agriculture,Percentage,2022,20.9143699815129,21.34917540613492,Historical Prediction,Linear Regression,0.8992726854564733,1.1788679946034217,0.9523756100075522
NPL,Nepal,South Asia,NV.AGR.TOTL.ZS,Agriculture Value Added % of GDP,Agriculture % GDP,Agriculture,Percentage,2023,21.2987131119409,20.618115570157443,Historical Prediction,Linear Regression,0.8992726854564733,1.1788679946034217,0.9523756100075522
NPL,Nepal,South Asia,NV.AGR.TOTL.ZS,Agriculture Value Added % of GDP,Agriculture % GDP,Agriculture,Percentage,2024,21.8720119555441,19.887055734179967,Historical Prediction,Linear Regression,0.8992726854564733,1.1788679946034217,0.9523756100075522
NPL,Nepal,South Asia,NV.AGR.TOTL.ZS,Agriculture Value Added % of GDP,Agriculture % GDP,Agriculture,Percentage,2025,,19.155995898202264,Future Forecast,Linear Regression,0.8992726854564733,1.1788679946034217,0.9523756100075522
NPL,Nepal,South Asia,NV.AGR.TOTL.ZS,Agriculture Value Added % of GDP,Agriculture % GDP,Agriculture,Percentage,2026,,18.424936062224788,Future Forecast,Linear Regression,0.8992726854564733,1.1788679946034217,0.9523756100075522
NPL,Nepal,South Asia,NV.AGR.TOTL.ZS,Agriculture Value Added % of GDP,Agriculture % GDP,Agriculture,Percentage,2027,,17.693876226247312,Future Forecast,Linear Regression,0.8992726854564733,1.1788679946034217,0.9523756100075522
NPL,Nepal,South Asia,NV.AGR.TOTL.ZS,Agriculture Value Added % of GDP,Agriculture % GDP,Agriculture,Percentage,2028,,16.962816390269836,Future Forecast,Linear Regression,0.8992726854564733,1.1788679946034217,0.9523756100075522
NPL,Nepal,South Asia,NV.AGR.TOTL.ZS,Agriculture Value Added % of GDP,Agriculture % GDP,Agriculture,Percentage,2029,,16.23175655429236,Future Forecast,Linear Regression,0.8992726854564733,1.1788679946034217,0.9523756100075522
NPL,Nepal,South Asia,NY.GDP.MKTP.CD,GDP Current US$,GDP,Economy,US Dollars,2000,5494252207.90502,968349621.0297852,Historical Prediction,Linear Regression,1797910361.4557614,2085076527.9077382,0.9713048661644436
NPL,Nepal,South Asia,NY.GDP.MKTP.CD,GDP Current US$,GDP,Economy,US Dollars,2001,6007055042.17687,2650612967.3720703,Historical Prediction,Linear Regression,1797910361.4557614,2085076527.9077382,0.9713048661644436
NPL,Nepal,South Asia,NY.GDP.MKTP.CD,GDP Current US$,GDP,Economy,US Dollars,2002,6050875806.66403,4332876313.714844,Historical Prediction,Linear Regression,1797910361.4557614,2085076527.9077382,0.9713048661644436
NPL,Nepal,South Asia,NY.GDP.MKTP.CD,GDP Current US$,GDP,Economy,US Dollars,2003,6330473096.54071,6015139660.057129,Historical Prediction,Linear Regression,1797910361.4557614,2085076527.9077382,0.9713048661644436
NPL,Nepal,South Asia,NY.GDP.MKTP.CD,GDP Current US$,GDP,Economy,US Dollars,2004,7273938314.71988,7697403006.399902,Historical Prediction,Linear Regression,1797910361.4557614,2085076527.9077382,0.9713048661644436
NPL,Nepal,South Asia,NY.GDP.MKTP.CD,GDP Current US$,GDP,Economy,US Dollars,2005,8130258377.90964,9379666352.742188,Historical Prediction,Linear Regression,1797910361.4557614,2085076527.9077382,0.9713048661644436
NPL,Nepal,South Asia,NY.GDP.MKTP.CD,GDP Current US$,GDP,Economy,US Dollars,2006,9043715355.8881,11061929699.08496,Historical Prediction,Linear Regression,1797910361.4557614,2085076527.9077382,0.9713048661644436
NPL,Nepal,South Asia,NY.GDP.MKTP.CD,GDP Current US$,GDP,Economy,US Dollars,2007,10325618017.379,12744193045.427246,Historical Prediction,Linear Regression,1797910361.4557614,2085076527.9077382,0.9713048661644436
NPL,Nepal,South Asia,NY.GDP.MKTP.CD,GDP Current US$,GDP,Economy,US Dollars,2008,12545438605.3959,14426456391.77002,Historical Prediction,Linear Regression,1797910361.4557614,2085076527.9077382,0.9713048661644436
NPL,Nepal,South Asia,NY.GDP.MKTP.CD,GDP Current US$,GDP,Economy,US Dollars,2009,12854985464.0764,16108719738.112305,Historical Prediction,Linear Regression,1797910361.4557614,2085076527.9077382,0.9713048661644436
NPL,Nepal,South Asia,NY.GDP.MKTP.CD,GDP Current US$,GDP,Economy,US Dollars,2010,16002656434.4746,17790983084.45508,Historical Prediction,Linear Regression,1797910361.4557614,2085076527.9077382,0.9713048661644436
NPL,Nepal,South Asia,NY.GDP.MKTP.CD,GDP Current US$,GDP,Economy,US Dollars,2011,21573872420.7008,19473246430.797363,Historical Prediction,Linear Regression,1797910361.4557614,2085076527.9077382,0.9713048661644436
NPL,Nepal,South Asia,NY.GDP.MKTP.CD,GDP Current US$,GDP,Economy,US Dollars,2012,21703100877.1309,21155509777.13965,Historical Prediction,Linear Regression,1797910361.4557614,2085076527.9077382,0.9713048661644436
NPL,Nepal,South Asia,NY.GDP.MKTP.CD,GDP Current US$,GDP,Economy,US Dollars,2013,22162204924.5726,22837773123.48242,Historical Prediction,Linear Regression,1797910361.4557614,2085076527.9077382,0.9713048661644436
NPL,Nepal,South Asia,NY.GDP.MKTP.CD,GDP Current US$,GDP,Economy,US Dollars,2014,22731612922.1906,24520036469.824707,Historical Prediction,Linear Regression,1797910361.4557614,2085076527.9077382,0.9713048661644436
NPL,Nepal,South Asia,NY.GDP.MKTP.CD,GDP Current US$,GDP,Economy,US Dollars,2015,24360801286.7638,26202299816.16748,Historical Prediction,Linear Regression,1797910361.4557614,2085076527.9077382,0.9713048661644436
NPL,Nepal,South Asia,NY.GDP.MKTP.CD,GDP Current US$,GDP,Economy,US Dollars,2016,24524109483.5293,27884563162.509766,Historical Prediction,Linear Regression,1797910361.4557614,2085076527.9077382,0.9713048661644436
NPL,Nepal,South Asia,NY.GDP.MKTP.CD,GDP Current US$,GDP,Economy,US Dollars,2017,28971588940.364,29566826508.85254,Historical Prediction,Linear Regression,1797910361.4557614,2085076527.9077382,0.9713048661644436
NPL,Nepal,South Asia,NY.GDP.MKTP.CD,GDP Current US$,GDP,Economy,US Dollars,2018,33111525237.149,31249089855.194824,Historical Prediction,Linear Regression,1797910361.4557614,2085076527.9077382,0.9713048661644436
NPL,Nepal,South Asia,NY.GDP.MKTP.CD,GDP Current US$,GDP,Economy,US Dollars,2019,34186180699.0255,32931353201.537598,Historical Prediction,Linear Regression,1797910361.4557614,2085076527.9077382,0.9713048661644436
NPL,Nepal,South Asia,NY.GDP.MKTP.CD,GDP Current US$,GDP,Economy,US Dollars,2020,33433659301.2466,34613616547.87988,Historical Prediction,Linear Regression,1797910361.4557614,2085076527.9077382,0.9713048661644436
NPL,Nepal,South Asia,NY.GDP.MKTP.CD,GDP Current US$,GDP,Economy,US Dollars,2021,36924841394.2605,36295879894.22266,Historical Prediction,Linear Regression,1797910361.4557614,2085076527.9077382,0.9713048661644436
NPL,Nepal,South Asia,NY.GDP.MKTP.CD,GDP Current US$,GDP,Economy,US Dollars,2022,41182939600.6209,37978143240.56494,Historical Prediction,Linear Regression,1797910361.4557614,2085076527.9077382,0.9713048661644436
NPL,Nepal,South Asia,NY.GDP.MKTP.CD,GDP Current US$,GDP,Economy,US Dollars,2023,41047772331.0994,39660406586.907715,Historical Prediction,Linear Regression,1797910361.4557614,2085076527.9077382,0.9713048661644436
NPL,Nepal,South Asia,NY.GDP.MKTP.CD,GDP Current US$,GDP,Economy,US Dollars,2024,42914268286.7109,41342669933.25,Historical Prediction,Linear Regression,1797910361.4557614,2085076527.9077382,0.9713048661644436
NPL,Nepal,South Asia,NY.GDP.MKTP.CD,GDP Current US$,GDP,Economy,US Dollars,2025,,43024933279.59277,Future Forecast,Linear Regression,1797910361.4557614,2085076527.9077382,0.9713048661644436
NPL,Nepal,South Asia,NY.GDP.MKTP.CD,GDP Current US$,GDP,Economy,US Dollars,2026,,44707196625.93506,Future Forecast,Linear Regression,1797910361.4557614,2085076527.9077382,0.9713048661644436
NPL,Nepal,South Asia,NY.GDP.MKTP.CD,GDP Current US$,GDP,Economy,US Dollars,2027,,46389459972.27783,Future Forecast,Linear Regression,1797910361.4557614,2085076527.9077382,0.9713048661644436
NPL,Nepal,South Asia,NY.GDP.MKTP.CD,GDP Current US$,GDP,Economy,US Dollars,2028,,48071723318.62012,Future Forecast,Linear Regression,1797910361.4557614,2085076527.9077382,0.9713048661644436
NPL,Nepal,South Asia,NY.GDP.MKTP.CD,GDP Current US$,GDP,Economy,US Dollars,2029,,49753986664.96289,Future Forecast,Linear Regression,1797910361.4557614,2085076527.9077382,0.9713048661644436
NPL,Nepal,South Asia,NY.GDP.PCAP.CD,GDP Per Capita Current US$,GDP per Capita,Economy,US Dollars,2000,223.830289183078,80.54532372880203,Historical Prediction,Linear Regression,55.7689822296264,67.0941585726832,0.9730252031646154
NPL,Nepal,South Asia,NY.GDP.PCAP.CD,GDP Per Capita Current US$,GDP per Capita,Economy,US Dollars,2001,240.795114544664,136.42655832097807,Historical Prediction,Linear Regression,55.7689822296264,67.0941585726832,0.9730252031646154
NPL,Nepal,South Asia,NY.GDP.PCAP.CD,GDP Per Capita Current US$,GDP per Capita,Economy,US Dollars,2002,238.89140296106,192.30779291315412,Historical Prediction,Linear Regression,55.7689822296264,67.0941585726832,0.9730252031646154
NPL,Nepal,South Asia,NY.GDP.PCAP.CD,GDP Per Capita Current US$,GDP per Capita,Economy,US Dollars,2003,246.429706587633,248.18902750533016,Historical Prediction,Linear Regression,55.7689822296264,67.0941585726832,0.9730252031646154
NPL,Nepal,South Asia,NY.GDP.PCAP.CD,GDP Per Capita Current US$,GDP per Capita,Economy,US Dollars,2004,279.587750044428,304.0702620975062,Historical Prediction,Linear Regression,55.7689822296264,67.0941585726832,0.9730252031646154
NPL,Nepal,South Asia,NY.GDP.PCAP.CD,GDP Per Capita Current US$,GDP per Capita,Economy,US Dollars,2005,309.024168339372,359.9514966896968,Historical Prediction,Linear Regression,55.7689822296264,67.0941585726832,0.9730252031646154
NPL,Nepal,South Asia,NY.GDP.PCAP.CD,GDP Per Capita Current US$,GDP per Capita,Economy,US Dollars,2006,340.431796437968,415.83273128187284,Historical Prediction,Linear Regression,55.7689822296264,67.0941585726832,0.9730252031646154
NPL,Nepal,South Asia,NY.GDP.PCAP.CD,GDP Per Capita Current US$,GDP per Capita,Economy,US Dollars,2007,385.449767660642,471.7139658740489,Historical Prediction,Linear Regression,55.7689822296264,67.0941585726832,0.9730252031646154
NPL,Nepal,South Asia,NY.GDP.PCAP.CD,GDP Per Capita Current US$,GDP per Capita,Economy,US Dollars,2008,464.817391891529,527.5952004662249,Historical Prediction,Linear Regression,55.7689822296264,67.0941585726832,0.9730252031646154
NPL,Nepal,South Asia,NY.GDP.PCAP.CD,GDP Per Capita Current US$,GDP per Capita,Economy,US Dollars,2009,473.078751198621,583.476435058401,Historical Prediction,Linear Regression,55.7689822296264,67.0941585726832,0.9730252031646154
NPL,Nepal,South Asia,NY.GDP.PCAP.CD,GDP Per Capita Current US$,GDP per Capita,Economy,US Dollars,2010,585.278491984574,639.357669650577,Historical Prediction,Linear Regression,55.7689822296264,67.0941585726832,0.9730252031646154
NPL,Nepal,South Asia,NY.GDP.PCAP.CD,GDP Per Capita Current US$,GDP per Capita,Economy,US Dollars,2011,785.518656222132,695.238904242753,Historical Prediction,Linear Regression,55.7689822296264,67.0941585726832,0.9730252031646154
NPL,Nepal,South Asia,NY.GDP.PCAP.CD,GDP Per Capita Current US$,GDP per Capita,Economy,US Dollars,2012,788.202937148377,751.1201388349291,Historical Prediction,Linear Regression,55.7689822296264,67.0941585726832,0.9730252031646154
NPL,Nepal,South Asia,NY.GDP.PCAP.CD,GDP Per Capita Current US$,GDP per Capita,Economy,US Dollars,2013,803.269595420477,807.0013734271051,Historical Prediction,Linear Regression,55.7689822296264,67.0941585726832,0.9730252031646154
NPL,Nepal,South Asia,NY.GDP.PCAP.CD,GDP Per Capita Current US$,GDP per Capita,Economy,US Dollars,2014,821.455224911731,862.8826080192812,Historical Prediction,Linear Regression,55.7689822296264,67.0941585726832,0.9730252031646154
NPL,Nepal,South Asia,NY.GDP.PCAP.CD,GDP Per Capita Current US$,GDP per Capita,Economy,US Dollars,2015,875.543635474862,918.7638426114572,Historical Prediction,Linear Regression,55.7689822296264,67.0941585726832,0.9730252031646154
NPL,Nepal,South Asia,NY.GDP.PCAP.CD,GDP Per Capita Current US$,GDP per Capita,Economy,US Dollars,2016,877.256454696737,974.6450772036333,Historical Prediction,Linear Regression,55.7689822296264,67.0941585726832,0.9730252031646154
NPL,Nepal,South Asia,NY.GDP.PCAP.CD,GDP Per Capita Current US$,GDP per Capita,Economy,US Dollars,2017,1034.28374906846,1030.5263117958093,Historical Prediction,Linear Regression,55.7689822296264,67.0941585726832,0.9730252031646154
NPL,Nepal,South Asia,NY.GDP.PCAP.CD,GDP Per Capita Current US$,GDP per Capita,Economy,US Dollars,2018,1179.19843190389,1086.407546388,Historical Prediction,Linear Regression,55.7689822296264,67.0941585726832,0.9730252031646154
NPL,Nepal,South Asia,NY.GDP.PCAP.CD,GDP Per Capita Current US$,GDP per Capita,Economy,US Dollars,2019,1203.14294706401,1142.288780980176,Historical Prediction,Linear Regression,55.7689822296264,67.0941585726832,0.9730252031646154
NPL,Nepal,South Asia,NY.GDP.PCAP.CD,GDP Per Capita Current US$,GDP per Capita,Economy,US Dollars,2020,1154.21517578318,1198.170015572352,Historical Prediction,Linear Regression,55.7689822296264,67.0941585726832,0.9730252031646154
NPL,Nepal,South Asia,NY.GDP.PCAP.CD,GDP Per Capita Current US$,GDP per Capita,Economy,US Dollars,2021,1252.75076731986,1254.051250164528,Historical Prediction,Linear Regression,55.7689822296264,67.0941585726832,0.9730252031646154
NPL,Nepal,South Asia,NY.GDP.PCAP.CD,GDP Per Capita Current US$,GDP per Capita,Economy,US Dollars,2022,1385.91066274851,1309.932484756704,Historical Prediction,Linear Regression,55.7689822296264,67.0941585726832,0.9730252031646154
NPL,Nepal,South Asia,NY.GDP.PCAP.CD,GDP Per Capita Current US$,GDP per Capita,Economy,US Dollars,2023,1382.33055769304,1365.81371934888,Historical Prediction,Linear Regression,55.7689822296264,67.0941585726832,0.9730252031646154
NPL,Nepal,South Asia,NY.GDP.PCAP.CD,GDP Per Capita Current US$,GDP per Capita,Economy,US Dollars,2024,1447.31004458428,1421.6949539410562,Historical Prediction,Linear Regression,55.7689822296264,67.0941585726832,0.9730252031646154
NPL,Nepal,South Asia,NY.GDP.PCAP.CD,GDP Per Capita Current US$,GDP per Capita,Economy,US Dollars,2025,,1477.5761885332322,Future Forecast,Linear Regression,55.7689822296264,67.0941585726832,0.9730252031646154
NPL,Nepal,South Asia,NY.GDP.PCAP.CD,GDP Per Capita Current US$,GDP per Capita,Economy,US Dollars,2026,,1533.4574231254082,Future Forecast,Linear Regression,55.7689822296264,67.0941585726832,0.9730252031646154
NPL,Nepal,South Asia,NY.GDP.PCAP.CD,GDP Per Capita Current US$,GDP per Capita,Economy,US Dollars,2027,,1589.3386577175843,Future Forecast,Linear Regression,55.7689822296264,67.0941585726832,0.9730252031646154
NPL,Nepal,South Asia,NY.GDP.PCAP.CD,GDP Per Capita Current US$,GDP per Capita,Economy,US Dollars,2028,,1645.2198923097603,Future Forecast,Linear Regression,55.7689822296264,67.0941585726832,0.9730252031646154
NPL,Nepal,South Asia,NY.GDP.PCAP.CD,GDP Per Capita Current US$,GDP per Capita,Economy,US Dollars,2029,,1701.1011269019364,Future Forecast,Linear Regression,55.7689822296264,67.0941585726832,0.9730252031646154
NPL,Nepal,South Asia,SL.UEM.TOTL.ZS,Unemployment Total %,Unemployment,Labor,Percentage,2000,10.531,10.455415384615385,Historical Prediction,Linear Regression,0.29859956923076836,0.5385321161196494,0.10386915874187508
NPL,Nepal,South Asia,SL.UEM.TOTL.ZS,Unemployment Total %,Unemployment,Labor,Percentage,2001,10.502,10.480840769230767,Historical Prediction,Linear Regression,0.29859956923076836,0.5385321161196494,0.10386915874187508
NPL,Nepal,South Asia,SL.UEM.TOTL.ZS,Unemployment Total %,Unemployment,Labor,Percentage,2002,10.593,10.506266153846148,Historical Prediction,Linear Regression,0.29859956923076836,0.5385321161196494,0.10386915874187508
NPL,Nepal,South Asia,SL.UEM.TOTL.ZS,Unemployment Total %,Unemployment,Labor,Percentage,2003,10.644,10.531691538461537,Historical Prediction,Linear Regression,0.29859956923076836,0.5385321161196494,0.10386915874187508
NPL,Nepal,South Asia,SL.UEM.TOTL.ZS,Unemployment Total %,Unemployment,Labor,Percentage,2004,10.652,10.557116923076919,Historical Prediction,Linear Regression,0.29859956923076836,0.5385321161196494,0.10386915874187508
NPL,Nepal,South Asia,SL.UEM.TOTL.ZS,Unemployment Total %,Unemployment,Labor,Percentage,2005,10.59,10.582542307692307,Historical Prediction,Linear Regression,0.29859956923076836,0.5385321161196494,0.10386915874187508
NPL,Nepal,South Asia,SL.UEM.TOTL.ZS,Unemployment Total %,Unemployment,Labor,Percentage,2006,10.609,10.607967692307689,Historical Prediction,Linear Regression,0.29859956923076836,0.5385321161196494,0.10386915874187508
NPL,Nepal,South Asia,SL.UEM.TOTL.ZS,Unemployment Total %,Unemployment,Labor,Percentage,2007,10.642,10.633393076923078,Historical Prediction,Linear Regression,0.29859956923076836,0.5385321161196494,0.10386915874187508
NPL,Nepal,South Asia,SL.UEM.TOTL.ZS,Unemployment Total %,Unemployment,Labor,Percentage,2008,10.597,10.65881846153846,Historical Prediction,Linear Regression,0.29859956923076836,0.5385321161196494,0.10386915874187508
NPL,Nepal,South Asia,SL.UEM.TOTL.ZS,Unemployment Total %,Unemployment,Labor,Percentage,2009,10.582,10.68424384615384,Historical Prediction,Linear Regression,0.29859956923076836,0.5385321161196494,0.10386915874187508
NPL,Nepal,South Asia,SL.UEM.TOTL.ZS,Unemployment Total %,Unemployment,Labor,Percentage,2010,10.563,10.70966923076923,Historical Prediction,Linear Regression,0.29859956923076836,0.5385321161196494,0.10386915874187508
NPL,Nepal,South Asia,SL.UEM.TOTL.ZS,Unemployment Total %,Unemployment,Labor,Percentage,2011,10.627,10.735094615384611,Historical Prediction,Linear Regression,0.29859956923076836,0.5385321161196494,0.10386915874187508
NPL,Nepal,South Asia,SL.UEM.TOTL.ZS,Unemployment Total %,Unemployment,Labor,Percentage,2012,10.632,10.76052,Historical Prediction,Linear Regression,0.29859956923076836,0.5385321161196494,0.10386915874187508
NPL,Nepal,South Asia,SL.UEM.TOTL.ZS,Unemployment Total %,Unemployment,Labor,Percentage,2013,10.666,10.785945384615381,Historical Prediction,Linear Regression,0.29859956923076836,0.5385321161196494,0.10386915874187508
NPL,Nepal,South Asia,SL.UEM.TOTL.ZS,Unemployment Total %,Unemployment,Labor,Percentage,2014,10.62,10.81137076923077,Historical Prediction,Linear Regression,0.29859956923076836,0.5385321161196494,0.10386915874187508
NPL,Nepal,South Asia,SL.UEM.TOTL.ZS,Unemployment Total %,Unemployment,Labor,Percentage,2015,10.643,10.836796153846151,Historical Prediction,Linear Regression,0.29859956923076836,0.5385321161196494,0.10386915874187508
NPL,Nepal,South Asia,SL.UEM.TOTL.ZS,Unemployment Total %,Unemployment,Labor,Percentage,2016,10.714,10.862221538461533,Historical Prediction,Linear Regression,0.29859956923076836,0.5385321161196494,0.10386915874187508
NPL,Nepal,South Asia,SL.UEM.TOTL.ZS,Unemployment Total %,Unemployment,Labor,Percentage,2017,10.66,10.887646923076922,Historical Prediction,Linear Regression,0.29859956923076836,0.5385321161196494,0.10386915874187508
NPL,Nepal,South Asia,SL.UEM.TOTL.ZS,Unemployment Total %,Unemployment,Labor,Percentage,2018,10.593,10.913072307692303,Historical Prediction,Linear Regression,0.29859956923076836,0.5385321161196494,0.10386915874187508
NPL,Nepal,South Asia,SL.UEM.TOTL.ZS,Unemployment Total %,Unemployment,Labor,Percentage,2019,10.477,10.938497692307692,Historical Prediction,Linear Regression,0.29859956923076836,0.5385321161196494,0.10386915874187508
NPL,Nepal,South Asia,SL.UEM.TOTL.ZS,Unemployment Total %,Unemployment,Labor,Percentage,2020,13.037,10.963923076923074,Historical Prediction,Linear Regression,0.29859956923076836,0.5385321161196494,0.10386915874187508
NPL,Nepal,South Asia,SL.UEM.TOTL.ZS,Unemployment Total %,Unemployment,Labor,Percentage,2021,12.241,10.989348461538462,Historical Prediction,Linear Regression,0.29859956923076836,0.5385321161196494,0.10386915874187508
NPL,Nepal,South Asia,SL.UEM.TOTL.ZS,Unemployment Total %,Unemployment,Labor,Percentage,2022,10.661,11.014773846153844,Historical Prediction,Linear Regression,0.29859956923076836,0.5385321161196494,0.10386915874187508
NPL,Nepal,South Asia,SL.UEM.TOTL.ZS,Unemployment Total %,Unemployment,Labor,Percentage,2023,10.437,11.040199230769225,Historical Prediction,Linear Regression,0.29859956923076836,0.5385321161196494,0.10386915874187508
NPL,Nepal,South Asia,SL.UEM.TOTL.ZS,Unemployment Total %,Unemployment,Labor,Percentage,2024,10.5,11.065624615384614,Historical Prediction,Linear Regression,0.29859956923076836,0.5385321161196494,0.10386915874187508
NPL,Nepal,South Asia,SL.UEM.TOTL.ZS,Unemployment Total %,Unemployment,Labor,Percentage,2025,,11.091049999999996,Future Forecast,Linear Regression,0.29859956923076836,0.5385321161196494,0.10386915874187508
NPL,Nepal,South Asia,SL.UEM.TOTL.ZS,Unemployment Total %,Unemployment,Labor,Percentage,2026,,11.116475384615384,Future Forecast,Linear Regression,0.29859956923076836,0.5385321161196494,0.10386915874187508
NPL,Nepal,South Asia,SL.UEM.TOTL.ZS,Unemployment Total %,Unemployment,Labor,Percentage,2027,,11.141900769230766,Future Forecast,Linear Regression,0.29859956923076836,0.5385321161196494,0.10386915874187508
NPL,Nepal,South Asia,SL.UEM.TOTL.ZS,Unemployment Total %,Unemployment,Labor,Percentage,2028,,11.167326153846155,Future Forecast,Linear Regression,0.29859956923076836,0.5385321161196494,0.10386915874187508
NPL,Nepal,South Asia,SL.UEM.TOTL.ZS,Unemployment Total %,Unemployment,Labor,Percentage,2029,,11.192751538461536,Future Forecast,Linear Regression,0.29859956923076836,0.5385321161196494,0.10386915874187508
NPL,Nepal,South Asia,SP.POP.TOTL,Total Population,Population,Population,People,2000,24546509.0,25107759.680000007,Historical Prediction,Linear Regression,245889.030400002,283877.0233957995,0.9602558838465939
NPL,Nepal,South Asia,SP.POP.TOTL,Total Population,Population,Population,People,2001,24946748.0,25301261.75999999,Historical Prediction,Linear Regression,245889.030400002,283877.0233957995,0.9602558838465939
NPL,Nepal,South Asia,SP.POP.TOTL,Total Population,Population,Population,People,2002,25328981.0,25494763.839999974,Historical Prediction,Linear Regression,245889.030400002,283877.0233957995,0.9602558838465939
NPL,Nepal,South Asia,SP.POP.TOTL,Total Population,Population,Population,People,2003,25688758.0,25688265.919999957,Historical Prediction,Linear Regression,245889.030400002,283877.0233957995,0.9602558838465939
NPL,Nepal,South Asia,SP.POP.TOTL,Total Population,Population,Population,People,2004,26016656.0,25881768.0,Historical Prediction,Linear Regression,245889.030400002,283877.0233957995,0.9602558838465939
NPL,Nepal,South Asia,SP.POP.TOTL,Total Population,Population,Population,People,2005,26309458.0,26075270.079999983,Historical Prediction,Linear Regression,245889.030400002,283877.0233957995,0.9602558838465939
NPL,Nepal,South Asia,SP.POP.TOTL,Total Population,Population,Population,People,2006,26565425.0,26268772.159999967,Historical Prediction,Linear Regression,245889.030400002,283877.0233957995,0.9602558838465939
NPL,Nepal,South Asia,SP.POP.TOTL,Total Population,Population,Population,People,2007,26788492.0,26462274.24000001,Historical Prediction,Linear Regression,245889.030400002,283877.0233957995,0.9602558838465939
NPL,Nepal,South Asia,SP.POP.TOTL,Total Population,Population,Population,People,2008,26990037.0,26655776.319999993,Historical Prediction,Linear Regression,245889.030400002,283877.0233957995,0.9602558838465939
NPL,Nepal,South Asia,SP.POP.TOTL,Total Population,Population,Population,People,2009,27173035.0,26849278.399999976,Historical Prediction,Linear Regression,245889.030400002,283877.0233957995,0.9602558838465939
NPL,Nepal,South Asia,SP.POP.TOTL,Total Population,Population,Population,People,2010,27341952.0,27042780.47999996,Historical Prediction,Linear Regression,245889.030400002,283877.0233957995,0.9602558838465939
NPL,Nepal,South Asia,SP.POP.TOTL,Total Population,Population,Population,People,2011,27464494.0,27236282.560000002,Historical Prediction,Linear Regression,245889.030400002,283877.0233957995,0.9602558838465939
NPL,Nepal,South Asia,SP.POP.TOTL,Total Population,Population,Population,People,2012,27534915.0,27429784.639999986,Historical Prediction,Linear Regression,245889.030400002,283877.0233957995,0.9602558838465939
NPL,Nepal,South Asia,SP.POP.TOTL,Total Population,Population,Population,People,2013,27589996.0,27623286.71999997,Historical Prediction,Linear Regression,245889.030400002,283877.0233957995,0.9602558838465939
NPL,Nepal,South Asia,SP.POP.TOTL,Total Population,Population,Population,People,2014,27672370.0,27816788.800000012,Historical Prediction,Linear Regression,245889.030400002,283877.0233957995,0.9602558838465939
NPL,Nepal,South Asia,SP.POP.TOTL,Total Population,Population,Population,People,2015,27823629.0,28010290.879999995,Historical Prediction,Linear Regression,245889.030400002,283877.0233957995,0.9602558838465939
NPL,Nepal,South Asia,SP.POP.TOTL,Total Population,Population,Population,People,2016,27955462.0,28203792.95999998,Historical Prediction,Linear Regression,245889.030400002,283877.0233957995,0.9602558838465939
NPL,Nepal,South Asia,SP.POP.TOTL,Total Population,Population,Population,People,2017,28011258.0,28397295.03999996,Historical Prediction,Linear Regression,245889.030400002,283877.0233957995,0.9602558838465939
NPL,Nepal,South Asia,SP.POP.TOTL,Total Population,Population,Population,People,2018,28079689.0,28590797.120000005,Historical Prediction,Linear Regression,245889.030400002,283877.0233957995,0.9602558838465939
NPL,Nepal,South Asia,SP.POP.TOTL,Total Population,Population,Population,People,2019,28414064.0,28784299.199999988,Historical Prediction,Linear Regression,245889.030400002,283877.0233957995,0.9602558838465939
NPL,Nepal,South Asia,SP.POP.TOTL,Total Population,Population,Population,People,2020,28966574.0,28977801.27999997,Historical Prediction,Linear Regression,245889.030400002,283877.0233957995,0.9602558838465939
NPL,Nepal,South Asia,SP.POP.TOTL,Total Population,Population,Population,People,2021,29475010.0,29171303.359999955,Historical Prediction,Linear Regression,245889.030400002,283877.0233957995,0.9602558838465939
NPL,Nepal,South Asia,SP.POP.TOTL,Total Population,Population,Population,People,2022,29715436.0,29364805.439999998,Historical Prediction,Linear Regression,245889.030400002,283877.0233957995,0.9602558838465939
NPL,Nepal,South Asia,SP.POP.TOTL,Total Population,Population,Population,People,2023,29694614.0,29558307.51999998,Historical Prediction,Linear Regression,245889.030400002,283877.0233957995,0.9602558838465939
NPL,Nepal,South Asia,SP.POP.TOTL,Total Population,Population,Population,People,2024,29651054.0,29751809.599999964,Historical Prediction,Linear Regression,245889.030400002,283877.0233957995,0.9602558838465939
NPL,Nepal,South Asia,SP.POP.TOTL,Total Population,Population,Population,People,2025,,29945311.680000007,Future Forecast,Linear Regression,245889.030400002,283877.0233957995,0.9602558838465939
NPL,Nepal,South Asia,SP.POP.TOTL,Total Population,Population,Population,People,2026,,30138813.75999999,Future Forecast,Linear Regression,245889.030400002,283877.0233957995,0.9602558838465939
NPL,Nepal,South Asia,SP.POP.TOTL,Total Population,Population,Population,People,2027,,30332315.839999974,Future Forecast,Linear Regression,245889.030400002,283877.0233957995,0.9602558838465939
NPL,Nepal,South Asia,SP.POP.TOTL,Total Population,Population,Population,People,2028,,30525817.919999957,Future Forecast,Linear Regression,245889.030400002,283877.0233957995,0.9602558838465939
NPL,Nepal,South Asia,SP.POP.TOTL,Total Population,Population,Population,People,2029,,30719320.0,Future Forecast,Linear Regression,245889.030400002,283877.0233957995,0.9602558838465939
PAK,Pakistan,South Asia,FP.CPI.TOTL.ZG,Inflation Annual %,Inflation,Economy,Percentage,2000,4.36666451291681,4.823431294877992,Historical Prediction,Linear Regression,4.194348640498237,5.73549308264213,0.19399187272348672
PAK,Pakistan,South Asia,FP.CPI.TOTL.ZG,Inflation Annual %,Inflation,Economy,Percentage,2001,3.14826144590618,5.2136347816122,Historical Prediction,Linear Regression,4.194348640498237,5.73549308264213,0.19399187272348672
PAK,Pakistan,South Asia,FP.CPI.TOTL.ZG,Inflation Annual %,Inflation,Economy,Percentage,2002,3.29034472613153,5.6038382683465215,Historical Prediction,Linear Regression,4.194348640498237,5.73549308264213,0.19399187272348672
PAK,Pakistan,South Asia,FP.CPI.TOTL.ZG,Inflation Annual %,Inflation,Economy,Percentage,2003,2.91413470059479,5.994041755080843,Historical Prediction,Linear Regression,4.194348640498237,5.73549308264213,0.19399187272348672
PAK,Pakistan,South Asia,FP.CPI.TOTL.ZG,Inflation Annual %,Inflation,Economy,Percentage,2004,7.44462469342739,6.384245241815165,Historical Prediction,Linear Regression,4.194348640498237,5.73549308264213,0.19399187272348672
PAK,Pakistan,South Asia,FP.CPI.TOTL.ZG,Inflation Annual %,Inflation,Economy,Percentage,2005,9.06332737030417,6.774448728549373,Historical Prediction,Linear Regression,4.194348640498237,5.73549308264213,0.19399187272348672
PAK,Pakistan,South Asia,FP.CPI.TOTL.ZG,Inflation Annual %,Inflation,Economy,Percentage,2006,7.92108440058789,7.164652215283695,Historical Prediction,Linear Regression,4.194348640498237,5.73549308264213,0.19399187272348672
PAK,Pakistan,South Asia,FP.CPI.TOTL.ZG,Inflation Annual %,Inflation,Economy,Percentage,2007,7.59868441050774,7.554855702018017,Historical Prediction,Linear Regression,4.194348640498237,5.73549308264213,0.19399187272348672
PAK,Pakistan,South Asia,FP.CPI.TOTL.ZG,Inflation Annual %,Inflation,Economy,Percentage,2008,20.2861210929554,7.945059188752339,Historical Prediction,Linear Regression,4.194348640498237,5.73549308264213,0.19399187272348672
PAK,Pakistan,South Asia,FP.CPI.TOTL.ZG,Inflation Annual %,Inflation,Economy,Percentage,2009,13.6477650639761,8.33526267548666,Historical Prediction,Linear Regression,4.194348640498237,5.73549308264213,0.19399187272348672
PAK,Pakistan,South Asia,FP.CPI.TOTL.ZG,Inflation Annual %,Inflation,Economy,Percentage,2010,12.9388705634889,8.725466162220869,Historical Prediction,Linear Regression,4.194348640498237,5.73549308264213,0.19399187272348672
PAK,Pakistan,South Asia,FP.CPI.TOTL.ZG,Inflation Annual %,Inflation,Economy,Percentage,2011,11.9160927116277,9.11566964895519,Historical Prediction,Linear Regression,4.194348640498237,5.73549308264213,0.19399187272348672
PAK,Pakistan,South Asia,FP.CPI.TOTL.ZG,Inflation Annual %,Inflation,Economy,Percentage,2012,9.68235186055684,9.505873135689512,Historical Prediction,Linear Regression,4.194348640498237,5.73549308264213,0.19399187272348672
PAK,Pakistan,South Asia,FP.CPI.TOTL.ZG,Inflation Annual %,Inflation,Economy,Percentage,2013,7.69215611899565,9.896076622423834,Historical Prediction,Linear Regression,4.194348640498237,5.73549308264213,0.19399187272348672
PAK,Pakistan,South Asia,FP.CPI.TOTL.ZG,Inflation Annual %,Inflation,Economy,Percentage,2014,7.18938402847028,10.286280109158042,Historical Prediction,Linear Regression,4.194348640498237,5.73549308264213,0.19399187272348672
PAK,Pakistan,South Asia,FP.CPI.TOTL.ZG,Inflation Annual %,Inflation,Economy,Percentage,2015,2.52932817254229,10.676483595892364,Historical Prediction,Linear Regression,4.194348640498237,5.73549308264213,0.19399187272348672
PAK,Pakistan,South Asia,FP.CPI.TOTL.ZG,Inflation Annual %,Inflation,Economy,Percentage,2016,3.7651191635658,11.066687082626686,Historical Prediction,Linear Regression,4.194348640498237,5.73549308264213,0.19399187272348672
PAK,Pakistan,South Asia,FP.CPI.TOTL.ZG,Inflation Annual %,Inflation,Economy,Percentage,2017,4.08537368032608,11.456890569361008,Historical Prediction,Linear Regression,4.194348640498237,5.73549308264213,0.19399187272348672
PAK,Pakistan,South Asia,FP.CPI.TOTL.ZG,Inflation Annual %,Inflation,Economy,Percentage,2018,5.07805725868917,11.847094056095216,Historical Prediction,Linear Regression,4.194348640498237,5.73549308264213,0.19399187272348672
PAK,Pakistan,South Asia,FP.CPI.TOTL.ZG,Inflation Annual %,Inflation,Economy,Percentage,2019,10.5780305672025,12.237297542829538,Historical Prediction,Linear Regression,4.194348640498237,5.73549308264213,0.19399187272348672
PAK,Pakistan,South Asia,FP.CPI.TOTL.ZG,Inflation Annual %,Inflation,Economy,Percentage,2020,9.74011619320125,12.62750102956386,Historical Prediction,Linear Regression,4.194348640498237,5.73549308264213,0.19399187272348672
PAK,Pakistan,South Asia,FP.CPI.TOTL.ZG,Inflation Annual %,Inflation,Economy,Percentage,2021,9.49641577285205,13.017704516298181,Historical Prediction,Linear Regression,4.194348640498237,5.73549308264213,0.19399187272348672
PAK,Pakistan,South Asia,FP.CPI.TOTL.ZG,Inflation Annual %,Inflation,Economy,Percentage,2022,19.8738599646655,13.40790800303239,Historical Prediction,Linear Regression,4.194348640498237,5.73549308264213,0.19399187272348672
PAK,Pakistan,South Asia,FP.CPI.TOTL.ZG,Inflation Annual %,Inflation,Economy,Percentage,2023,30.7681280657005,13.798111489766711,Historical Prediction,Linear Regression,4.194348640498237,5.73549308264213,0.19399187272348672
PAK,Pakistan,South Asia,FP.CPI.TOTL.ZG,Inflation Annual %,Inflation,Economy,Percentage,2024,12.6325318530452,14.188314976501033,Historical Prediction,Linear Regression,4.194348640498237,5.73549308264213,0.19399187272348672
PAK,Pakistan,South Asia,FP.CPI.TOTL.ZG,Inflation Annual %,Inflation,Economy,Percentage,2025,,14.578518463235355,Future Forecast,Linear Regression,4.194348640498237,5.73549308264213,0.19399187272348672
PAK,Pakistan,South Asia,FP.CPI.TOTL.ZG,Inflation Annual %,Inflation,Economy,Percentage,2026,,14.968721949969563,Future Forecast,Linear Regression,4.194348640498237,5.73549308264213,0.19399187272348672
PAK,Pakistan,South Asia,FP.CPI.TOTL.ZG,Inflation Annual %,Inflation,Economy,Percentage,2027,,15.358925436703885,Future Forecast,Linear Regression,4.194348640498237,5.73549308264213,0.19399187272348672
PAK,Pakistan,South Asia,FP.CPI.TOTL.ZG,Inflation Annual %,Inflation,Economy,Percentage,2028,,15.749128923438207,Future Forecast,Linear Regression,4.194348640498237,5.73549308264213,0.19399187272348672
PAK,Pakistan,South Asia,FP.CPI.TOTL.ZG,Inflation Annual %,Inflation,Economy,Percentage,2029,,16.13933241017253,Future Forecast,Linear Regression,4.194348640498237,5.73549308264213,0.19399187272348672
PAK,Pakistan,South Asia,NE.EXP.GNFS.ZS,Exports of Goods and Services % of GDP,Exports % GDP,Trade,Percentage,2000,9.62962571560589,12.068329919701,Historical Prediction,Linear Regression,1.0652188878408986,1.2376501748016304,0.2517012906691336
PAK,Pakistan,South Asia,NE.EXP.GNFS.ZS,Exports of Goods and Services % of GDP,Exports % GDP,Trade,Percentage,2001,10.6261723730627,11.968789043589851,Historical Prediction,Linear Regression,1.0652188878408986,1.2376501748016304,0.2517012906691336
PAK,Pakistan,South Asia,NE.EXP.GNFS.ZS,Exports of Goods and Services % of GDP,Exports % GDP,Trade,Percentage,2002,11.2629668954049,11.869248167478673,Historical Prediction,Linear Regression,1.0652188878408986,1.2376501748016304,0.2517012906691336
PAK,Pakistan,South Asia,NE.EXP.GNFS.ZS,Exports of Goods and Services % of GDP,Exports % GDP,Trade,Percentage,2003,12.1646439105383,11.769707291367496,Historical Prediction,Linear Regression,1.0652188878408986,1.2376501748016304,0.2517012906691336
PAK,Pakistan,South Asia,NE.EXP.GNFS.ZS,Exports of Goods and Services % of GDP,Exports % GDP,Trade,Percentage,2004,11.422970350187,11.670166415256347,Historical Prediction,Linear Regression,1.0652188878408986,1.2376501748016304,0.2517012906691336
PAK,Pakistan,South Asia,NE.EXP.GNFS.ZS,Exports of Goods and Services % of GDP,Exports % GDP,Trade,Percentage,2005,12.2518417522088,11.57062553914517,Historical Prediction,Linear Regression,1.0652188878408986,1.2376501748016304,0.2517012906691336
PAK,Pakistan,South Asia,NE.EXP.GNFS.ZS,Exports of Goods and Services % of GDP,Exports % GDP,Trade,Percentage,2006,12.5489466265472,11.47108466303402,Historical Prediction,Linear Regression,1.0652188878408986,1.2376501748016304,0.2517012906691336
PAK,Pakistan,South Asia,NE.EXP.GNFS.ZS,Exports of Goods and Services % of GDP,Exports % GDP,Trade,Percentage,2007,11.6250765592664,11.371543786922842,Historical Prediction,Linear Regression,1.0652188878408986,1.2376501748016304,0.2517012906691336
PAK,Pakistan,South Asia,NE.EXP.GNFS.ZS,Exports of Goods and Services % of GDP,Exports % GDP,Trade,Percentage,2008,11.87581528062,11.272002910811665,Historical Prediction,Linear Regression,1.0652188878408986,1.2376501748016304,0.2517012906691336
PAK,Pakistan,South Asia,NE.EXP.GNFS.ZS,Exports of Goods and Services % of GDP,Exports % GDP,Trade,Percentage,2009,12.3909882054304,11.172462034700516,Historical Prediction,Linear Regression,1.0652188878408986,1.2376501748016304,0.2517012906691336
PAK,Pakistan,South Asia,NE.EXP.GNFS.ZS,Exports of Goods and Services % of GDP,Exports % GDP,Trade,Percentage,2010,12.6372245592948,11.072921158589338,Historical Prediction,Linear Regression,1.0652188878408986,1.2376501748016304,0.2517012906691336
PAK,Pakistan,South Asia,NE.EXP.GNFS.ZS,Exports of Goods and Services % of GDP,Exports % GDP,Trade,Percentage,2011,13.4825548617217,10.973380282478189,Historical Prediction,Linear Regression,1.0652188878408986,1.2376501748016304,0.2517012906691336
PAK,Pakistan,South Asia,NE.EXP.GNFS.ZS,Exports of Goods and Services % of GDP,Exports % GDP,Trade,Percentage,2012,11.8739641473238,10.873839406367011,Historical Prediction,Linear Regression,1.0652188878408986,1.2376501748016304,0.2517012906691336
PAK,Pakistan,South Asia,NE.EXP.GNFS.ZS,Exports of Goods and Services % of GDP,Exports % GDP,Trade,Percentage,2013,12.1774992040696,10.774298530255834,Historical Prediction,Linear Regression,1.0652188878408986,1.2376501748016304,0.2517012906691336
PAK,Pakistan,South Asia,NE.EXP.GNFS.ZS,Exports of Goods and Services % of GDP,Exports % GDP,Trade,Percentage,2014,11.1949717426146,10.674757654144685,Historical Prediction,Linear Regression,1.0652188878408986,1.2376501748016304,0.2517012906691336
PAK,Pakistan,South Asia,NE.EXP.GNFS.ZS,Exports of Goods and Services % of GDP,Exports % GDP,Trade,Percentage,2015,9.97457095124036,10.575216778033507,Historical Prediction,Linear Regression,1.0652188878408986,1.2376501748016304,0.2517012906691336
PAK,Pakistan,South Asia,NE.EXP.GNFS.ZS,Exports of Goods and Services % of GDP,Exports % GDP,Trade,Percentage,2016,8.73671639116568,10.475675901922358,Historical Prediction,Linear Regression,1.0652188878408986,1.2376501748016304,0.2517012906691336
PAK,Pakistan,South Asia,NE.EXP.GNFS.ZS,Exports of Goods and Services % of GDP,Exports % GDP,Trade,Percentage,2017,8.22161134395559,10.37613502581118,Historical Prediction,Linear Regression,1.0652188878408986,1.2376501748016304,0.2517012906691336
PAK,Pakistan,South Asia,NE.EXP.GNFS.ZS,Exports of Goods and Services % of GDP,Exports % GDP,Trade,Percentage,2018,8.58179960556073,10.276594149700003,Historical Prediction,Linear Regression,1.0652188878408986,1.2376501748016304,0.2517012906691336
PAK,Pakistan,South Asia,NE.EXP.GNFS.ZS,Exports of Goods and Services % of GDP,Exports % GDP,Trade,Percentage,2019,9.3908635386027,10.177053273588854,Historical Prediction,Linear Regression,1.0652188878408986,1.2376501748016304,0.2517012906691336
PAK,Pakistan,South Asia,NE.EXP.GNFS.ZS,Exports of Goods and Services % of GDP,Exports % GDP,Trade,Percentage,2020,9.29855944234725,10.077512397477676,Historical Prediction,Linear Regression,1.0652188878408986,1.2376501748016304,0.2517012906691336
PAK,Pakistan,South Asia,NE.EXP.GNFS.ZS,Exports of Goods and Services % of GDP,Exports % GDP,Trade,Percentage,2021,9.05159988878188,9.977971521366499,Historical Prediction,Linear Regression,1.0652188878408986,1.2376501748016304,0.2517012906691336
PAK,Pakistan,South Asia,NE.EXP.GNFS.ZS,Exports of Goods and Services % of GDP,Exports % GDP,Trade,Percentage,2022,10.5405902721041,9.87843064525535,Historical Prediction,Linear Regression,1.0652188878408986,1.2376501748016304,0.2517012906691336
PAK,Pakistan,South Asia,NE.EXP.GNFS.ZS,Exports of Goods and Services % of GDP,Exports % GDP,Trade,Percentage,2023,10.4939587511564,9.778889769144172,Historical Prediction,Linear Regression,1.0652188878408986,1.2376501748016304,0.2517012906691336
PAK,Pakistan,South Asia,NE.EXP.GNFS.ZS,Exports of Goods and Services % of GDP,Exports % GDP,Trade,Percentage,2024,10.3904527903644,9.679348893033023,Historical Prediction,Linear Regression,1.0652188878408986,1.2376501748016304,0.2517012906691336
PAK,Pakistan,South Asia,NE.EXP.GNFS.ZS,Exports of Goods and Services % of GDP,Exports % GDP,Trade,Percentage,2025,,9.579808016921845,Future Forecast,Linear Regression,1.0652188878408986,1.2376501748016304,0.2517012906691336
PAK,Pakistan,South Asia,NE.EXP.GNFS.ZS,Exports of Goods and Services % of GDP,Exports % GDP,Trade,Percentage,2026,,9.480267140810668,Future Forecast,Linear Regression,1.0652188878408986,1.2376501748016304,0.2517012906691336
PAK,Pakistan,South Asia,NE.EXP.GNFS.ZS,Exports of Goods and Services % of GDP,Exports % GDP,Trade,Percentage,2027,,9.380726264699518,Future Forecast,Linear Regression,1.0652188878408986,1.2376501748016304,0.2517012906691336
PAK,Pakistan,South Asia,NE.EXP.GNFS.ZS,Exports of Goods and Services % of GDP,Exports % GDP,Trade,Percentage,2028,,9.28118538858834,Future Forecast,Linear Regression,1.0652188878408986,1.2376501748016304,0.2517012906691336
PAK,Pakistan,South Asia,NE.EXP.GNFS.ZS,Exports of Goods and Services % of GDP,Exports % GDP,Trade,Percentage,2029,,9.181644512477192,Future Forecast,Linear Regression,1.0652188878408986,1.2376501748016304,0.2517012906691336
PAK,Pakistan,South Asia,NV.AGR.TOTL.ZS,Agriculture Value Added % of GDP,Agriculture % GDP,Agriculture,Percentage,2000,25.3871360412975,22.48468891638956,Historical Prediction,Linear Regression,1.0346945277603634,1.2822579616340637,0.0001566052754554681
PAK,Pakistan,South Asia,NV.AGR.TOTL.ZS,Agriculture Value Added % of GDP,Agriculture % GDP,Agriculture,Percentage,2001,24.1449605032819,22.48246350177677,Historical Prediction,Linear Regression,1.0346945277603634,1.2822579616340637,0.0001566052754554681
PAK,Pakistan,South Asia,NV.AGR.TOTL.ZS,Agriculture Value Added % of GDP,Agriculture % GDP,Agriculture,Percentage,2002,22.7026275435674,22.480238087163986,Historical Prediction,Linear Regression,1.0346945277603634,1.2822579616340637,0.0001566052754554681
PAK,Pakistan,South Asia,NV.AGR.TOTL.ZS,Agriculture Value Added % of GDP,Agriculture % GDP,Agriculture,Percentage,2003,22.1519373367714,22.478012672551202,Historical Prediction,Linear Regression,1.0346945277603634,1.2822579616340637,0.0001566052754554681
PAK,Pakistan,South Asia,NV.AGR.TOTL.ZS,Agriculture Value Added % of GDP,Agriculture % GDP,Agriculture,Percentage,2004,22.0018900085347,22.475787257938418,Historical Prediction,Linear Regression,1.0346945277603634,1.2822579616340637,0.0001566052754554681
PAK,Pakistan,South Asia,NV.AGR.TOTL.ZS,Agriculture Value Added % of GDP,Agriculture % GDP,Agriculture,Percentage,2005,21.5745096992331,22.473561843325633,Historical Prediction,Linear Regression,1.0346945277603634,1.2822579616340637,0.0001566052754554681
PAK,Pakistan,South Asia,NV.AGR.TOTL.ZS,Agriculture Value Added % of GDP,Agriculture % GDP,Agriculture,Percentage,2006,20.4183460540925,22.47133642871285,Historical Prediction,Linear Regression,1.0346945277603634,1.2822579616340637,0.0001566052754554681
PAK,Pakistan,South Asia,NV.AGR.TOTL.ZS,Agriculture Value Added % of GDP,Agriculture % GDP,Agriculture,Percentage,2007,19.9379514329097,22.469111014100065,Historical Prediction,Linear Regression,1.0346945277603634,1.2822579616340637,0.0001566052754554681
PAK,Pakistan,South Asia,NV.AGR.TOTL.ZS,Agriculture Value Added % of GDP,Agriculture % GDP,Agriculture,Percentage,2008,20.351365282755,22.466885599487277,Historical Prediction,Linear Regression,1.0346945277603634,1.2822579616340637,0.0001566052754554681
PAK,Pakistan,South Asia,NV.AGR.TOTL.ZS,Agriculture Value Added % of GDP,Agriculture % GDP,Agriculture,Percentage,2009,21.7869229749534,22.464660184874493,Historical Prediction,Linear Regression,1.0346945277603634,1.2822579616340637,0.0001566052754554681
PAK,Pakistan,South Asia,NV.AGR.TOTL.ZS,Agriculture Value Added % of GDP,Agriculture % GDP,Agriculture,Percentage,2010,22.6888101741789,22.46243477026171,Historical Prediction,Linear Regression,1.0346945277603634,1.2822579616340637,0.0001566052754554681
PAK,Pakistan,South Asia,NV.AGR.TOTL.ZS,Agriculture Value Added % of GDP,Agriculture % GDP,Agriculture,Percentage,2011,23.819642978628,22.460209355648924,Historical Prediction,Linear Regression,1.0346945277603634,1.2822579616340637,0.0001566052754554681
PAK,Pakistan,South Asia,NV.AGR.TOTL.ZS,Agriculture Value Added % of GDP,Agriculture % GDP,Agriculture,Percentage,2012,23.3861955340345,22.45798394103614,Historical Prediction,Linear Regression,1.0346945277603634,1.2822579616340637,0.0001566052754554681
PAK,Pakistan,South Asia,NV.AGR.TOTL.ZS,Agriculture Value Added % of GDP,Agriculture % GDP,Agriculture,Percentage,2013,23.7075945934908,22.455758526423352,Historical Prediction,Linear Regression,1.0346945277603634,1.2822579616340637,0.0001566052754554681
PAK,Pakistan,South Asia,NV.AGR.TOTL.ZS,Agriculture Value Added % of GDP,Agriculture % GDP,Agriculture,Percentage,2014,23.4927320097855,22.453533111810568,Historical Prediction,Linear Regression,1.0346945277603634,1.2822579616340637,0.0001566052754554681
PAK,Pakistan,South Asia,NV.AGR.TOTL.ZS,Agriculture Value Added % of GDP,Agriculture % GDP,Agriculture,Percentage,2015,23.2628407756242,22.451307697197784,Historical Prediction,Linear Regression,1.0346945277603634,1.2822579616340637,0.0001566052754554681
PAK,Pakistan,South Asia,NV.AGR.TOTL.ZS,Agriculture Value Added % of GDP,Agriculture % GDP,Agriculture,Percentage,2016,22.3283302035697,22.449082282585,Historical Prediction,Linear Regression,1.0346945277603634,1.2822579616340637,0.0001566052754554681
PAK,Pakistan,South Asia,NV.AGR.TOTL.ZS,Agriculture Value Added % of GDP,Agriculture % GDP,Agriculture,Percentage,2017,21.9632035366872,22.446856867972215,Historical Prediction,Linear Regression,1.0346945277603634,1.2822579616340637,0.0001566052754554681
PAK,Pakistan,South Asia,NV.AGR.TOTL.ZS,Agriculture Value Added % of GDP,Agriculture % GDP,Agriculture,Percentage,2018,21.6512353593957,22.44463145335943,Historical Prediction,Linear Regression,1.0346945277603634,1.2822579616340637,0.0001566052754554681
PAK,Pakistan,South Asia,NV.AGR.TOTL.ZS,Agriculture Value Added % of GDP,Agriculture % GDP,Agriculture,Percentage,2019,20.6778713222887,22.442406038746647,Historical Prediction,Linear Regression,1.0346945277603634,1.2822579616340637,0.0001566052754554681
PAK,Pakistan,South Asia,NV.AGR.TOTL.ZS,Agriculture Value Added % of GDP,Agriculture % GDP,Agriculture,Percentage,2020,21.8541325548966,22.44018062413386,Historical Prediction,Linear Regression,1.0346945277603634,1.2822579616340637,0.0001566052754554681
PAK,Pakistan,South Asia,NV.AGR.TOTL.ZS,Agriculture Value Added % of GDP,Agriculture % GDP,Agriculture,Percentage,2021,22.6625080760743,22.437955209521075,Historical Prediction,Linear Regression,1.0346945277603634,1.2822579616340637,0.0001566052754554681
PAK,Pakistan,South Asia,NV.AGR.TOTL.ZS,Agriculture Value Added % of GDP,Agriculture % GDP,Agriculture,Percentage,2022,22.3268646996031,22.43572979490829,Historical Prediction,Linear Regression,1.0346945277603634,1.2822579616340637,0.0001566052754554681
PAK,Pakistan,South Asia,NV.AGR.TOTL.ZS,Agriculture Value Added % of GDP,Agriculture % GDP,Agriculture,Percentage,2023,23.426703596366,22.433504380295506,Historical Prediction,Linear Regression,1.0346945277603634,1.2822579616340637,0.0001566052754554681
PAK,Pakistan,South Asia,NV.AGR.TOTL.ZS,Agriculture Value Added % of GDP,Agriculture % GDP,Agriculture,Percentage,2024,23.7432862338836,22.431278965682722,Historical Prediction,Linear Regression,1.0346945277603634,1.2822579616340637,0.0001566052754554681
PAK,Pakistan,South Asia,NV.AGR.TOTL.ZS,Agriculture Value Added % of GDP,Agriculture % GDP,Agriculture,Percentage,2025,,22.429053551069934,Future Forecast,Linear Regression,1.0346945277603634,1.2822579616340637,0.0001566052754554681
PAK,Pakistan,South Asia,NV.AGR.TOTL.ZS,Agriculture Value Added % of GDP,Agriculture % GDP,Agriculture,Percentage,2026,,22.42682813645715,Future Forecast,Linear Regression,1.0346945277603634,1.2822579616340637,0.0001566052754554681
PAK,Pakistan,South Asia,NV.AGR.TOTL.ZS,Agriculture Value Added % of GDP,Agriculture % GDP,Agriculture,Percentage,2027,,22.424602721844366,Future Forecast,Linear Regression,1.0346945277603634,1.2822579616340637,0.0001566052754554681
PAK,Pakistan,South Asia,NV.AGR.TOTL.ZS,Agriculture Value Added % of GDP,Agriculture % GDP,Agriculture,Percentage,2028,,22.42237730723158,Future Forecast,Linear Regression,1.0346945277603634,1.2822579616340637,0.0001566052754554681
PAK,Pakistan,South Asia,NV.AGR.TOTL.ZS,Agriculture Value Added % of GDP,Agriculture % GDP,Agriculture,Percentage,2029,,22.420151892618797,Future Forecast,Linear Regression,1.0346945277603634,1.2822579616340637,0.0001566052754554681
PAK,Pakistan,South Asia,NY.GDP.MKTP.CD,GDP Current US$,GDP,Economy,US Dollars,2000,99484802344.5277,89364411539.03516,Historical Prediction,Linear Regression,15430278077.729195,19530528656.26234,0.9552763817611946
PAK,Pakistan,South Asia,NY.GDP.MKTP.CD,GDP Current US$,GDP,Economy,US Dollars,2001,97145618479.9038,101881645840.19922,Historical Prediction,Linear Regression,15430278077.729195,19530528656.26234,0.9552763817611946
PAK,Pakistan,South Asia,NY.GDP.MKTP.CD,GDP Current US$,GDP,Economy,US Dollars,2002,97923302809.3537,114398880141.36328,Historical Prediction,Linear Regression,15430278077.729195,19530528656.26234,0.9552763817611946
PAK,Pakistan,South Asia,NY.GDP.MKTP.CD,GDP Current US$,GDP,Economy,US Dollars,2003,112371913740.823,126916114442.53125,Historical Prediction,Linear Regression,15430278077.729195,19530528656.26234,0.9552763817611946
PAK,Pakistan,South Asia,NY.GDP.MKTP.CD,GDP Current US$,GDP,Economy,US Dollars,2004,132216048339.413,139433348743.6953,Historical Prediction,Linear Regression,15430278077.729195,19530528656.26234,0.9552763817611946
PAK,Pakistan,South Asia,NY.GDP.MKTP.CD,GDP Current US$,GDP,Economy,US Dollars,2005,145208562960.767,151950583044.85938,Historical Prediction,Linear Regression,15430278077.729195,19530528656.26234,0.9552763817611946
PAK,Pakistan,South Asia,NY.GDP.MKTP.CD,GDP Current US$,GDP,Economy,US Dollars,2006,161871385506.36,164467817346.02344,Historical Prediction,Linear Regression,15430278077.729195,19530528656.26234,0.9552763817611946
PAK,Pakistan,South Asia,NY.GDP.MKTP.CD,GDP Current US$,GDP,Economy,US Dollars,2007,184140869997.46,176985051647.1875,Historical Prediction,Linear Regression,15430278077.729195,19530528656.26234,0.9552763817611946
PAK,Pakistan,South Asia,NY.GDP.MKTP.CD,GDP Current US$,GDP,Economy,US Dollars,2008,202203748583.854,189502285948.35156,Historical Prediction,Linear Regression,15430278077.729195,19530528656.26234,0.9552763817611946
PAK,Pakistan,South Asia,NY.GDP.MKTP.CD,GDP Current US$,GDP,Economy,US Dollars,2009,187337783856.466,202019520249.51562,Historical Prediction,Linear Regression,15430278077.729195,19530528656.26234,0.9552763817611946
PAK,Pakistan,South Asia,NY.GDP.MKTP.CD,GDP Current US$,GDP,Economy,US Dollars,2010,196709621849.586,214536754550.6797,Historical Prediction,Linear Regression,15430278077.729195,19530528656.26234,0.9552763817611946
PAK,Pakistan,South Asia,NY.GDP.MKTP.CD,GDP Current US$,GDP,Economy,US Dollars,2011,230586581059.665,227053988851.84375,Historical Prediction,Linear Regression,15430278077.729195,19530528656.26234,0.9552763817611946
PAK,Pakistan,South Asia,NY.GDP.MKTP.CD,GDP Current US$,GDP,Economy,US Dollars,2012,250106966104.704,239571223153.0078,Historical Prediction,Linear Regression,15430278077.729195,19530528656.26234,0.9552763817611946
PAK,Pakistan,South Asia,NY.GDP.MKTP.CD,GDP Current US$,GDP,Economy,US Dollars,2013,258657231672.412,252088457454.17188,Historical Prediction,Linear Regression,15430278077.729195,19530528656.26234,0.9552763817611946
PAK,Pakistan,South Asia,NY.GDP.MKTP.CD,GDP Current US$,GDP,Economy,US Dollars,2014,271390474857.632,264605691755.33594,Historical Prediction,Linear Regression,15430278077.729195,19530528656.26234,0.9552763817611946
PAK,Pakistan,South Asia,NY.GDP.MKTP.CD,GDP Current US$,GDP,Economy,US Dollars,2015,299963590534.773,277122926056.5,Historical Prediction,Linear Regression,15430278077.729195,19530528656.26234,0.9552763817611946
PAK,Pakistan,South Asia,NY.GDP.MKTP.CD,GDP Current US$,GDP,Economy,US Dollars,2016,313630000130.435,289640160357.66797,Historical Prediction,Linear Regression,15430278077.729195,19530528656.26234,0.9552763817611946
PAK,Pakistan,South Asia,NY.GDP.MKTP.CD,GDP Current US$,GDP,Economy,US Dollars,2017,339205534861.1,302157394658.83203,Historical Prediction,Linear Regression,15430278077.729195,19530528656.26234,0.9552763817611946
PAK,Pakistan,South Asia,NY.GDP.MKTP.CD,GDP Current US$,GDP,Economy,US Dollars,2018,356128166704.921,314674628959.9961,Historical Prediction,Linear Regression,15430278077.729195,19530528656.26234,0.9552763817611946
PAK,Pakistan,South Asia,NY.GDP.MKTP.CD,GDP Current US$,GDP,Economy,US Dollars,2019,320909472770.669,327191863261.16016,Historical Prediction,Linear Regression,15430278077.729195,19530528656.26234,0.9552763817611946
PAK,Pakistan,South Asia,NY.GDP.MKTP.CD,GDP Current US$,GDP,Economy,US Dollars,2020,300425609817.981,339709097562.3242,Historical Prediction,Linear Regression,15430278077.729195,19530528656.26234,0.9552763817611946
PAK,Pakistan,South Asia,NY.GDP.MKTP.CD,GDP Current US$,GDP,Economy,US Dollars,2021,348516647445.148,352226331863.4883,Historical Prediction,Linear Regression,15430278077.729195,19530528656.26234,0.9552763817611946
PAK,Pakistan,South Asia,NY.GDP.MKTP.CD,GDP Current US$,GDP,Economy,US Dollars,2022,374890295666.694,364743566164.65234,Historical Prediction,Linear Regression,15430278077.729195,19530528656.26234,0.9552763817611946
PAK,Pakistan,South Asia,NY.GDP.MKTP.CD,GDP Current US$,GDP,Economy,US Dollars,2023,336686348609.266,377260800465.8164,Historical Prediction,Linear Regression,15430278077.729195,19530528656.26234,0.9552763817611946
PAK,Pakistan,South Asia,NY.GDP.MKTP.CD,GDP Current US$,GDP,Economy,US Dollars,2024,371570000121.266,389778034766.98047,Historical Prediction,Linear Regression,15430278077.729195,19530528656.26234,0.9552763817611946
PAK,Pakistan,South Asia,NY.GDP.MKTP.CD,GDP Current US$,GDP,Economy,US Dollars,2025,,402295269068.14453,Future Forecast,Linear Regression,15430278077.729195,19530528656.26234,0.9552763817611946
PAK,Pakistan,South Asia,NY.GDP.MKTP.CD,GDP Current US$,GDP,Economy,US Dollars,2026,,414812503369.3086,Future Forecast,Linear Regression,15430278077.729195,19530528656.26234,0.9552763817611946
PAK,Pakistan,South Asia,NY.GDP.MKTP.CD,GDP Current US$,GDP,Economy,US Dollars,2027,,427329737670.47266,Future Forecast,Linear Regression,15430278077.729195,19530528656.26234,0.9552763817611946
PAK,Pakistan,South Asia,NY.GDP.MKTP.CD,GDP Current US$,GDP,Economy,US Dollars,2028,,439846971971.6367,Future Forecast,Linear Regression,15430278077.729195,19530528656.26234,0.9552763817611946
PAK,Pakistan,South Asia,NY.GDP.MKTP.CD,GDP Current US$,GDP,Economy,US Dollars,2029,,452364206272.8047,Future Forecast,Linear Regression,15430278077.729195,19530528656.26234,0.9552763817611946
PAK,Pakistan,South Asia,NY.GDP.PCAP.CD,GDP Per Capita Current US$,GDP per Capita,Economy,US Dollars,2000,642.338346499898,644.4759112672909,Historical Prediction,Linear Regression,84.12065558412877,104.17177543366992,0.8871774418047265
PAK,Pakistan,South Asia,NY.GDP.PCAP.CD,GDP Per Capita Current US$,GDP per Capita,Economy,US Dollars,2001,609.939506905073,684.9852979564021,Historical Prediction,Linear Regression,84.12065558412877,104.17177543366992,0.8871774418047265
PAK,Pakistan,South Asia,NY.GDP.PCAP.CD,GDP Per Capita Current US$,GDP per Capita,Economy,US Dollars,2002,599.937345723927,725.4946846455277,Historical Prediction,Linear Regression,84.12065558412877,104.17177543366992,0.8871774418047265
PAK,Pakistan,South Asia,NY.GDP.PCAP.CD,GDP Per Capita Current US$,GDP per Capita,Economy,US Dollars,2003,672.44178669894,766.0040713346389,Historical Prediction,Linear Regression,84.12065558412877,104.17177543366992,0.8871774418047265
PAK,Pakistan,South Asia,NY.GDP.PCAP.CD,GDP Per Capita Current US$,GDP per Capita,Economy,US Dollars,2004,771.902247348954,806.5134580237645,Historical Prediction,Linear Regression,84.12065558412877,104.17177543366992,0.8871774418047265
PAK,Pakistan,South Asia,NY.GDP.PCAP.CD,GDP Per Capita Current US$,GDP per Capita,Economy,US Dollars,2005,827.619861189926,847.0228447128757,Historical Prediction,Linear Regression,84.12065558412877,104.17177543366992,0.8871774418047265
PAK,Pakistan,South Asia,NY.GDP.PCAP.CD,GDP Per Capita Current US$,GDP per Capita,Economy,US Dollars,2006,900.873564984808,887.5322314020013,Historical Prediction,Linear Regression,84.12065558412877,104.17177543366992,0.8871774418047265
PAK,Pakistan,South Asia,NY.GDP.PCAP.CD,GDP Per Capita Current US$,GDP per Capita,Economy,US Dollars,2007,998.090114197524,928.0416180911125,Historical Prediction,Linear Regression,84.12065558412877,104.17177543366992,0.8871774418047265
PAK,Pakistan,South Asia,NY.GDP.PCAP.CD,GDP Per Capita Current US$,GDP per Capita,Economy,US Dollars,2008,1067.04324565284,968.5510047802381,Historical Prediction,Linear Regression,84.12065558412877,104.17177543366992,0.8871774418047265
PAK,Pakistan,South Asia,NY.GDP.PCAP.CD,GDP Per Capita Current US$,GDP per Capita,Economy,US Dollars,2009,963.788066395225,1009.0603914693493,Historical Prediction,Linear Regression,84.12065558412877,104.17177543366992,0.8871774418047265
PAK,Pakistan,South Asia,NY.GDP.PCAP.CD,GDP Per Capita Current US$,GDP per Capita,Economy,US Dollars,2010,987.304571124485,1049.569778158475,Historical Prediction,Linear Regression,84.12065558412877,104.17177543366992,0.8871774418047265
PAK,Pakistan,South Asia,NY.GDP.PCAP.CD,GDP Per Capita Current US$,GDP per Capita,Economy,US Dollars,2011,1131.73513834324,1090.079164847586,Historical Prediction,Linear Regression,84.12065558412877,104.17177543366992,0.8871774418047265
PAK,Pakistan,South Asia,NY.GDP.PCAP.CD,GDP Per Capita Current US$,GDP per Capita,Economy,US Dollars,2012,1204.36475491585,1130.5885515367117,Historical Prediction,Linear Regression,84.12065558412877,104.17177543366992,0.8871774418047265
PAK,Pakistan,South Asia,NY.GDP.PCAP.CD,GDP Per Capita Current US$,GDP per Capita,Economy,US Dollars,2013,1225.4340119198,1171.0979382258229,Historical Prediction,Linear Regression,84.12065558412877,104.17177543366992,0.8871774418047265
PAK,Pakistan,South Asia,NY.GDP.PCAP.CD,GDP Per Capita Current US$,GDP per Capita,Economy,US Dollars,2014,1266.61340849959,1211.6073249149485,Historical Prediction,Linear Regression,84.12065558412877,104.17177543366992,0.8871774418047265
PAK,Pakistan,South Asia,NY.GDP.PCAP.CD,GDP Per Capita Current US$,GDP per Capita,Economy,US Dollars,2015,1380.47020838317,1252.1167116040597,Historical Prediction,Linear Regression,84.12065558412877,104.17177543366992,0.8871774418047265
PAK,Pakistan,South Asia,NY.GDP.PCAP.CD,GDP Per Capita Current US$,GDP per Capita,Economy,US Dollars,2016,1424.69161195897,1292.6260982931854,Historical Prediction,Linear Regression,84.12065558412877,104.17177543366992,0.8871774418047265
PAK,Pakistan,South Asia,NY.GDP.PCAP.CD,GDP Per Capita Current US$,GDP per Capita,Economy,US Dollars,2017,1519.23459514248,1333.1354849822965,Historical Prediction,Linear Regression,84.12065558412877,104.17177543366992,0.8871774418047265
PAK,Pakistan,South Asia,NY.GDP.PCAP.CD,GDP Per Capita Current US$,GDP per Capita,Economy,US Dollars,2018,1569.33814626355,1373.6448716714222,Historical Prediction,Linear Regression,84.12065558412877,104.17177543366992,0.8871774418047265
PAK,Pakistan,South Asia,NY.GDP.PCAP.CD,GDP Per Capita Current US$,GDP per Capita,Economy,US Dollars,2019,1390.41690981745,1414.1542583605333,Historical Prediction,Linear Regression,84.12065558412877,104.17177543366992,0.8871774418047265
PAK,Pakistan,South Asia,NY.GDP.PCAP.CD,GDP Per Capita Current US$,GDP per Capita,Economy,US Dollars,2020,1278.39735206896,1454.663645049659,Historical Prediction,Linear Regression,84.12065558412877,104.17177543366992,0.8871774418047265
PAK,Pakistan,South Asia,NY.GDP.PCAP.CD,GDP Per Capita Current US$,GDP per Capita,Economy,US Dollars,2021,1455.31922370186,1495.17303173877,Historical Prediction,Linear Regression,84.12065558412877,104.17177543366992,0.8871774418047265
PAK,Pakistan,South Asia,NY.GDP.PCAP.CD,GDP Per Capita Current US$,GDP per Capita,Economy,US Dollars,2022,1538.3228133171,1535.6824184278958,Historical Prediction,Linear Regression,84.12065558412877,104.17177543366992,0.8871774418047265
PAK,Pakistan,South Asia,NY.GDP.PCAP.CD,GDP Per Capita Current US$,GDP per Capita,Economy,US Dollars,2023,1360.32417758419,1576.1918051170069,Historical Prediction,Linear Regression,84.12065558412877,104.17177543366992,0.8871774418047265
PAK,Pakistan,South Asia,NY.GDP.PCAP.CD,GDP Per Capita Current US$,GDP per Capita,Economy,US Dollars,2024,1478.77277977996,1616.7011918061326,Historical Prediction,Linear Regression,84.12065558412877,104.17177543366992,0.8871774418047265
PAK,Pakistan,South Asia,NY.GDP.PCAP.CD,GDP Per Capita Current US$,GDP per Capita,Economy,US Dollars,2025,,1657.2105784952437,Future Forecast,Linear Regression,84.12065558412877,104.17177543366992,0.8871774418047265
PAK,Pakistan,South Asia,NY.GDP.PCAP.CD,GDP Per Capita Current US$,GDP per Capita,Economy,US Dollars,2026,,1697.7199651843694,Future Forecast,Linear Regression,84.12065558412877,104.17177543366992,0.8871774418047265
PAK,Pakistan,South Asia,NY.GDP.PCAP.CD,GDP Per Capita Current US$,GDP per Capita,Economy,US Dollars,2027,,1738.2293518734805,Future Forecast,Linear Regression,84.12065558412877,104.17177543366992,0.8871774418047265
PAK,Pakistan,South Asia,NY.GDP.PCAP.CD,GDP Per Capita Current US$,GDP per Capita,Economy,US Dollars,2028,,1778.7387385626062,Future Forecast,Linear Regression,84.12065558412877,104.17177543366992,0.8871774418047265
PAK,Pakistan,South Asia,NY.GDP.PCAP.CD,GDP Per Capita Current US$,GDP per Capita,Economy,US Dollars,2029,,1819.2481252517173,Future Forecast,Linear Regression,84.12065558412877,104.17177543366992,0.8871774418047265
PAK,Pakistan,South Asia,SL.UEM.TOTL.ZS,Unemployment Total %,Unemployment,Labor,Percentage,2000,0.614,-0.6364430769230012,Historical Prediction,Linear Regression,0.7357777230769246,0.8877948913503021,0.8156868950639765
PAK,Pakistan,South Asia,SL.UEM.TOTL.ZS,Unemployment Total %,Unemployment,Labor,Percentage,2001,0.611,-0.37744615384599456,Historical Prediction,Linear Regression,0.7357777230769246,0.8877948913503021,0.8156868950639765
PAK,Pakistan,South Asia,SL.UEM.TOTL.ZS,Unemployment Total %,Unemployment,Labor,Percentage,2002,0.615,-0.11844923076910163,Historical Prediction,Linear Regression,0.7357777230769246,0.8877948913503021,0.8156868950639765
PAK,Pakistan,South Asia,SL.UEM.TOTL.ZS,Unemployment Total %,Unemployment,Labor,Percentage,2003,0.612,0.1405476923077913,Historical Prediction,Linear Regression,0.7357777230769246,0.8877948913503021,0.8156868950639765
PAK,Pakistan,South Asia,SL.UEM.TOTL.ZS,Unemployment Total %,Unemployment,Labor,Percentage,2004,0.598,0.3995446153846842,Historical Prediction,Linear Regression,0.7357777230769246,0.8877948913503021,0.8156868950639765
PAK,Pakistan,South Asia,SL.UEM.TOTL.ZS,Unemployment Total %,Unemployment,Labor,Percentage,2005,0.583,0.6585415384616908,Historical Prediction,Linear Regression,0.7357777230769246,0.8877948913503021,0.8156868950639765
PAK,Pakistan,South Asia,SL.UEM.TOTL.ZS,Unemployment Total %,Unemployment,Labor,Percentage,2006,0.582,0.9175384615385838,Historical Prediction,Linear Regression,0.7357777230769246,0.8877948913503021,0.8156868950639765
PAK,Pakistan,South Asia,SL.UEM.TOTL.ZS,Unemployment Total %,Unemployment,Labor,Percentage,2007,0.398,1.1765353846154767,Historical Prediction,Linear Regression,0.7357777230769246,0.8877948913503021,0.8156868950639765
PAK,Pakistan,South Asia,SL.UEM.TOTL.ZS,Unemployment Total %,Unemployment,Labor,Percentage,2008,0.423,1.4355323076923696,Historical Prediction,Linear Regression,0.7357777230769246,0.8877948913503021,0.8156868950639765
PAK,Pakistan,South Asia,SL.UEM.TOTL.ZS,Unemployment Total %,Unemployment,Labor,Percentage,2009,0.535,1.6945292307693762,Historical Prediction,Linear Regression,0.7357777230769246,0.8877948913503021,0.8156868950639765
PAK,Pakistan,South Asia,SL.UEM.TOTL.ZS,Unemployment Total %,Unemployment,Labor,Percentage,2010,0.653,1.9535261538462692,Historical Prediction,Linear Regression,0.7357777230769246,0.8877948913503021,0.8156868950639765
PAK,Pakistan,South Asia,SL.UEM.TOTL.ZS,Unemployment Total %,Unemployment,Labor,Percentage,2011,0.796,2.212523076923162,Historical Prediction,Linear Regression,0.7357777230769246,0.8877948913503021,0.8156868950639765
PAK,Pakistan,South Asia,SL.UEM.TOTL.ZS,Unemployment Total %,Unemployment,Labor,Percentage,2012,3.667,2.471520000000055,Historical Prediction,Linear Regression,0.7357777230769246,0.8877948913503021,0.8156868950639765
PAK,Pakistan,South Asia,SL.UEM.TOTL.ZS,Unemployment Total %,Unemployment,Labor,Percentage,2013,2.954,2.7305169230770616,Historical Prediction,Linear Regression,0.7357777230769246,0.8877948913503021,0.8156868950639765
PAK,Pakistan,South Asia,SL.UEM.TOTL.ZS,Unemployment Total %,Unemployment,Labor,Percentage,2014,1.827,2.9895138461539545,Historical Prediction,Linear Regression,0.7357777230769246,0.8877948913503021,0.8156868950639765
PAK,Pakistan,South Asia,SL.UEM.TOTL.ZS,Unemployment Total %,Unemployment,Labor,Percentage,2015,3.566,3.2485107692308475,Historical Prediction,Linear Regression,0.7357777230769246,0.8877948913503021,0.8156868950639765
PAK,Pakistan,South Asia,SL.UEM.TOTL.ZS,Unemployment Total %,Unemployment,Labor,Percentage,2016,2.285,3.507507692307854,Historical Prediction,Linear Regression,0.7357777230769246,0.8877948913503021,0.8156868950639765
PAK,Pakistan,South Asia,SL.UEM.TOTL.ZS,Unemployment Total %,Unemployment,Labor,Percentage,2017,3.204,3.766504615384747,Historical Prediction,Linear Regression,0.7357777230769246,0.8877948913503021,0.8156868950639765
PAK,Pakistan,South Asia,SL.UEM.TOTL.ZS,Unemployment Total %,Unemployment,Labor,Percentage,2018,4.083,4.02550153846164,Historical Prediction,Linear Regression,0.7357777230769246,0.8877948913503021,0.8156868950639765
PAK,Pakistan,South Asia,SL.UEM.TOTL.ZS,Unemployment Total %,Unemployment,Labor,Percentage,2019,4.83,4.284498461538533,Historical Prediction,Linear Regression,0.7357777230769246,0.8877948913503021,0.8156868950639765
PAK,Pakistan,South Asia,SL.UEM.TOTL.ZS,Unemployment Total %,Unemployment,Labor,Percentage,2020,5.994,4.5434953846155395,Historical Prediction,Linear Regression,0.7357777230769246,0.8877948913503021,0.8156868950639765
PAK,Pakistan,South Asia,SL.UEM.TOTL.ZS,Unemployment Total %,Unemployment,Labor,Percentage,2021,6.338,4.802492307692432,Historical Prediction,Linear Regression,0.7357777230769246,0.8877948913503021,0.8156868950639765
PAK,Pakistan,South Asia,SL.UEM.TOTL.ZS,Unemployment Total %,Unemployment,Labor,Percentage,2022,5.291,5.061489230769325,Historical Prediction,Linear Regression,0.7357777230769246,0.8877948913503021,0.8156868950639765
PAK,Pakistan,South Asia,SL.UEM.TOTL.ZS,Unemployment Total %,Unemployment,Labor,Percentage,2023,5.237,5.320486153846218,Historical Prediction,Linear Regression,0.7357777230769246,0.8877948913503021,0.8156868950639765
PAK,Pakistan,South Asia,SL.UEM.TOTL.ZS,Unemployment Total %,Unemployment,Labor,Percentage,2024,5.492,5.579483076923225,Historical Prediction,Linear Regression,0.7357777230769246,0.8877948913503021,0.8156868950639765
PAK,Pakistan,South Asia,SL.UEM.TOTL.ZS,Unemployment Total %,Unemployment,Labor,Percentage,2025,,5.838480000000118,Future Forecast,Linear Regression,0.7357777230769246,0.8877948913503021,0.8156868950639765
PAK,Pakistan,South Asia,SL.UEM.TOTL.ZS,Unemployment Total %,Unemployment,Labor,Percentage,2026,,6.097476923077011,Future Forecast,Linear Regression,0.7357777230769246,0.8877948913503021,0.8156868950639765
PAK,Pakistan,South Asia,SL.UEM.TOTL.ZS,Unemployment Total %,Unemployment,Labor,Percentage,2027,,6.356473846153904,Future Forecast,Linear Regression,0.7357777230769246,0.8877948913503021,0.8156868950639765
PAK,Pakistan,South Asia,SL.UEM.TOTL.ZS,Unemployment Total %,Unemployment,Labor,Percentage,2028,,6.61547076923091,Future Forecast,Linear Regression,0.7357777230769246,0.8877948913503021,0.8156868950639765
PAK,Pakistan,South Asia,SL.UEM.TOTL.ZS,Unemployment Total %,Unemployment,Labor,Percentage,2029,,6.874467692307803,Future Forecast,Linear Regression,0.7357777230769246,0.8877948913503021,0.8156868950639765
PAK,Pakistan,South Asia,SP.POP.TOTL,Total Population,Population,Population,People,2000,154879127.0,156550127.2676916,Historical Prediction,Linear Regression,1417833.2055382156,1637573.2412139138,0.9967706056399349
PAK,Pakistan,South Asia,SP.POP.TOTL,Total Population,Population,Population,People,2001,159270907.0,160539789.51538372,Historical Prediction,Linear Regression,1417833.2055382156,1637573.2412139138,0.9967706056399349
PAK,Pakistan,South Asia,SP.POP.TOTL,Total Population,Population,Population,People,2002,163222549.0,164529451.76307583,Historical Prediction,Linear Regression,1417833.2055382156,1637573.2412139138,0.9967706056399349
PAK,Pakistan,South Asia,SP.POP.TOTL,Total Population,Population,Population,People,2003,167110248.0,168519114.0107689,Historical Prediction,Linear Regression,1417833.2055382156,1637573.2412139138,0.9967706056399349
PAK,Pakistan,South Asia,SP.POP.TOTL,Total Population,Population,Population,People,2004,171286000.0,172508776.258461,Historical Prediction,Linear Regression,1417833.2055382156,1637573.2412139138,0.9967706056399349
PAK,Pakistan,South Asia,SP.POP.TOTL,Total Population,Population,Population,People,2005,175453212.0,176498438.5061531,Historical Prediction,Linear Regression,1417833.2055382156,1637573.2412139138,0.9967706056399349
PAK,Pakistan,South Asia,SP.POP.TOTL,Total Population,Population,Population,People,2006,179682690.0,180488100.7538452,Historical Prediction,Linear Regression,1417833.2055382156,1637573.2412139138,0.9967706056399349
PAK,Pakistan,South Asia,SP.POP.TOTL,Total Population,Population,Population,People,2007,184493231.0,184477763.00153828,Historical Prediction,Linear Regression,1417833.2055382156,1637573.2412139138,0.9967706056399349
PAK,Pakistan,South Asia,SP.POP.TOTL,Total Population,Population,Population,People,2008,189499113.0,188467425.24923038,Historical Prediction,Linear Regression,1417833.2055382156,1637573.2412139138,0.9967706056399349
PAK,Pakistan,South Asia,SP.POP.TOTL,Total Population,Population,Population,People,2009,194376534.0,192457087.4969225,Historical Prediction,Linear Regression,1417833.2055382156,1637573.2412139138,0.9967706056399349
PAK,Pakistan,South Asia,SP.POP.TOTL,Total Population,Population,Population,People,2010,199239047.0,196446749.7446146,Historical Prediction,Linear Regression,1417833.2055382156,1637573.2412139138,0.9967706056399349
PAK,Pakistan,South Asia,SP.POP.TOTL,Total Population,Population,Population,People,2011,203746065.0,200436411.9923067,Historical Prediction,Linear Regression,1417833.2055382156,1637573.2412139138,0.9967706056399349
PAK,Pakistan,South Asia,SP.POP.TOTL,Total Population,Population,Population,People,2012,207667125.0,204426074.23999977,Historical Prediction,Linear Regression,1417833.2055382156,1637573.2412139138,0.9967706056399349
PAK,Pakistan,South Asia,SP.POP.TOTL,Total Population,Population,Population,People,2013,211073978.0,208415736.48769188,Historical Prediction,Linear Regression,1417833.2055382156,1637573.2412139138,0.9967706056399349
PAK,Pakistan,South Asia,SP.POP.TOTL,Total Population,Population,Population,People,2014,214264647.0,212405398.735384,Historical Prediction,Linear Regression,1417833.2055382156,1637573.2412139138,0.9967706056399349
PAK,Pakistan,South Asia,SP.POP.TOTL,Total Population,Population,Population,People,2015,217290883.0,216395060.9830761,Historical Prediction,Linear Regression,1417833.2055382156,1637573.2412139138,0.9967706056399349
PAK,Pakistan,South Asia,SP.POP.TOTL,Total Population,Population,Population,People,2016,220138869.0,220384723.2307682,Historical Prediction,Linear Regression,1417833.2055382156,1637573.2412139138,0.9967706056399349
PAK,Pakistan,South Asia,SP.POP.TOTL,Total Population,Population,Population,People,2017,223273967.0,224374385.47846127,Historical Prediction,Linear Regression,1417833.2055382156,1637573.2412139138,0.9967706056399349
PAK,Pakistan,South Asia,SP.POP.TOTL,Total Population,Population,Population,People,2018,226928892.0,228364047.72615337,Historical Prediction,Linear Regression,1417833.2055382156,1637573.2412139138,0.9967706056399349
PAK,Pakistan,South Asia,SP.POP.TOTL,Total Population,Population,Population,People,2019,230800899.0,232353709.97384548,Historical Prediction,Linear Regression,1417833.2055382156,1637573.2412139138,0.9967706056399349
PAK,Pakistan,South Asia,SP.POP.TOTL,Total Population,Population,Population,People,2020,235001746.0,236343372.2215376,Historical Prediction,Linear Regression,1417833.2055382156,1637573.2412139138,0.9967706056399349
PAK,Pakistan,South Asia,SP.POP.TOTL,Total Population,Population,Population,People,2021,239477801.0,240333034.4692297,Historical Prediction,Linear Regression,1417833.2055382156,1637573.2412139138,0.9967706056399349
PAK,Pakistan,South Asia,SP.POP.TOTL,Total Population,Population,Population,People,2022,243700667.0,244322696.71692276,Historical Prediction,Linear Regression,1417833.2055382156,1637573.2412139138,0.9967706056399349
PAK,Pakistan,South Asia,SP.POP.TOTL,Total Population,Population,Population,People,2023,247504495.0,248312358.96461487,Historical Prediction,Linear Regression,1417833.2055382156,1637573.2412139138,0.9967706056399349
PAK,Pakistan,South Asia,SP.POP.TOTL,Total Population,Population,Population,People,2024,251269164.0,252302021.21230698,Historical Prediction,Linear Regression,1417833.2055382156,1637573.2412139138,0.9967706056399349
PAK,Pakistan,South Asia,SP.POP.TOTL,Total Population,Population,Population,People,2025,,256291683.45999908,Future Forecast,Linear Regression,1417833.2055382156,1637573.2412139138,0.9967706056399349
PAK,Pakistan,South Asia,SP.POP.TOTL,Total Population,Population,Population,People,2026,,260281345.7076912,Future Forecast,Linear Regression,1417833.2055382156,1637573.2412139138,0.9967706056399349
PAK,Pakistan,South Asia,SP.POP.TOTL,Total Population,Population,Population,People,2027,,264271007.95538425,Future Forecast,Linear Regression,1417833.2055382156,1637573.2412139138,0.9967706056399349
PAK,Pakistan,South Asia,SP.POP.TOTL,Total Population,Population,Population,People,2028,,268260670.20307636,Future Forecast,Linear Regression,1417833.2055382156,1637573.2412139138,0.9967706056399349
PAK,Pakistan,South Asia,SP.POP.TOTL,Total Population,Population,Population,People,2029,,272250332.4507685,Future Forecast,Linear Regression,1417833.2055382156,1637573.2412139138,0.9967706056399349
SAU,Saudi Arabia,Middle East,FP.CPI.TOTL.ZG,Inflation Annual %,Inflation,Economy,Percentage,2000,-1.12499838517645,1.8096806732688435,Historical Prediction,Linear Regression,1.7975465044279233,2.4671294646246635,0.013694547678656965
SAU,Saudi Arabia,Middle East,FP.CPI.TOTL.ZG,Inflation Annual %,Inflation,Economy,Percentage,2001,-1.12094804896791,1.8499949058910516,Historical Prediction,Linear Regression,1.7975465044279233,2.4671294646246635,0.013694547678656965
SAU,Saudi Arabia,Middle East,FP.CPI.TOTL.ZG,Inflation Annual %,Inflation,Economy,Percentage,2002,0.247186492339686,1.8903091385132598,Historical Prediction,Linear Regression,1.7975465044279233,2.4671294646246635,0.013694547678656965
SAU,Saudi Arabia,Middle East,FP.CPI.TOTL.ZG,Inflation Annual %,Inflation,Economy,Percentage,2003,0.612195358172966,1.930623371135468,Historical Prediction,Linear Regression,1.7975465044279233,2.4671294646246635,0.013694547678656965
SAU,Saudi Arabia,Middle East,FP.CPI.TOTL.ZG,Inflation Annual %,Inflation,Economy,Percentage,2004,0.5155078977673,1.9709376037576618,Historical Prediction,Linear Regression,1.7975465044279233,2.4671294646246635,0.013694547678656965
SAU,Saudi Arabia,Middle East,FP.CPI.TOTL.ZG,Inflation Annual %,Inflation,Economy,Percentage,2005,0.479231671630955,2.01125183637987,Historical Prediction,Linear Regression,1.7975465044279233,2.4671294646246635,0.013694547678656965
SAU,Saudi Arabia,Middle East,FP.CPI.TOTL.ZG,Inflation Annual %,Inflation,Economy,Percentage,2006,2.20902314069647,2.051566069002078,Historical Prediction,Linear Regression,1.7975465044279233,2.4671294646246635,0.013694547678656965
SAU,Saudi Arabia,Middle East,FP.CPI.TOTL.ZG,Inflation Annual %,Inflation,Economy,Percentage,2007,4.16782358431579,2.091880301624272,Historical Prediction,Linear Regression,1.7975465044279233,2.4671294646246635,0.013694547678656965
SAU,Saudi Arabia,Middle East,FP.CPI.TOTL.ZG,Inflation Annual %,Inflation,Economy,Percentage,2008,9.87024816760266,2.13219453424648,Historical Prediction,Linear Regression,1.7975465044279233,2.4671294646246635,0.013694547678656965
SAU,Saudi Arabia,Middle East,FP.CPI.TOTL.ZG,Inflation Annual %,Inflation,Economy,Percentage,2009,5.0572227614833,2.172508766868688,Historical Prediction,Linear Regression,1.7975465044279233,2.4671294646246635,0.013694547678656965
SAU,Saudi Arabia,Middle East,FP.CPI.TOTL.ZG,Inflation Annual %,Inflation,Economy,Percentage,2010,5.33941733020905,2.212822999490882,Historical Prediction,Linear Regression,1.7975465044279233,2.4671294646246635,0.013694547678656965
SAU,Saudi Arabia,Middle East,FP.CPI.TOTL.ZG,Inflation Annual %,Inflation,Economy,Percentage,2011,5.8262163739404,2.2531372321130902,Historical Prediction,Linear Regression,1.7975465044279233,2.4671294646246635,0.013694547678656965
SAU,Saudi Arabia,Middle East,FP.CPI.TOTL.ZG,Inflation Annual %,Inflation,Economy,Percentage,2012,2.86627029905053,2.2934514647352984,Historical Prediction,Linear Regression,1.7975465044279233,2.4671294646246635,0.013694547678656965
SAU,Saudi Arabia,Middle East,FP.CPI.TOTL.ZG,Inflation Annual %,Inflation,Economy,Percentage,2013,3.51104209799866,2.3337656973574923,Historical Prediction,Linear Regression,1.7975465044279233,2.4671294646246635,0.013694547678656965
SAU,Saudi Arabia,Middle East,FP.CPI.TOTL.ZG,Inflation Annual %,Inflation,Economy,Percentage,2014,2.24185348779063,2.3740799299797004,Historical Prediction,Linear Regression,1.7975465044279233,2.4671294646246635,0.013694547678656965
SAU,Saudi Arabia,Middle East,FP.CPI.TOTL.ZG,Inflation Annual %,Inflation,Economy,Percentage,2015,1.22269318552328,2.4143941626019085,Historical Prediction,Linear Regression,1.7975465044279233,2.4671294646246635,0.013694547678656965
SAU,Saudi Arabia,Middle East,FP.CPI.TOTL.ZG,Inflation Annual %,Inflation,Economy,Percentage,2016,2.05347076823965,2.4547083952241024,Historical Prediction,Linear Regression,1.7975465044279233,2.4671294646246635,0.013694547678656965
SAU,Saudi Arabia,Middle East,FP.CPI.TOTL.ZG,Inflation Annual %,Inflation,Economy,Percentage,2017,-0.834845735027162,2.4950226278463106,Historical Prediction,Linear Regression,1.7975465044279233,2.4671294646246635,0.013694547678656965
SAU,Saudi Arabia,Middle East,FP.CPI.TOTL.ZG,Inflation Annual %,Inflation,Economy,Percentage,2018,2.46594308994843,2.5353368604685187,Historical Prediction,Linear Regression,1.7975465044279233,2.4671294646246635,0.013694547678656965
SAU,Saudi Arabia,Middle East,FP.CPI.TOTL.ZG,Inflation Annual %,Inflation,Economy,Percentage,2019,-1.19298644533328,2.5756510930907126,Historical Prediction,Linear Regression,1.7975465044279233,2.4671294646246635,0.013694547678656965
SAU,Saudi Arabia,Middle East,FP.CPI.TOTL.ZG,Inflation Annual %,Inflation,Economy,Percentage,2020,3.37234961012303,2.6159653257129207,Historical Prediction,Linear Regression,1.7975465044279233,2.4671294646246635,0.013694547678656965
SAU,Saudi Arabia,Middle East,FP.CPI.TOTL.ZG,Inflation Annual %,Inflation,Economy,Percentage,2021,3.06328988941548,2.656279558335129,Historical Prediction,Linear Regression,1.7975465044279233,2.4671294646246635,0.013694547678656965
SAU,Saudi Arabia,Middle East,FP.CPI.TOTL.ZG,Inflation Annual %,Inflation,Economy,Percentage,2022,2.47407371925372,2.6965937909573228,Historical Prediction,Linear Regression,1.7975465044279233,2.4671294646246635,0.013694547678656965
SAU,Saudi Arabia,Middle East,FP.CPI.TOTL.ZG,Inflation Annual %,Inflation,Economy,Percentage,2023,2.32708518362706,2.736908023579531,Historical Prediction,Linear Regression,1.7975465044279233,2.4671294646246635,0.013694547678656965
SAU,Saudi Arabia,Middle East,FP.CPI.TOTL.ZG,Inflation Annual %,Inflation,Economy,Percentage,2024,1.68792112375809,2.777222256201739,Historical Prediction,Linear Regression,1.7975465044279233,2.4671294646246635,0.013694547678656965
SAU,Saudi Arabia,Middle East,FP.CPI.TOTL.ZG,Inflation Annual %,Inflation,Economy,Percentage,2025,,2.817536488823933,Future Forecast,Linear Regression,1.7975465044279233,2.4671294646246635,0.013694547678656965
SAU,Saudi Arabia,Middle East,FP.CPI.TOTL.ZG,Inflation Annual %,Inflation,Economy,Percentage,2026,,2.857850721446141,Future Forecast,Linear Regression,1.7975465044279233,2.4671294646246635,0.013694547678656965
SAU,Saudi Arabia,Middle East,FP.CPI.TOTL.ZG,Inflation Annual %,Inflation,Economy,Percentage,2027,,2.898164954068349,Future Forecast,Linear Regression,1.7975465044279233,2.4671294646246635,0.013694547678656965
SAU,Saudi Arabia,Middle East,FP.CPI.TOTL.ZG,Inflation Annual %,Inflation,Economy,Percentage,2028,,2.938479186690543,Future Forecast,Linear Regression,1.7975465044279233,2.4671294646246635,0.013694547678656965
SAU,Saudi Arabia,Middle East,FP.CPI.TOTL.ZG,Inflation Annual %,Inflation,Economy,Percentage,2029,,2.978793419312751,Future Forecast,Linear Regression,1.7975465044279233,2.4671294646246635,0.013694547678656965
SAU,Saudi Arabia,Middle East,NE.EXP.GNFS.ZS,Exports of Goods and Services % of GDP,Exports % GDP,Trade,Percentage,2000,43.4052690306903,55.16365352445155,Historical Prediction,Linear Regression,7.159299132032557,8.4399889831415,0.4378519770159426
SAU,Saudi Arabia,Middle East,NE.EXP.GNFS.ZS,Exports of Goods and Services % of GDP,Exports % GDP,Trade,Percentage,2001,39.633694222871,54.13070537579324,Historical Prediction,Linear Regression,7.159299132032557,8.4399889831415,0.4378519770159426
SAU,Saudi Arabia,Middle East,NE.EXP.GNFS.ZS,Exports of Goods and Services % of GDP,Exports % GDP,Trade,Percentage,2002,40.94880327191,53.09775722713539,Historical Prediction,Linear Regression,7.159299132032557,8.4399889831415,0.4378519770159426
SAU,Saudi Arabia,Middle East,NE.EXP.GNFS.ZS,Exports of Goods and Services % of GDP,Exports % GDP,Trade,Percentage,2003,45.8541491871159,52.06480907847708,Historical Prediction,Linear Regression,7.159299132032557,8.4399889831415,0.4378519770159426
SAU,Saudi Arabia,Middle East,NE.EXP.GNFS.ZS,Exports of Goods and Services % of GDP,Exports % GDP,Trade,Percentage,2004,50.9853310838178,51.03186092981878,Historical Prediction,Linear Regression,7.159299132032557,8.4399889831415,0.4378519770159426
SAU,Saudi Arabia,Middle East,NE.EXP.GNFS.ZS,Exports of Goods and Services % of GDP,Exports % GDP,Trade,Percentage,2005,57.050742989557,49.998912781160925,Historical Prediction,Linear Regression,7.159299132032557,8.4399889831415,0.4378519770159426
SAU,Saudi Arabia,Middle East,NE.EXP.GNFS.ZS,Exports of Goods and Services % of GDP,Exports % GDP,Trade,Percentage,2006,59.8319082445442,48.96596463250262,Historical Prediction,Linear Regression,7.159299132032557,8.4399889831415,0.4378519770159426
SAU,Saudi Arabia,Middle East,NE.EXP.GNFS.ZS,Exports of Goods and Services % of GDP,Exports % GDP,Trade,Percentage,2007,59.9374401392842,47.93301648384431,Historical Prediction,Linear Regression,7.159299132032557,8.4399889831415,0.4378519770159426
SAU,Saudi Arabia,Middle East,NE.EXP.GNFS.ZS,Exports of Goods and Services % of GDP,Exports % GDP,Trade,Percentage,2008,62.1115020331022,46.90006833518646,Historical Prediction,Linear Regression,7.159299132032557,8.4399889831415,0.4378519770159426
SAU,Saudi Arabia,Middle East,NE.EXP.GNFS.ZS,Exports of Goods and Services % of GDP,Exports % GDP,Trade,Percentage,2009,47.0886206534391,45.867120186528155,Historical Prediction,Linear Regression,7.159299132032557,8.4399889831415,0.4378519770159426
SAU,Saudi Arabia,Middle East,NE.EXP.GNFS.ZS,Exports of Goods and Services % of GDP,Exports % GDP,Trade,Percentage,2010,49.5697145263124,44.83417203786985,Historical Prediction,Linear Regression,7.159299132032557,8.4399889831415,0.4378519770159426
SAU,Saudi Arabia,Middle East,NE.EXP.GNFS.ZS,Exports of Goods and Services % of GDP,Exports % GDP,Trade,Percentage,2011,55.2733461365779,43.801223889212,Historical Prediction,Linear Regression,7.159299132032557,8.4399889831415,0.4378519770159426
SAU,Saudi Arabia,Middle East,NE.EXP.GNFS.ZS,Exports of Goods and Services % of GDP,Exports % GDP,Trade,Percentage,2012,53.1198476436365,42.76827574055369,Historical Prediction,Linear Regression,7.159299132032557,8.4399889831415,0.4378519770159426
SAU,Saudi Arabia,Middle East,NE.EXP.GNFS.ZS,Exports of Goods and Services % of GDP,Exports % GDP,Trade,Percentage,2013,50.3725164415794,41.73532759189584,Historical Prediction,Linear Regression,7.159299132032557,8.4399889831415,0.4378519770159426
SAU,Saudi Arabia,Middle East,NE.EXP.GNFS.ZS,Exports of Goods and Services % of GDP,Exports % GDP,Trade,Percentage,2014,45.0958458227862,40.70237944323753,Historical Prediction,Linear Regression,7.159299132032557,8.4399889831415,0.4378519770159426
SAU,Saudi Arabia,Middle East,NE.EXP.GNFS.ZS,Exports of Goods and Services % of GDP,Exports % GDP,Trade,Percentage,2015,31.4401316153804,39.669431294579226,Historical Prediction,Linear Regression,7.159299132032557,8.4399889831415,0.4378519770159426
SAU,Saudi Arabia,Middle East,NE.EXP.GNFS.ZS,Exports of Goods and Services % of GDP,Exports % GDP,Trade,Percentage,2016,29.1430897114591,38.636483145921375,Historical Prediction,Linear Regression,7.159299132032557,8.4399889831415,0.4378519770159426
SAU,Saudi Arabia,Middle East,NE.EXP.GNFS.ZS,Exports of Goods and Services % of GDP,Exports % GDP,Trade,Percentage,2017,32.3625378991189,37.60353499726307,Historical Prediction,Linear Regression,7.159299132032557,8.4399889831415,0.4378519770159426
SAU,Saudi Arabia,Middle East,NE.EXP.GNFS.ZS,Exports of Goods and Services % of GDP,Exports % GDP,Trade,Percentage,2018,35.5209831625769,36.57058684860476,Historical Prediction,Linear Regression,7.159299132032557,8.4399889831415,0.4378519770159426
SAU,Saudi Arabia,Middle East,NE.EXP.GNFS.ZS,Exports of Goods and Services % of GDP,Exports % GDP,Trade,Percentage,2019,32.159204977113,35.53763869994691,Historical Prediction,Linear Regression,7.159299132032557,8.4399889831415,0.4378519770159426
SAU,Saudi Arabia,Middle East,NE.EXP.GNFS.ZS,Exports of Goods and Services % of GDP,Exports % GDP,Trade,Percentage,2020,23.8098115262185,34.504690551288604,Historical Prediction,Linear Regression,7.159299132032557,8.4399889831415,0.4378519770159426
SAU,Saudi Arabia,Middle East,NE.EXP.GNFS.ZS,Exports of Goods and Services % of GDP,Exports % GDP,Trade,Percentage,2021,29.1556614026837,33.4717424026303,Historical Prediction,Linear Regression,7.159299132032557,8.4399889831415,0.4378519770159426
SAU,Saudi Arabia,Middle East,NE.EXP.GNFS.ZS,Exports of Goods and Services % of GDP,Exports % GDP,Trade,Percentage,2022,35.9850098955522,32.438794253972446,Historical Prediction,Linear Regression,7.159299132032557,8.4399889831415,0.4378519770159426
SAU,Saudi Arabia,Middle East,NE.EXP.GNFS.ZS,Exports of Goods and Services % of GDP,Exports % GDP,Trade,Percentage,2023,30.2425196271434,31.40584610531414,Historical Prediction,Linear Regression,7.159299132032557,8.4399889831415,0.4378519770159426
SAU,Saudi Arabia,Middle East,NE.EXP.GNFS.ZS,Exports of Goods and Services % of GDP,Exports % GDP,Trade,Percentage,2024,29.1092122693749,30.372897956655834,Historical Prediction,Linear Regression,7.159299132032557,8.4399889831415,0.4378519770159426
SAU,Saudi Arabia,Middle East,NE.EXP.GNFS.ZS,Exports of Goods and Services % of GDP,Exports % GDP,Trade,Percentage,2025,,29.339949807997982,Future Forecast,Linear Regression,7.159299132032557,8.4399889831415,0.4378519770159426
SAU,Saudi Arabia,Middle East,NE.EXP.GNFS.ZS,Exports of Goods and Services % of GDP,Exports % GDP,Trade,Percentage,2026,,28.307001659339676,Future Forecast,Linear Regression,7.159299132032557,8.4399889831415,0.4378519770159426
SAU,Saudi Arabia,Middle East,NE.EXP.GNFS.ZS,Exports of Goods and Services % of GDP,Exports % GDP,Trade,Percentage,2027,,27.274053510681824,Future Forecast,Linear Regression,7.159299132032557,8.4399889831415,0.4378519770159426
SAU,Saudi Arabia,Middle East,NE.EXP.GNFS.ZS,Exports of Goods and Services % of GDP,Exports % GDP,Trade,Percentage,2028,,26.241105362023518,Future Forecast,Linear Regression,7.159299132032557,8.4399889831415,0.4378519770159426
SAU,Saudi Arabia,Middle East,NE.EXP.GNFS.ZS,Exports of Goods and Services % of GDP,Exports % GDP,Trade,Percentage,2029,,25.20815721336521,Future Forecast,Linear Regression,7.159299132032557,8.4399889831415,0.4378519770159426
SAU,Saudi Arabia,Middle East,NV.AGR.TOTL.ZS,Agriculture Value Added % of GDP,Agriculture % GDP,Agriculture,Percentage,2000,4.90093304872369,4.071617023239412,Historical Prediction,Linear Regression,0.5529554796807221,0.6442777464593702,0.5065565764040632
SAU,Saudi Arabia,Middle East,NV.AGR.TOTL.ZS,Agriculture Value Added % of GDP,Agriculture % GDP,Agriculture,Percentage,2001,5.13485567314878,3.981092393846467,Historical Prediction,Linear Regression,0.5529554796807221,0.6442777464593702,0.5065565764040632
SAU,Saudi Arabia,Middle East,NV.AGR.TOTL.ZS,Agriculture Value Added % of GDP,Agriculture % GDP,Agriculture,Percentage,2002,5.03753751642003,3.89056776445355,Historical Prediction,Linear Regression,0.5529554796807221,0.6442777464593702,0.5065565764040632
SAU,Saudi Arabia,Middle East,NV.AGR.TOTL.ZS,Agriculture Value Added % of GDP,Agriculture % GDP,Agriculture,Percentage,2003,4.47188176141973,3.800043135060605,Historical Prediction,Linear Regression,0.5529554796807221,0.6442777464593702,0.5065565764040632
SAU,Saudi Arabia,Middle East,NV.AGR.TOTL.ZS,Agriculture Value Added % of GDP,Agriculture % GDP,Agriculture,Percentage,2004,3.86835593326895,3.7095185056676883,Historical Prediction,Linear Regression,0.5529554796807221,0.6442777464593702,0.5065565764040632
SAU,Saudi Arabia,Middle East,NV.AGR.TOTL.ZS,Agriculture Value Added % of GDP,Agriculture % GDP,Agriculture,Percentage,2005,3.1854016709851,3.6189938762747715,Historical Prediction,Linear Regression,0.5529554796807221,0.6442777464593702,0.5065565764040632
SAU,Saudi Arabia,Middle East,NV.AGR.TOTL.ZS,Agriculture Value Added % of GDP,Agriculture % GDP,Agriculture,Percentage,2006,2.91996194095464,3.5284692468818264,Historical Prediction,Linear Regression,0.5529554796807221,0.6442777464593702,0.5065565764040632
SAU,Saudi Arabia,Middle East,NV.AGR.TOTL.ZS,Agriculture Value Added % of GDP,Agriculture % GDP,Agriculture,Percentage,2007,2.74276747836675,3.4379446174889097,Historical Prediction,Linear Regression,0.5529554796807221,0.6442777464593702,0.5065565764040632
SAU,Saudi Arabia,Middle East,NV.AGR.TOTL.ZS,Agriculture Value Added % of GDP,Agriculture % GDP,Agriculture,Percentage,2008,2.29269078480924,3.3474199880959645,Historical Prediction,Linear Regression,0.5529554796807221,0.6442777464593702,0.5065565764040632
SAU,Saudi Arabia,Middle East,NV.AGR.TOTL.ZS,Agriculture Value Added % of GDP,Agriculture % GDP,Agriculture,Percentage,2009,2.83043433137553,3.256895358703048,Historical Prediction,Linear Regression,0.5529554796807221,0.6442777464593702,0.5065565764040632
SAU,Saudi Arabia,Middle East,NV.AGR.TOTL.ZS,Agriculture Value Added % of GDP,Agriculture % GDP,Agriculture,Percentage,2010,2.61912238524459,3.166370729310131,Historical Prediction,Linear Regression,0.5529554796807221,0.6442777464593702,0.5065565764040632
SAU,Saudi Arabia,Middle East,NV.AGR.TOTL.ZS,Agriculture Value Added % of GDP,Agriculture % GDP,Agriculture,Percentage,2011,2.15288829129967,3.075846099917186,Historical Prediction,Linear Regression,0.5529554796807221,0.6442777464593702,0.5065565764040632
SAU,Saudi Arabia,Middle East,NV.AGR.TOTL.ZS,Agriculture Value Added % of GDP,Agriculture % GDP,Agriculture,Percentage,2012,2.06209514825132,2.985321470524269,Historical Prediction,Linear Regression,0.5529554796807221,0.6442777464593702,0.5065565764040632
SAU,Saudi Arabia,Middle East,NV.AGR.TOTL.ZS,Agriculture Value Added % of GDP,Agriculture % GDP,Agriculture,Percentage,2013,2.14783287096443,2.894796841131324,Historical Prediction,Linear Regression,0.5529554796807221,0.6442777464593702,0.5065565764040632
SAU,Saudi Arabia,Middle East,NV.AGR.TOTL.ZS,Agriculture Value Added % of GDP,Agriculture % GDP,Agriculture,Percentage,2014,2.27940419211986,2.8042722117384073,Historical Prediction,Linear Regression,0.5529554796807221,0.6442777464593702,0.5065565764040632
SAU,Saudi Arabia,Middle East,NV.AGR.TOTL.ZS,Agriculture Value Added % of GDP,Agriculture % GDP,Agriculture,Percentage,2015,2.75387031670143,2.7137475823454906,Historical Prediction,Linear Regression,0.5529554796807221,0.6442777464593702,0.5065565764040632
SAU,Saudi Arabia,Middle East,NV.AGR.TOTL.ZS,Agriculture Value Added % of GDP,Agriculture % GDP,Agriculture,Percentage,2016,2.91802299444676,2.6232229529525455,Historical Prediction,Linear Regression,0.5529554796807221,0.6442777464593702,0.5065565764040632
SAU,Saudi Arabia,Middle East,NV.AGR.TOTL.ZS,Agriculture Value Added % of GDP,Agriculture % GDP,Agriculture,Percentage,2017,2.83525700890872,2.5326983235596288,Historical Prediction,Linear Regression,0.5529554796807221,0.6442777464593702,0.5065565764040632
SAU,Saudi Arabia,Middle East,NV.AGR.TOTL.ZS,Agriculture Value Added % of GDP,Agriculture % GDP,Agriculture,Percentage,2018,2.41396154385256,2.4421736941666836,Historical Prediction,Linear Regression,0.5529554796807221,0.6442777464593702,0.5065565764040632
SAU,Saudi Arabia,Middle East,NV.AGR.TOTL.ZS,Agriculture Value Added % of GDP,Agriculture % GDP,Agriculture,Percentage,2019,2.45384656461481,2.351649064773767,Historical Prediction,Linear Regression,0.5529554796807221,0.6442777464593702,0.5065565764040632
SAU,Saudi Arabia,Middle East,NV.AGR.TOTL.ZS,Agriculture Value Added % of GDP,Agriculture % GDP,Agriculture,Percentage,2020,2.95556974627207,2.2611244353808218,Historical Prediction,Linear Regression,0.5529554796807221,0.6442777464593702,0.5065565764040632
SAU,Saudi Arabia,Middle East,NV.AGR.TOTL.ZS,Agriculture Value Added % of GDP,Agriculture % GDP,Agriculture,Percentage,2021,2.44812792691627,2.170599805987905,Historical Prediction,Linear Regression,0.5529554796807221,0.6442777464593702,0.5065565764040632
SAU,Saudi Arabia,Middle East,NV.AGR.TOTL.ZS,Agriculture Value Added % of GDP,Agriculture % GDP,Agriculture,Percentage,2022,2.21479159080364,2.0800751765949883,Historical Prediction,Linear Regression,0.5529554796807221,0.6442777464593702,0.5065565764040632
SAU,Saudi Arabia,Middle East,NV.AGR.TOTL.ZS,Agriculture Value Added % of GDP,Agriculture % GDP,Agriculture,Percentage,2023,2.457692991125,1.9895505472020432,Historical Prediction,Linear Regression,0.5529554796807221,0.6442777464593702,0.5065565764040632
SAU,Saudi Arabia,Middle East,NV.AGR.TOTL.ZS,Agriculture Value Added % of GDP,Agriculture % GDP,Agriculture,Percentage,2024,2.53573305211338,1.8990259178091264,Historical Prediction,Linear Regression,0.5529554796807221,0.6442777464593702,0.5065565764040632
SAU,Saudi Arabia,Middle East,NV.AGR.TOTL.ZS,Agriculture Value Added % of GDP,Agriculture % GDP,Agriculture,Percentage,2025,,1.8085012884161813,Future Forecast,Linear Regression,0.5529554796807221,0.6442777464593702,0.5065565764040632
SAU,Saudi Arabia,Middle East,NV.AGR.TOTL.ZS,Agriculture Value Added % of GDP,Agriculture % GDP,Agriculture,Percentage,2026,,1.7179766590232646,Future Forecast,Linear Regression,0.5529554796807221,0.6442777464593702,0.5065565764040632
SAU,Saudi Arabia,Middle East,NV.AGR.TOTL.ZS,Agriculture Value Added % of GDP,Agriculture % GDP,Agriculture,Percentage,2027,,1.6274520296303479,Future Forecast,Linear Regression,0.5529554796807221,0.6442777464593702,0.5065565764040632
SAU,Saudi Arabia,Middle East,NV.AGR.TOTL.ZS,Agriculture Value Added % of GDP,Agriculture % GDP,Agriculture,Percentage,2028,,1.5369274002374027,Future Forecast,Linear Regression,0.5529554796807221,0.6442777464593702,0.5065565764040632
SAU,Saudi Arabia,Middle East,NV.AGR.TOTL.ZS,Agriculture Value Added % of GDP,Agriculture % GDP,Agriculture,Percentage,2029,,1.446402770844486,Future Forecast,Linear Regression,0.5529554796807221,0.6442777464593702,0.5065565764040632
SAU,Saudi Arabia,Middle East,NY.GDP.MKTP.CD,GDP Current US$,GDP,Economy,US Dollars,2000,189514933333.333,120733480331.32812,Historical Prediction,Linear Regression,67652339577.82529,85023180258.62689,0.9306222075338053
SAU,Saudi Arabia,Middle East,NY.GDP.MKTP.CD,GDP Current US$,GDP,Economy,US Dollars,2001,184137600000.0,163916413810.20312,Historical Prediction,Linear Regression,67652339577.82529,85023180258.62689,0.9306222075338053
SAU,Saudi Arabia,Middle East,NY.GDP.MKTP.CD,GDP Current US$,GDP,Economy,US Dollars,2002,189605866666.667,207099347289.09375,Historical Prediction,Linear Regression,67652339577.82529,85023180258.62689,0.9306222075338053
SAU,Saudi Arabia,Middle East,NY.GDP.MKTP.CD,GDP Current US$,GDP,Economy,US Dollars,2003,215807733333.333,250282280767.98438,Historical Prediction,Linear Regression,67652339577.82529,85023180258.62689,0.9306222075338053
SAU,Saudi Arabia,Middle East,NY.GDP.MKTP.CD,GDP Current US$,GDP,Economy,US Dollars,2004,258742133333.333,293465214246.8594,Historical Prediction,Linear Regression,67652339577.82529,85023180258.62689,0.9306222075338053
SAU,Saudi Arabia,Middle East,NY.GDP.MKTP.CD,GDP Current US$,GDP,Economy,US Dollars,2005,328459608764.111,336648147725.75,Historical Prediction,Linear Regression,67652339577.82529,85023180258.62689,0.9306222075338053
SAU,Saudi Arabia,Middle East,NY.GDP.MKTP.CD,GDP Current US$,GDP,Economy,US Dollars,2006,376900133511.348,379831081204.6406,Historical Prediction,Linear Regression,67652339577.82529,85023180258.62689,0.9306222075338053
SAU,Saudi Arabia,Middle East,NY.GDP.MKTP.CD,GDP Current US$,GDP,Economy,US Dollars,2007,415964509673.115,423014014683.5156,Historical Prediction,Linear Regression,67652339577.82529,85023180258.62689,0.9306222075338053
SAU,Saudi Arabia,Middle East,NY.GDP.MKTP.CD,GDP Current US$,GDP,Economy,US Dollars,2008,519796800000.0,466196948162.40625,Historical Prediction,Linear Regression,67652339577.82529,85023180258.62689,0.9306222075338053
SAU,Saudi Arabia,Middle East,NY.GDP.MKTP.CD,GDP Current US$,GDP,Economy,US Dollars,2009,429097866666.667,509379881641.28125,Historical Prediction,Linear Regression,67652339577.82529,85023180258.62689,0.9306222075338053
SAU,Saudi Arabia,Middle East,NY.GDP.MKTP.CD,GDP Current US$,GDP,Economy,US Dollars,2010,528207466666.667,552562815120.1719,Historical Prediction,Linear Regression,67652339577.82529,85023180258.62689,0.9306222075338053
SAU,Saudi Arabia,Middle East,NY.GDP.MKTP.CD,GDP Current US$,GDP,Economy,US Dollars,2011,680660800000.0,595745748599.0625,Historical Prediction,Linear Regression,67652339577.82529,85023180258.62689,0.9306222075338053
SAU,Saudi Arabia,Middle East,NY.GDP.MKTP.CD,GDP Current US$,GDP,Economy,US Dollars,2012,751921333333.333,638928682077.9375,Historical Prediction,Linear Regression,67652339577.82529,85023180258.62689,0.9306222075338053
SAU,Saudi Arabia,Middle East,NY.GDP.MKTP.CD,GDP Current US$,GDP,Economy,US Dollars,2013,769755733333.333,682111615556.8281,Historical Prediction,Linear Regression,67652339577.82529,85023180258.62689,0.9306222075338053
SAU,Saudi Arabia,Middle East,NY.GDP.MKTP.CD,GDP Current US$,GDP,Economy,US Dollars,2014,787153066666.667,725294549035.7188,Historical Prediction,Linear Regression,67652339577.82529,85023180258.62689,0.9306222075338053
SAU,Saudi Arabia,Middle East,NY.GDP.MKTP.CD,GDP Current US$,GDP,Economy,US Dollars,2015,693414400000.0,768477482514.5938,Historical Prediction,Linear Regression,67652339577.82529,85023180258.62689,0.9306222075338053
SAU,Saudi Arabia,Middle East,NY.GDP.MKTP.CD,GDP Current US$,GDP,Economy,US Dollars,2016,689279466666.667,811660415993.4844,Historical Prediction,Linear Regression,67652339577.82529,85023180258.62689,0.9306222075338053
SAU,Saudi Arabia,Middle East,NY.GDP.MKTP.CD,GDP Current US$,GDP,Economy,US Dollars,2017,741266133333.333,854843349472.375,Historical Prediction,Linear Regression,67652339577.82529,85023180258.62689,0.9306222075338053
SAU,Saudi Arabia,Middle East,NY.GDP.MKTP.CD,GDP Current US$,GDP,Economy,US Dollars,2018,886564800000.0,898026282951.25,Historical Prediction,Linear Regression,67652339577.82529,85023180258.62689,0.9306222075338053
SAU,Saudi Arabia,Middle East,NY.GDP.MKTP.CD,GDP Current US$,GDP,Economy,US Dollars,2019,888890133333.333,941209216430.1406,Historical Prediction,Linear Regression,67652339577.82529,85023180258.62689,0.9306222075338053
SAU,Saudi Arabia,Middle East,NY.GDP.MKTP.CD,GDP Current US$,GDP,Economy,US Dollars,2020,767951200000.0,984392149909.0312,Historical Prediction,Linear Regression,67652339577.82529,85023180258.62689,0.9306222075338053
SAU,Saudi Arabia,Middle East,NY.GDP.MKTP.CD,GDP Current US$,GDP,Economy,US Dollars,2021,982661066666.667,1027575083387.9062,Historical Prediction,Linear Regression,67652339577.82529,85023180258.62689,0.9306222075338053
SAU,Saudi Arabia,Middle East,NY.GDP.MKTP.CD,GDP Current US$,GDP,Economy,US Dollars,2022,1239075200000.0,1070758016866.7969,Historical Prediction,Linear Regression,67652339577.82529,85023180258.62689,0.9306222075338053
SAU,Saudi Arabia,Middle East,NY.GDP.MKTP.CD,GDP Current US$,GDP,Economy,US Dollars,2023,1218584533333.33,1113940950345.6875,Historical Prediction,Linear Regression,67652339577.82529,85023180258.62689,0.9306222075338053
SAU,Saudi Arabia,Middle East,NY.GDP.MKTP.CD,GDP Current US$,GDP,Economy,US Dollars,2024,1239804533333.33,1157123883824.5625,Historical Prediction,Linear Regression,67652339577.82529,85023180258.62689,0.9306222075338053
SAU,Saudi Arabia,Middle East,NY.GDP.MKTP.CD,GDP Current US$,GDP,Economy,US Dollars,2025,,1200306817303.4531,Future Forecast,Linear Regression,67652339577.82529,85023180258.62689,0.9306222075338053
SAU,Saudi Arabia,Middle East,NY.GDP.MKTP.CD,GDP Current US$,GDP,Economy,US Dollars,2026,,1243489750782.3438,Future Forecast,Linear Regression,67652339577.82529,85023180258.62689,0.9306222075338053
SAU,Saudi Arabia,Middle East,NY.GDP.MKTP.CD,GDP Current US$,GDP,Economy,US Dollars,2027,,1286672684261.2188,Future Forecast,Linear Regression,67652339577.82529,85023180258.62689,0.9306222075338053
SAU,Saudi Arabia,Middle East,NY.GDP.MKTP.CD,GDP Current US$,GDP,Economy,US Dollars,2028,,1329855617740.1094,Future Forecast,Linear Regression,67652339577.82529,85023180258.62689,0.9306222075338053
SAU,Saudi Arabia,Middle East,NY.GDP.MKTP.CD,GDP Current US$,GDP,Economy,US Dollars,2029,,1373038551219.0,Future Forecast,Linear Regression,67652339577.82529,85023180258.62689,0.9306222075338053
SAU,Saudi Arabia,Middle East,NY.GDP.PCAP.CD,GDP Per Capita Current US$,GDP per Capita,Economy,US Dollars,2000,11714.5623675159,10805.806916124187,Historical Prediction,Linear Regression,2434.0198702314815,3113.9969132758856,0.8494809709271955
SAU,Saudi Arabia,Middle East,NY.GDP.PCAP.CD,GDP Per Capita Current US$,GDP per Capita,Economy,US Dollars,2001,10805.311325122,11831.6894343514,Historical Prediction,Linear Regression,2434.0198702314815,3113.9969132758856,0.8494809709271955
SAU,Saudi Arabia,Middle East,NY.GDP.PCAP.CD,GDP Per Capita Current US$,GDP per Capita,Economy,US Dollars,2002,10586.0543471363,12857.571952578612,Historical Prediction,Linear Regression,2434.0198702314815,3113.9969132758856,0.8494809709271955
SAU,Saudi Arabia,Middle East,NY.GDP.PCAP.CD,GDP Per Capita Current US$,GDP per Capita,Economy,US Dollars,2003,11487.220410693,13883.454470805824,Historical Prediction,Linear Regression,2434.0198702314815,3113.9969132758856,0.8494809709271955
SAU,Saudi Arabia,Middle East,NY.GDP.PCAP.CD,GDP Per Capita Current US$,GDP per Capita,Economy,US Dollars,2004,13154.4978989446,14909.336989033036,Historical Prediction,Linear Regression,2434.0198702314815,3113.9969132758856,0.8494809709271955
SAU,Saudi Arabia,Middle East,NY.GDP.PCAP.CD,GDP Per Capita Current US$,GDP per Capita,Economy,US Dollars,2005,15975.7473782258,15935.21950726048,Historical Prediction,Linear Regression,2434.0198702314815,3113.9969132758856,0.8494809709271955
SAU,Saudi Arabia,Middle East,NY.GDP.PCAP.CD,GDP Per Capita Current US$,GDP per Capita,Economy,US Dollars,2006,17563.6145370639,16961.102025487693,Historical Prediction,Linear Regression,2434.0198702314815,3113.9969132758856,0.8494809709271955
SAU,Saudi Arabia,Middle East,NY.GDP.PCAP.CD,GDP Per Capita Current US$,GDP per Capita,Economy,US Dollars,2007,18596.1502627898,17986.984543714905,Historical Prediction,Linear Regression,2434.0198702314815,3113.9969132758856,0.8494809709271955
SAU,Saudi Arabia,Middle East,NY.GDP.PCAP.CD,GDP Per Capita Current US$,GDP per Capita,Economy,US Dollars,2008,22320.4888964331,19012.867061942117,Historical Prediction,Linear Regression,2434.0198702314815,3113.9969132758856,0.8494809709271955
SAU,Saudi Arabia,Middle East,NY.GDP.PCAP.CD,GDP Per Capita Current US$,GDP per Capita,Economy,US Dollars,2009,17718.3911648365,20038.74958016933,Historical Prediction,Linear Regression,2434.0198702314815,3113.9969132758856,0.8494809709271955
SAU,Saudi Arabia,Middle East,NY.GDP.PCAP.CD,GDP Per Capita Current US$,GDP per Capita,Economy,US Dollars,2010,22028.3901426586,21064.632098396774,Historical Prediction,Linear Regression,2434.0198702314815,3113.9969132758856,0.8494809709271955
SAU,Saudi Arabia,Middle East,NY.GDP.PCAP.CD,GDP Per Capita Current US$,GDP per Capita,Economy,US Dollars,2011,27126.7498747702,22090.514616623987,Historical Prediction,Linear Regression,2434.0198702314815,3113.9969132758856,0.8494809709271955
SAU,Saudi Arabia,Middle East,NY.GDP.PCAP.CD,GDP Per Capita Current US$,GDP per Capita,Economy,US Dollars,2012,28733.4375513452,23116.3971348512,Historical Prediction,Linear Regression,2434.0198702314815,3113.9969132758856,0.8494809709271955
SAU,Saudi Arabia,Middle East,NY.GDP.PCAP.CD,GDP Per Capita Current US$,GDP per Capita,Economy,US Dollars,2013,27865.465604962,24142.27965307841,Historical Prediction,Linear Regression,2434.0198702314815,3113.9969132758856,0.8494809709271955
SAU,Saudi Arabia,Middle East,NY.GDP.PCAP.CD,GDP Per Capita Current US$,GDP per Capita,Economy,US Dollars,2014,27805.4850319422,25168.162171305623,Historical Prediction,Linear Regression,2434.0198702314815,3113.9969132758856,0.8494809709271955
SAU,Saudi Arabia,Middle East,NY.GDP.PCAP.CD,GDP Per Capita Current US$,GDP per Capita,Economy,US Dollars,2015,23256.1549553531,26194.044689533068,Historical Prediction,Linear Regression,2434.0198702314815,3113.9969132758856,0.8494809709271955
SAU,Saudi Arabia,Middle East,NY.GDP.PCAP.CD,GDP Per Capita Current US$,GDP per Capita,Economy,US Dollars,2016,22267.7217050387,27219.92720776028,Historical Prediction,Linear Regression,2434.0198702314815,3113.9969132758856,0.8494809709271955
SAU,Saudi Arabia,Middle East,NY.GDP.PCAP.CD,GDP Per Capita Current US$,GDP per Capita,Economy,US Dollars,2017,23929.2907135982,28245.809725987492,Historical Prediction,Linear Regression,2434.0198702314815,3113.9969132758856,0.8494809709271955
SAU,Saudi Arabia,Middle East,NY.GDP.PCAP.CD,GDP Per Capita Current US$,GDP per Capita,Economy,US Dollars,2018,29360.0658968566,29271.692244214704,Historical Prediction,Linear Regression,2434.0198702314815,3113.9969132758856,0.8494809709271955
SAU,Saudi Arabia,Middle East,NY.GDP.PCAP.CD,GDP Per Capita Current US$,GDP per Capita,Economy,US Dollars,2019,29566.7933827436,30297.574762441916,Historical Prediction,Linear Regression,2434.0198702314815,3113.9969132758856,0.8494809709271955
SAU,Saudi Arabia,Middle East,NY.GDP.PCAP.CD,GDP Per Capita Current US$,GDP per Capita,Economy,US Dollars,2020,24338.8307301067,31323.45728066936,Historical Prediction,Linear Regression,2434.0198702314815,3113.9969132758856,0.8494809709271955
SAU,Saudi Arabia,Middle East,NY.GDP.PCAP.CD,GDP Per Capita Current US$,GDP per Capita,Economy,US Dollars,2021,31920.7653655643,32349.339798896573,Historical Prediction,Linear Regression,2434.0198702314815,3113.9969132758856,0.8494809709271955
SAU,Saudi Arabia,Middle East,NY.GDP.PCAP.CD,GDP Per Capita Current US$,GDP per Capita,Economy,US Dollars,2022,38510.2276211037,33375.222317123786,Historical Prediction,Linear Regression,2434.0198702314815,3113.9969132758856,0.8494809709271955
SAU,Saudi Arabia,Middle East,NY.GDP.PCAP.CD,GDP Per Capita Current US$,GDP per Capita,Economy,US Dollars,2023,36156.848337701,34401.104835351,Historical Prediction,Linear Regression,2434.0198702314815,3113.9969132758856,0.8494809709271955
SAU,Saudi Arabia,Middle East,NY.GDP.PCAP.CD,GDP Per Capita Current US$,GDP per Capita,Economy,US Dollars,2024,35121.6628687742,35426.98735357821,Historical Prediction,Linear Regression,2434.0198702314815,3113.9969132758856,0.8494809709271955
SAU,Saudi Arabia,Middle East,NY.GDP.PCAP.CD,GDP Per Capita Current US$,GDP per Capita,Economy,US Dollars,2025,,36452.869871805655,Future Forecast,Linear Regression,2434.0198702314815,3113.9969132758856,0.8494809709271955
SAU,Saudi Arabia,Middle East,NY.GDP.PCAP.CD,GDP Per Capita Current US$,GDP per Capita,Economy,US Dollars,2026,,37478.75239003287,Future Forecast,Linear Regression,2434.0198702314815,3113.9969132758856,0.8494809709271955
SAU,Saudi Arabia,Middle East,NY.GDP.PCAP.CD,GDP Per Capita Current US$,GDP per Capita,Economy,US Dollars,2027,,38504.63490826008,Future Forecast,Linear Regression,2434.0198702314815,3113.9969132758856,0.8494809709271955
SAU,Saudi Arabia,Middle East,NY.GDP.PCAP.CD,GDP Per Capita Current US$,GDP per Capita,Economy,US Dollars,2028,,39530.51742648729,Future Forecast,Linear Regression,2434.0198702314815,3113.9969132758856,0.8494809709271955
SAU,Saudi Arabia,Middle East,NY.GDP.PCAP.CD,GDP Per Capita Current US$,GDP per Capita,Economy,US Dollars,2029,,40556.3999447145,Future Forecast,Linear Regression,2434.0198702314815,3113.9969132758856,0.8494809709271955
SAU,Saudi Arabia,Middle East,SL.UEM.TOTL.ZS,Unemployment Total %,Unemployment,Labor,Percentage,2000,4.57,5.4837138461538455,Historical Prediction,Linear Regression,0.5102802461538463,0.7896904201209287,0.003046682426777081
SAU,Saudi Arabia,Middle East,SL.UEM.TOTL.ZS,Unemployment Total %,Unemployment,Labor,Percentage,2001,4.618,5.489767692307691,Historical Prediction,Linear Regression,0.5102802461538463,0.7896904201209287,0.003046682426777081
SAU,Saudi Arabia,Middle East,SL.UEM.TOTL.ZS,Unemployment Total %,Unemployment,Labor,Percentage,2002,5.265,5.495821538461538,Historical Prediction,Linear Regression,0.5102802461538463,0.7896904201209287,0.003046682426777081
SAU,Saudi Arabia,Middle East,SL.UEM.TOTL.ZS,Unemployment Total %,Unemployment,Labor,Percentage,2003,5.563,5.501875384615383,Historical Prediction,Linear Regression,0.5102802461538463,0.7896904201209287,0.003046682426777081
SAU,Saudi Arabia,Middle East,SL.UEM.TOTL.ZS,Unemployment Total %,Unemployment,Labor,Percentage,2004,5.822,5.50792923076923,Historical Prediction,Linear Regression,0.5102802461538463,0.7896904201209287,0.003046682426777081
SAU,Saudi Arabia,Middle East,SL.UEM.TOTL.ZS,Unemployment Total %,Unemployment,Labor,Percentage,2005,6.051,5.5139830769230755,Historical Prediction,Linear Regression,0.5102802461538463,0.7896904201209287,0.003046682426777081
SAU,Saudi Arabia,Middle East,SL.UEM.TOTL.ZS,Unemployment Total %,Unemployment,Labor,Percentage,2006,6.254,5.520036923076923,Historical Prediction,Linear Regression,0.5102802461538463,0.7896904201209287,0.003046682426777081
SAU,Saudi Arabia,Middle East,SL.UEM.TOTL.ZS,Unemployment Total %,Unemployment,Labor,Percentage,2007,5.734,5.526090769230768,Historical Prediction,Linear Regression,0.5102802461538463,0.7896904201209287,0.003046682426777081
SAU,Saudi Arabia,Middle East,SL.UEM.TOTL.ZS,Unemployment Total %,Unemployment,Labor,Percentage,2008,5.085,5.532144615384615,Historical Prediction,Linear Regression,0.5102802461538463,0.7896904201209287,0.003046682426777081
SAU,Saudi Arabia,Middle East,SL.UEM.TOTL.ZS,Unemployment Total %,Unemployment,Labor,Percentage,2009,5.377,5.53819846153846,Historical Prediction,Linear Regression,0.5102802461538463,0.7896904201209287,0.003046682426777081
SAU,Saudi Arabia,Middle East,SL.UEM.TOTL.ZS,Unemployment Total %,Unemployment,Labor,Percentage,2010,5.55,5.544252307692307,Historical Prediction,Linear Regression,0.5102802461538463,0.7896904201209287,0.003046682426777081
SAU,Saudi Arabia,Middle East,SL.UEM.TOTL.ZS,Unemployment Total %,Unemployment,Labor,Percentage,2011,5.77,5.550306153846153,Historical Prediction,Linear Regression,0.5102802461538463,0.7896904201209287,0.003046682426777081
SAU,Saudi Arabia,Middle East,SL.UEM.TOTL.ZS,Unemployment Total %,Unemployment,Labor,Percentage,2012,5.622,5.55636,Historical Prediction,Linear Regression,0.5102802461538463,0.7896904201209287,0.003046682426777081
SAU,Saudi Arabia,Middle East,SL.UEM.TOTL.ZS,Unemployment Total %,Unemployment,Labor,Percentage,2013,5.6,5.562413846153845,Historical Prediction,Linear Regression,0.5102802461538463,0.7896904201209287,0.003046682426777081
SAU,Saudi Arabia,Middle East,SL.UEM.TOTL.ZS,Unemployment Total %,Unemployment,Labor,Percentage,2014,5.877,5.568467692307692,Historical Prediction,Linear Regression,0.5102802461538463,0.7896904201209287,0.003046682426777081
SAU,Saudi Arabia,Middle East,SL.UEM.TOTL.ZS,Unemployment Total %,Unemployment,Labor,Percentage,2015,5.6,5.574521538461537,Historical Prediction,Linear Regression,0.5102802461538463,0.7896904201209287,0.003046682426777081
SAU,Saudi Arabia,Middle East,SL.UEM.TOTL.ZS,Unemployment Total %,Unemployment,Labor,Percentage,2016,5.6,5.5805753846153845,Historical Prediction,Linear Regression,0.5102802461538463,0.7896904201209287,0.003046682426777081
SAU,Saudi Arabia,Middle East,SL.UEM.TOTL.ZS,Unemployment Total %,Unemployment,Labor,Percentage,2017,5.89,5.58662923076923,Historical Prediction,Linear Regression,0.5102802461538463,0.7896904201209287,0.003046682426777081
SAU,Saudi Arabia,Middle East,SL.UEM.TOTL.ZS,Unemployment Total %,Unemployment,Labor,Percentage,2018,6.029,5.592683076923077,Historical Prediction,Linear Regression,0.5102802461538463,0.7896904201209287,0.003046682426777081
SAU,Saudi Arabia,Middle East,SL.UEM.TOTL.ZS,Unemployment Total %,Unemployment,Labor,Percentage,2019,5.636,5.598736923076922,Historical Prediction,Linear Regression,0.5102802461538463,0.7896904201209287,0.003046682426777081
SAU,Saudi Arabia,Middle East,SL.UEM.TOTL.ZS,Unemployment Total %,Unemployment,Labor,Percentage,2020,7.66,5.604790769230769,Historical Prediction,Linear Regression,0.5102802461538463,0.7896904201209287,0.003046682426777081
SAU,Saudi Arabia,Middle East,SL.UEM.TOTL.ZS,Unemployment Total %,Unemployment,Labor,Percentage,2021,6.621,5.6108446153846145,Historical Prediction,Linear Regression,0.5102802461538463,0.7896904201209287,0.003046682426777081
SAU,Saudi Arabia,Middle East,SL.UEM.TOTL.ZS,Unemployment Total %,Unemployment,Labor,Percentage,2022,5.589,5.616898461538462,Historical Prediction,Linear Regression,0.5102802461538463,0.7896904201209287,0.003046682426777081
SAU,Saudi Arabia,Middle East,SL.UEM.TOTL.ZS,Unemployment Total %,Unemployment,Labor,Percentage,2023,4.008,5.622952307692307,Historical Prediction,Linear Regression,0.5102802461538463,0.7896904201209287,0.003046682426777081
SAU,Saudi Arabia,Middle East,SL.UEM.TOTL.ZS,Unemployment Total %,Unemployment,Labor,Percentage,2024,3.518,5.629006153846152,Historical Prediction,Linear Regression,0.5102802461538463,0.7896904201209287,0.003046682426777081
SAU,Saudi Arabia,Middle East,SL.UEM.TOTL.ZS,Unemployment Total %,Unemployment,Labor,Percentage,2025,,5.635059999999999,Future Forecast,Linear Regression,0.5102802461538463,0.7896904201209287,0.003046682426777081
SAU,Saudi Arabia,Middle East,SL.UEM.TOTL.ZS,Unemployment Total %,Unemployment,Labor,Percentage,2026,,5.641113846153845,Future Forecast,Linear Regression,0.5102802461538463,0.7896904201209287,0.003046682426777081
SAU,Saudi Arabia,Middle East,SL.UEM.TOTL.ZS,Unemployment Total %,Unemployment,Labor,Percentage,2027,,5.647167692307692,Future Forecast,Linear Regression,0.5102802461538463,0.7896904201209287,0.003046682426777081
SAU,Saudi Arabia,Middle East,SL.UEM.TOTL.ZS,Unemployment Total %,Unemployment,Labor,Percentage,2028,,5.653221538461537,Future Forecast,Linear Regression,0.5102802461538463,0.7896904201209287,0.003046682426777081
SAU,Saudi Arabia,Middle East,SL.UEM.TOTL.ZS,Unemployment Total %,Unemployment,Labor,Percentage,2029,,5.659275384615384,Future Forecast,Linear Regression,0.5102802461538463,0.7896904201209287,0.003046682426777081
SAU,Saudi Arabia,Middle East,SP.POP.TOTL,Total Population,Population,Population,People,2000,16177722.0,16889312.79692316,Historical Prediction,Linear Regression,680653.9814154244,878350.4400869666,0.9745101453813704
SAU,Saudi Arabia,Middle East,SP.POP.TOTL,Total Population,Population,Population,People,2001,17041397.0,17642452.693846226,Historical Prediction,Linear Regression,680653.9814154244,878350.4400869666,0.9745101453813704
SAU,Saudi Arabia,Middle East,SP.POP.TOTL,Total Population,Population,Population,People,2002,17910910.0,18395592.59076929,Historical Prediction,Linear Regression,680653.9814154244,878350.4400869666,0.9745101453813704
SAU,Saudi Arabia,Middle East,SP.POP.TOTL,Total Population,Population,Population,People,2003,18786767.0,19148732.487692356,Historical Prediction,Linear Regression,680653.9814154244,878350.4400869666,0.9745101453813704
SAU,Saudi Arabia,Middle East,SP.POP.TOTL,Total Population,Population,Population,People,2004,19669480.0,19901872.38461542,Historical Prediction,Linear Regression,680653.9814154244,878350.4400869666,0.9745101453813704
SAU,Saudi Arabia,Middle East,SP.POP.TOTL,Total Population,Population,Population,People,2005,20559890.0,20655012.281538486,Historical Prediction,Linear Regression,680653.9814154244,878350.4400869666,0.9745101453813704
SAU,Saudi Arabia,Middle East,SP.POP.TOTL,Total Population,Population,Population,People,2006,21459144.0,21408152.17846155,Historical Prediction,Linear Regression,680653.9814154244,878350.4400869666,0.9745101453813704
SAU,Saudi Arabia,Middle East,SP.POP.TOTL,Total Population,Population,Population,People,2007,22368313.0,22161292.075384617,Historical Prediction,Linear Regression,680653.9814154244,878350.4400869666,0.9745101453813704
SAU,Saudi Arabia,Middle East,SP.POP.TOTL,Total Population,Population,Population,People,2008,23287877.0,22914431.972307682,Historical Prediction,Linear Regression,680653.9814154244,878350.4400869666,0.9745101453813704
SAU,Saudi Arabia,Middle East,SP.POP.TOTL,Total Population,Population,Population,People,2009,24217654.0,23667571.869230747,Historical Prediction,Linear Regression,680653.9814154244,878350.4400869666,0.9745101453813704
SAU,Saudi Arabia,Middle East,SP.POP.TOTL,Total Population,Population,Population,People,2010,23978487.0,24420711.766153812,Historical Prediction,Linear Regression,680653.9814154244,878350.4400869666,0.9745101453813704
SAU,Saudi Arabia,Middle East,SP.POP.TOTL,Total Population,Population,Population,People,2011,25091867.0,25173851.663076878,Historical Prediction,Linear Regression,680653.9814154244,878350.4400869666,0.9745101453813704
SAU,Saudi Arabia,Middle East,SP.POP.TOTL,Total Population,Population,Population,People,2012,26168861.0,25926991.559999943,Historical Prediction,Linear Regression,680653.9814154244,878350.4400869666,0.9745101453813704
SAU,Saudi Arabia,Middle East,SP.POP.TOTL,Total Population,Population,Population,People,2013,27624004.0,26680131.456923008,Historical Prediction,Linear Regression,680653.9814154244,878350.4400869666,0.9745101453813704
SAU,Saudi Arabia,Middle East,SP.POP.TOTL,Total Population,Population,Population,People,2014,28309273.0,27433271.353846073,Historical Prediction,Linear Regression,680653.9814154244,878350.4400869666,0.9745101453813704
SAU,Saudi Arabia,Middle East,SP.POP.TOTL,Total Population,Population,Population,People,2015,29816382.0,28186411.25076914,Historical Prediction,Linear Regression,680653.9814154244,878350.4400869666,0.9745101453813704
SAU,Saudi Arabia,Middle East,SP.POP.TOTL,Total Population,Population,Population,People,2016,30954198.0,28939551.147692204,Historical Prediction,Linear Regression,680653.9814154244,878350.4400869666,0.9745101453813704
SAU,Saudi Arabia,Middle East,SP.POP.TOTL,Total Population,Population,Population,People,2017,30977355.0,29692691.044615507,Historical Prediction,Linear Regression,680653.9814154244,878350.4400869666,0.9745101453813704
SAU,Saudi Arabia,Middle East,SP.POP.TOTL,Total Population,Population,Population,People,2018,30196281.0,30445830.941538572,Historical Prediction,Linear Regression,680653.9814154244,878350.4400869666,0.9745101453813704
SAU,Saudi Arabia,Middle East,SP.POP.TOTL,Total Population,Population,Population,People,2019,30063799.0,31198970.838461637,Historical Prediction,Linear Regression,680653.9814154244,878350.4400869666,0.9745101453813704
SAU,Saudi Arabia,Middle East,SP.POP.TOTL,Total Population,Population,Population,People,2020,31552510.0,31952110.735384703,Historical Prediction,Linear Regression,680653.9814154244,878350.4400869666,0.9745101453813704
SAU,Saudi Arabia,Middle East,SP.POP.TOTL,Total Population,Population,Population,People,2021,30784383.0,32705250.632307768,Historical Prediction,Linear Regression,680653.9814154244,878350.4400869666,0.9745101453813704
SAU,Saudi Arabia,Middle East,SP.POP.TOTL,Total Population,Population,Population,People,2022,32175224.0,33458390.529230833,Historical Prediction,Linear Regression,680653.9814154244,878350.4400869666,0.9745101453813704
SAU,Saudi Arabia,Middle East,SP.POP.TOTL,Total Population,Population,Population,People,2023,33702731.0,34211530.4261539,Historical Prediction,Linear Regression,680653.9814154244,878350.4400869666,0.9745101453813704
SAU,Saudi Arabia,Middle East,SP.POP.TOTL,Total Population,Population,Population,People,2024,35300280.0,34964670.32307696,Historical Prediction,Linear Regression,680653.9814154244,878350.4400869666,0.9745101453813704
SAU,Saudi Arabia,Middle East,SP.POP.TOTL,Total Population,Population,Population,People,2025,,35717810.22000003,Future Forecast,Linear Regression,680653.9814154244,878350.4400869666,0.9745101453813704
SAU,Saudi Arabia,Middle East,SP.POP.TOTL,Total Population,Population,Population,People,2026,,36470950.116923094,Future Forecast,Linear Regression,680653.9814154244,878350.4400869666,0.9745101453813704
SAU,Saudi Arabia,Middle East,SP.POP.TOTL,Total Population,Population,Population,People,2027,,37224090.01384616,Future Forecast,Linear Regression,680653.9814154244,878350.4400869666,0.9745101453813704
SAU,Saudi Arabia,Middle East,SP.POP.TOTL,Total Population,Population,Population,People,2028,,37977229.910769224,Future Forecast,Linear Regression,680653.9814154244,878350.4400869666,0.9745101453813704
SAU,Saudi Arabia,Middle East,SP.POP.TOTL,Total Population,Population,Population,People,2029,,38730369.80769229,Future Forecast,Linear Regression,680653.9814154244,878350.4400869666,0.9745101453813704
TUR,Turkiye,Europe / Middle East,FP.CPI.TOTL.ZG,Inflation Annual %,Inflation,Economy,Percentage,2000,54.9153705812683,17.842334365888064,Historical Prediction,Linear Regression,16.921297962280892,20.164409602658466,0.013080339116974815
TUR,Turkiye,Europe / Middle East,FP.CPI.TOTL.ZG,Inflation Annual %,Inflation,Economy,Percentage,2001,54.4001887619074,18.1642576876078,Historical Prediction,Linear Regression,16.921297962280892,20.164409602658466,0.013080339116974815
TUR,Turkiye,Europe / Middle East,FP.CPI.TOTL.ZG,Inflation Annual %,Inflation,Economy,Percentage,2002,44.964120947985,18.486181009327424,Historical Prediction,Linear Regression,16.921297962280892,20.164409602658466,0.013080339116974815
TUR,Turkiye,Europe / Middle East,FP.CPI.TOTL.ZG,Inflation Annual %,Inflation,Economy,Percentage,2003,21.6024384490573,18.80810433104716,Historical Prediction,Linear Regression,16.921297962280892,20.164409602658466,0.013080339116974815
TUR,Turkiye,Europe / Middle East,FP.CPI.TOTL.ZG,Inflation Annual %,Inflation,Economy,Percentage,2004,8.59826168115262,19.1300276527669,Historical Prediction,Linear Regression,16.921297962280892,20.164409602658466,0.013080339116974815
TUR,Turkiye,Europe / Middle East,FP.CPI.TOTL.ZG,Inflation Annual %,Inflation,Economy,Percentage,2005,8.17916036802008,19.45195097448652,Historical Prediction,Linear Regression,16.921297962280892,20.164409602658466,0.013080339116974815
TUR,Turkiye,Europe / Middle East,FP.CPI.TOTL.ZG,Inflation Annual %,Inflation,Economy,Percentage,2006,9.59724212288446,19.77387429620626,Historical Prediction,Linear Regression,16.921297962280892,20.164409602658466,0.013080339116974815
TUR,Turkiye,Europe / Middle East,FP.CPI.TOTL.ZG,Inflation Annual %,Inflation,Economy,Percentage,2007,8.75618090972632,20.095797617925882,Historical Prediction,Linear Regression,16.921297962280892,20.164409602658466,0.013080339116974815
TUR,Turkiye,Europe / Middle East,FP.CPI.TOTL.ZG,Inflation Annual %,Inflation,Economy,Percentage,2008,10.4441283764885,20.41772093964562,Historical Prediction,Linear Regression,16.921297962280892,20.164409602658466,0.013080339116974815
TUR,Turkiye,Europe / Middle East,FP.CPI.TOTL.ZG,Inflation Annual %,Inflation,Economy,Percentage,2009,6.25097663090626,20.739644261365243,Historical Prediction,Linear Regression,16.921297962280892,20.164409602658466,0.013080339116974815
TUR,Turkiye,Europe / Middle East,FP.CPI.TOTL.ZG,Inflation Annual %,Inflation,Economy,Percentage,2010,8.56644420552976,21.06156758308498,Historical Prediction,Linear Regression,16.921297962280892,20.164409602658466,0.013080339116974815
TUR,Turkiye,Europe / Middle East,FP.CPI.TOTL.ZG,Inflation Annual %,Inflation,Economy,Percentage,2011,6.471879671151,21.383490904804603,Historical Prediction,Linear Regression,16.921297962280892,20.164409602658466,0.013080339116974815
TUR,Turkiye,Europe / Middle East,FP.CPI.TOTL.ZG,Inflation Annual %,Inflation,Economy,Percentage,2012,8.89156996512163,21.70541422652434,Historical Prediction,Linear Regression,16.921297962280892,20.164409602658466,0.013080339116974815
TUR,Turkiye,Europe / Middle East,FP.CPI.TOTL.ZG,Inflation Annual %,Inflation,Economy,Percentage,2013,7.49309030547693,22.027337548244077,Historical Prediction,Linear Regression,16.921297962280892,20.164409602658466,0.013080339116974815
TUR,Turkiye,Europe / Middle East,FP.CPI.TOTL.ZG,Inflation Annual %,Inflation,Economy,Percentage,2014,8.85457271364316,22.3492608699637,Historical Prediction,Linear Regression,16.921297962280892,20.164409602658466,0.013080339116974815
TUR,Turkiye,Europe / Middle East,FP.CPI.TOTL.ZG,Inflation Annual %,Inflation,Economy,Percentage,2015,7.67085364845885,22.671184191683437,Historical Prediction,Linear Regression,16.921297962280892,20.164409602658466,0.013080339116974815
TUR,Turkiye,Europe / Middle East,FP.CPI.TOTL.ZG,Inflation Annual %,Inflation,Economy,Percentage,2016,7.7751341532833,22.99310751340306,Historical Prediction,Linear Regression,16.921297962280892,20.164409602658466,0.013080339116974815
TUR,Turkiye,Europe / Middle East,FP.CPI.TOTL.ZG,Inflation Annual %,Inflation,Economy,Percentage,2017,11.1443110840764,23.315030835122798,Historical Prediction,Linear Regression,16.921297962280892,20.164409602658466,0.013080339116974815
TUR,Turkiye,Europe / Middle East,FP.CPI.TOTL.ZG,Inflation Annual %,Inflation,Economy,Percentage,2018,16.3324638988929,23.63695415684242,Historical Prediction,Linear Regression,16.921297962280892,20.164409602658466,0.013080339116974815
TUR,Turkiye,Europe / Middle East,FP.CPI.TOTL.ZG,Inflation Annual %,Inflation,Economy,Percentage,2019,15.1768215720022,23.958877478562158,Historical Prediction,Linear Regression,16.921297962280892,20.164409602658466,0.013080339116974815
TUR,Turkiye,Europe / Middle East,FP.CPI.TOTL.ZG,Inflation Annual %,Inflation,Economy,Percentage,2020,12.2789574462574,24.28080080028178,Historical Prediction,Linear Regression,16.921297962280892,20.164409602658466,0.013080339116974815
TUR,Turkiye,Europe / Middle East,FP.CPI.TOTL.ZG,Inflation Annual %,Inflation,Economy,Percentage,2021,19.5964926913324,24.60272412200152,Historical Prediction,Linear Regression,16.921297962280892,20.164409602658466,0.013080339116974815
TUR,Turkiye,Europe / Middle East,FP.CPI.TOTL.ZG,Inflation Annual %,Inflation,Economy,Percentage,2022,72.3088359891207,24.924647443721256,Historical Prediction,Linear Regression,16.921297962280892,20.164409602658466,0.013080339116974815
TUR,Turkiye,Europe / Middle East,FP.CPI.TOTL.ZG,Inflation Annual %,Inflation,Economy,Percentage,2023,53.8594087593315,25.24657076544088,Historical Prediction,Linear Regression,16.921297962280892,20.164409602658466,0.013080339116974815
TUR,Turkiye,Europe / Middle East,FP.CPI.TOTL.ZG,Inflation Annual %,Inflation,Economy,Percentage,2024,58.5064507300342,25.568494087160616,Historical Prediction,Linear Regression,16.921297962280892,20.164409602658466,0.013080339116974815
TUR,Turkiye,Europe / Middle East,FP.CPI.TOTL.ZG,Inflation Annual %,Inflation,Economy,Percentage,2025,,25.89041740888024,Future Forecast,Linear Regression,16.921297962280892,20.164409602658466,0.013080339116974815
TUR,Turkiye,Europe / Middle East,FP.CPI.TOTL.ZG,Inflation Annual %,Inflation,Economy,Percentage,2026,,26.212340730599976,Future Forecast,Linear Regression,16.921297962280892,20.164409602658466,0.013080339116974815
TUR,Turkiye,Europe / Middle East,FP.CPI.TOTL.ZG,Inflation Annual %,Inflation,Economy,Percentage,2027,,26.5342640523196,Future Forecast,Linear Regression,16.921297962280892,20.164409602658466,0.013080339116974815
TUR,Turkiye,Europe / Middle East,FP.CPI.TOTL.ZG,Inflation Annual %,Inflation,Economy,Percentage,2028,,26.856187374039337,Future Forecast,Linear Regression,16.921297962280892,20.164409602658466,0.013080339116974815
TUR,Turkiye,Europe / Middle East,FP.CPI.TOTL.ZG,Inflation Annual %,Inflation,Economy,Percentage,2029,,27.17811069575896,Future Forecast,Linear Regression,16.921297962280892,20.164409602658466,0.013080339116974815
TUR,Turkiye,Europe / Middle East,NE.EXP.GNFS.ZS,Exports of Goods and Services % of GDP,Exports % GDP,Trade,Percentage,2000,19.9334162657424,20.86977839971678,Historical Prediction,Linear Regression,2.483388085408256,3.0438375271183506,0.5295688929244269
TUR,Turkiye,Europe / Middle East,NE.EXP.GNFS.ZS,Exports of Goods and Services % of GDP,Exports % GDP,Trade,Percentage,2001,27.2970601933763,21.31762884749628,Historical Prediction,Linear Regression,2.483388085408256,3.0438375271183506,0.5295688929244269
TUR,Turkiye,Europe / Middle East,NE.EXP.GNFS.ZS,Exports of Goods and Services % of GDP,Exports % GDP,Trade,Percentage,2002,25.2651261294128,21.76547929527578,Historical Prediction,Linear Regression,2.483388085408256,3.0438375271183506,0.5295688929244269
TUR,Turkiye,Europe / Middle East,NE.EXP.GNFS.ZS,Exports of Goods and Services % of GDP,Exports % GDP,Trade,Percentage,2003,23.1946607252779,22.21332974305517,Historical Prediction,Linear Regression,2.483388085408256,3.0438375271183506,0.5295688929244269
TUR,Turkiye,Europe / Middle East,NE.EXP.GNFS.ZS,Exports of Goods and Services % of GDP,Exports % GDP,Trade,Percentage,2004,23.8544386839448,22.66118019083467,Historical Prediction,Linear Regression,2.483388085408256,3.0438375271183506,0.5295688929244269
TUR,Turkiye,Europe / Middle East,NE.EXP.GNFS.ZS,Exports of Goods and Services % of GDP,Exports % GDP,Trade,Percentage,2005,22.118798245903,23.10903063861406,Historical Prediction,Linear Regression,2.483388085408256,3.0438375271183506,0.5295688929244269
TUR,Turkiye,Europe / Middle East,NE.EXP.GNFS.ZS,Exports of Goods and Services % of GDP,Exports % GDP,Trade,Percentage,2006,22.6756853295786,23.55688108639356,Historical Prediction,Linear Regression,2.483388085408256,3.0438375271183506,0.5295688929244269
TUR,Turkiye,Europe / Middle East,NE.EXP.GNFS.ZS,Exports of Goods and Services % of GDP,Exports % GDP,Trade,Percentage,2007,22.1875803331528,24.00473153417306,Historical Prediction,Linear Regression,2.483388085408256,3.0438375271183506,0.5295688929244269
TUR,Turkiye,Europe / Middle East,NE.EXP.GNFS.ZS,Exports of Goods and Services % of GDP,Exports % GDP,Trade,Percentage,2008,23.9213779600098,24.45258198195245,Historical Prediction,Linear Regression,2.483388085408256,3.0438375271183506,0.5295688929244269
TUR,Turkiye,Europe / Middle East,NE.EXP.GNFS.ZS,Exports of Goods and Services % of GDP,Exports % GDP,Trade,Percentage,2009,23.7578595278795,24.90043242973195,Historical Prediction,Linear Regression,2.483388085408256,3.0438375271183506,0.5295688929244269
TUR,Turkiye,Europe / Middle East,NE.EXP.GNFS.ZS,Exports of Goods and Services % of GDP,Exports % GDP,Trade,Percentage,2010,21.5899457839207,25.34828287751145,Historical Prediction,Linear Regression,2.483388085408256,3.0438375271183506,0.5295688929244269
TUR,Turkiye,Europe / Middle East,NE.EXP.GNFS.ZS,Exports of Goods and Services % of GDP,Exports % GDP,Trade,Percentage,2011,23.4903574412774,25.79613332529084,Historical Prediction,Linear Regression,2.483388085408256,3.0438375271183506,0.5295688929244269
TUR,Turkiye,Europe / Middle East,NE.EXP.GNFS.ZS,Exports of Goods and Services % of GDP,Exports % GDP,Trade,Percentage,2012,24.9658181147838,26.24398377307034,Historical Prediction,Linear Regression,2.483388085408256,3.0438375271183506,0.5295688929244269
TUR,Turkiye,Europe / Middle East,NE.EXP.GNFS.ZS,Exports of Goods and Services % of GDP,Exports % GDP,Trade,Percentage,2013,24.403259811358,26.69183422084984,Historical Prediction,Linear Regression,2.483388085408256,3.0438375271183506,0.5295688929244269
TUR,Turkiye,Europe / Middle East,NE.EXP.GNFS.ZS,Exports of Goods and Services % of GDP,Exports % GDP,Trade,Percentage,2014,25.8173246854016,27.13968466862923,Historical Prediction,Linear Regression,2.483388085408256,3.0438375271183506,0.5295688929244269
TUR,Turkiye,Europe / Middle East,NE.EXP.GNFS.ZS,Exports of Goods and Services % of GDP,Exports % GDP,Trade,Percentage,2015,25.280784580735,27.58753511640873,Historical Prediction,Linear Regression,2.483388085408256,3.0438375271183506,0.5295688929244269
TUR,Turkiye,Europe / Middle East,NE.EXP.GNFS.ZS,Exports of Goods and Services % of GDP,Exports % GDP,Trade,Percentage,2016,23.6322024334399,28.035385564188232,Historical Prediction,Linear Regression,2.483388085408256,3.0438375271183506,0.5295688929244269
TUR,Turkiye,Europe / Middle East,NE.EXP.GNFS.ZS,Exports of Goods and Services % of GDP,Exports % GDP,Trade,Percentage,2017,26.5394989930636,28.48323601196762,Historical Prediction,Linear Regression,2.483388085408256,3.0438375271183506,0.5295688929244269
TUR,Turkiye,Europe / Middle East,NE.EXP.GNFS.ZS,Exports of Goods and Services % of GDP,Exports % GDP,Trade,Percentage,2018,31.7278536539697,28.93108645974712,Historical Prediction,Linear Regression,2.483388085408256,3.0438375271183506,0.5295688929244269
TUR,Turkiye,Europe / Middle East,NE.EXP.GNFS.ZS,Exports of Goods and Services % of GDP,Exports % GDP,Trade,Percentage,2019,33.0298811646869,29.37893690752651,Historical Prediction,Linear Regression,2.483388085408256,3.0438375271183506,0.5295688929244269
TUR,Turkiye,Europe / Middle East,NE.EXP.GNFS.ZS,Exports of Goods and Services % of GDP,Exports % GDP,Trade,Percentage,2020,28.7400043468285,29.82678735530601,Historical Prediction,Linear Regression,2.483388085408256,3.0438375271183506,0.5295688929244269
TUR,Turkiye,Europe / Middle East,NE.EXP.GNFS.ZS,Exports of Goods and Services % of GDP,Exports % GDP,Trade,Percentage,2021,35.0536332850518,30.27463780308551,Historical Prediction,Linear Regression,2.483388085408256,3.0438375271183506,0.5295688929244269
TUR,Turkiye,Europe / Middle East,NE.EXP.GNFS.ZS,Exports of Goods and Services % of GDP,Exports % GDP,Trade,Percentage,2022,38.1412107474416,30.7224882508649,Historical Prediction,Linear Regression,2.483388085408256,3.0438375271183506,0.5295688929244269
TUR,Turkiye,Europe / Middle East,NE.EXP.GNFS.ZS,Exports of Goods and Services % of GDP,Exports % GDP,Trade,Percentage,2023,31.9135926809724,31.1703386986444,Historical Prediction,Linear Regression,2.483388085408256,3.0438375271183506,0.5295688929244269
TUR,Turkiye,Europe / Middle East,NE.EXP.GNFS.ZS,Exports of Goods and Services % of GDP,Exports % GDP,Trade,Percentage,2024,27.5682232095509,31.6181891464239,Historical Prediction,Linear Regression,2.483388085408256,3.0438375271183506,0.5295688929244269
TUR,Turkiye,Europe / Middle East,NE.EXP.GNFS.ZS,Exports of Goods and Services % of GDP,Exports % GDP,Trade,Percentage,2025,,32.06603959420329,Future Forecast,Linear Regression,2.483388085408256,3.0438375271183506,0.5295688929244269
TUR,Turkiye,Europe / Middle East,NE.EXP.GNFS.ZS,Exports of Goods and Services % of GDP,Exports % GDP,Trade,Percentage,2026,,32.51389004198279,Future Forecast,Linear Regression,2.483388085408256,3.0438375271183506,0.5295688929244269
TUR,Turkiye,Europe / Middle East,NE.EXP.GNFS.ZS,Exports of Goods and Services % of GDP,Exports % GDP,Trade,Percentage,2027,,32.96174048976229,Future Forecast,Linear Regression,2.483388085408256,3.0438375271183506,0.5295688929244269
TUR,Turkiye,Europe / Middle East,NE.EXP.GNFS.ZS,Exports of Goods and Services % of GDP,Exports % GDP,Trade,Percentage,2028,,33.40959093754168,Future Forecast,Linear Regression,2.483388085408256,3.0438375271183506,0.5295688929244269
TUR,Turkiye,Europe / Middle East,NE.EXP.GNFS.ZS,Exports of Goods and Services % of GDP,Exports % GDP,Trade,Percentage,2029,,33.85744138532118,Future Forecast,Linear Regression,2.483388085408256,3.0438375271183506,0.5295688929244269
TUR,Turkiye,Europe / Middle East,NV.AGR.TOTL.ZS,Agriculture Value Added % of GDP,Agriculture % GDP,Agriculture,Percentage,2000,10.01837794564,9.582222203639787,Historical Prediction,Linear Regression,0.5497611366390609,0.6088807120495962,0.7965585002621725
TUR,Turkiye,Europe / Middle East,NV.AGR.TOTL.ZS,Agriculture Value Added % of GDP,Agriculture % GDP,Agriculture,Percentage,2001,8.77213969287109,9.415144072478313,Historical Prediction,Linear Regression,0.5497611366390609,0.6088807120495962,0.7965585002621725
TUR,Turkiye,Europe / Middle East,NV.AGR.TOTL.ZS,Agriculture Value Added % of GDP,Agriculture % GDP,Agriculture,Percentage,2002,10.1712688801184,9.248065941316895,Historical Prediction,Linear Regression,0.5497611366390609,0.6088807120495962,0.7965585002621725
TUR,Turkiye,Europe / Middle East,NV.AGR.TOTL.ZS,Agriculture Value Added % of GDP,Agriculture % GDP,Agriculture,Percentage,2003,9.77425990072158,9.08098781015542,Historical Prediction,Linear Regression,0.5497611366390609,0.6088807120495962,0.7965585002621725
TUR,Turkiye,Europe / Middle East,NV.AGR.TOTL.ZS,Agriculture Value Added % of GDP,Agriculture % GDP,Agriculture,Percentage,2004,9.30334217653319,8.913909678994003,Historical Prediction,Linear Regression,0.5497611366390609,0.6088807120495962,0.7965585002621725
TUR,Turkiye,Europe / Middle East,NV.AGR.TOTL.ZS,Agriculture Value Added % of GDP,Agriculture % GDP,Agriculture,Percentage,2005,9.1349746278064,8.746831547832528,Historical Prediction,Linear Regression,0.5497611366390609,0.6088807120495962,0.7965585002621725
TUR,Turkiye,Europe / Middle East,NV.AGR.TOTL.ZS,Agriculture Value Added % of GDP,Agriculture % GDP,Agriculture,Percentage,2006,8.06197674009426,8.57975341667111,Historical Prediction,Linear Regression,0.5497611366390609,0.6088807120495962,0.7965585002621725
TUR,Turkiye,Europe / Middle East,NV.AGR.TOTL.ZS,Agriculture Value Added % of GDP,Agriculture % GDP,Agriculture,Percentage,2007,7.41825141005247,8.412675285509636,Historical Prediction,Linear Regression,0.5497611366390609,0.6088807120495962,0.7965585002621725
TUR,Turkiye,Europe / Middle East,NV.AGR.TOTL.ZS,Agriculture Value Added % of GDP,Agriculture % GDP,Agriculture,Percentage,2008,7.38022403324347,8.245597154348218,Historical Prediction,Linear Regression,0.5497611366390609,0.6088807120495962,0.7965585002621725
TUR,Turkiye,Europe / Middle East,NV.AGR.TOTL.ZS,Agriculture Value Added % of GDP,Agriculture % GDP,Agriculture,Percentage,2009,8.01952664747498,8.078519023186743,Historical Prediction,Linear Regression,0.5497611366390609,0.6088807120495962,0.7965585002621725
TUR,Turkiye,Europe / Middle East,NV.AGR.TOTL.ZS,Agriculture Value Added % of GDP,Agriculture % GDP,Agriculture,Percentage,2010,8.90737962747164,7.911440892025325,Historical Prediction,Linear Regression,0.5497611366390609,0.6088807120495962,0.7965585002621725
TUR,Turkiye,Europe / Middle East,NV.AGR.TOTL.ZS,Agriculture Value Added % of GDP,Agriculture % GDP,Agriculture,Percentage,2011,8.1265846445357,7.744362760863851,Historical Prediction,Linear Regression,0.5497611366390609,0.6088807120495962,0.7965585002621725
TUR,Turkiye,Europe / Middle East,NV.AGR.TOTL.ZS,Agriculture Value Added % of GDP,Agriculture % GDP,Agriculture,Percentage,2012,7.658344974583,7.577284629702433,Historical Prediction,Linear Regression,0.5497611366390609,0.6088807120495962,0.7965585002621725
TUR,Turkiye,Europe / Middle East,NV.AGR.TOTL.ZS,Agriculture Value Added % of GDP,Agriculture % GDP,Agriculture,Percentage,2013,6.64997261417217,7.410206498540958,Historical Prediction,Linear Regression,0.5497611366390609,0.6088807120495962,0.7965585002621725
TUR,Turkiye,Europe / Middle East,NV.AGR.TOTL.ZS,Agriculture Value Added % of GDP,Agriculture % GDP,Agriculture,Percentage,2014,6.53828042868413,7.243128367379541,Historical Prediction,Linear Regression,0.5497611366390609,0.6088807120495962,0.7965585002621725
TUR,Turkiye,Europe / Middle East,NV.AGR.TOTL.ZS,Agriculture Value Added % of GDP,Agriculture % GDP,Agriculture,Percentage,2015,6.87689834308907,7.076050236218066,Historical Prediction,Linear Regression,0.5497611366390609,0.6088807120495962,0.7965585002621725
TUR,Turkiye,Europe / Middle East,NV.AGR.TOTL.ZS,Agriculture Value Added % of GDP,Agriculture % GDP,Agriculture,Percentage,2016,6.26556196399699,6.908972105056648,Historical Prediction,Linear Regression,0.5497611366390609,0.6088807120495962,0.7965585002621725
TUR,Turkiye,Europe / Middle East,NV.AGR.TOTL.ZS,Agriculture Value Added % of GDP,Agriculture % GDP,Agriculture,Percentage,2017,6.19642323537778,6.7418939738951735,Historical Prediction,Linear Regression,0.5497611366390609,0.6088807120495962,0.7965585002621725
TUR,Turkiye,Europe / Middle East,NV.AGR.TOTL.ZS,Agriculture Value Added % of GDP,Agriculture % GDP,Agriculture,Percentage,2018,6.00418639185492,6.574815842733756,Historical Prediction,Linear Regression,0.5497611366390609,0.6088807120495962,0.7965585002621725
TUR,Turkiye,Europe / Middle East,NV.AGR.TOTL.ZS,Agriculture Value Added % of GDP,Agriculture % GDP,Agriculture,Percentage,2019,6.6541535628227,6.407737711572281,Historical Prediction,Linear Regression,0.5497611366390609,0.6088807120495962,0.7965585002621725
TUR,Turkiye,Europe / Middle East,NV.AGR.TOTL.ZS,Agriculture Value Added % of GDP,Agriculture % GDP,Agriculture,Percentage,2020,6.89122590909685,6.240659580410863,Historical Prediction,Linear Regression,0.5497611366390609,0.6088807120495962,0.7965585002621725
TUR,Turkiye,Europe / Middle East,NV.AGR.TOTL.ZS,Agriculture Value Added % of GDP,Agriculture % GDP,Agriculture,Percentage,2021,5.70488171636816,6.073581449249389,Historical Prediction,Linear Regression,0.5497611366390609,0.6088807120495962,0.7965585002621725
TUR,Turkiye,Europe / Middle East,NV.AGR.TOTL.ZS,Agriculture Value Added % of GDP,Agriculture % GDP,Agriculture,Percentage,2022,6.69360961922604,5.906503318087914,Historical Prediction,Linear Regression,0.5497611366390609,0.6088807120495962,0.7965585002621725
TUR,Turkiye,Europe / Middle East,NV.AGR.TOTL.ZS,Agriculture Value Added % of GDP,Agriculture % GDP,Agriculture,Percentage,2023,6.38984597795627,5.739425186926496,Historical Prediction,Linear Regression,0.5497611366390609,0.6088807120495962,0.7965585002621725
TUR,Turkiye,Europe / Middle East,NV.AGR.TOTL.ZS,Agriculture Value Added % of GDP,Agriculture % GDP,Agriculture,Percentage,2024,5.82042467876951,5.572347055765022,Historical Prediction,Linear Regression,0.5497611366390609,0.6088807120495962,0.7965585002621725
TUR,Turkiye,Europe / Middle East,NV.AGR.TOTL.ZS,Agriculture Value Added % of GDP,Agriculture % GDP,Agriculture,Percentage,2025,,5.405268924603604,Future Forecast,Linear Regression,0.5497611366390609,0.6088807120495962,0.7965585002621725
TUR,Turkiye,Europe / Middle East,NV.AGR.TOTL.ZS,Agriculture Value Added % of GDP,Agriculture % GDP,Agriculture,Percentage,2026,,5.238190793442129,Future Forecast,Linear Regression,0.5497611366390609,0.6088807120495962,0.7965585002621725
TUR,Turkiye,Europe / Middle East,NV.AGR.TOTL.ZS,Agriculture Value Added % of GDP,Agriculture % GDP,Agriculture,Percentage,2027,,5.0711126622807114,Future Forecast,Linear Regression,0.5497611366390609,0.6088807120495962,0.7965585002621725
TUR,Turkiye,Europe / Middle East,NV.AGR.TOTL.ZS,Agriculture Value Added % of GDP,Agriculture % GDP,Agriculture,Percentage,2028,,4.904034531119237,Future Forecast,Linear Regression,0.5497611366390609,0.6088807120495962,0.7965585002621725
TUR,Turkiye,Europe / Middle East,NV.AGR.TOTL.ZS,Agriculture Value Added % of GDP,Agriculture % GDP,Agriculture,Percentage,2029,,4.736956399957819,Future Forecast,Linear Regression,0.5497611366390609,0.6088807120495962,0.7965585002621725
TUR,Turkiye,Europe / Middle East,NY.GDP.MKTP.CD,GDP Current US$,GDP,Economy,US Dollars,2000,274748463178.502,330462036276.5156,Historical Prediction,Linear Regression,117936154210.85164,137789792025.19183,0.7506184212954182
TUR,Turkiye,Europe / Middle East,NY.GDP.MKTP.CD,GDP Current US$,GDP,Economy,US Dollars,2001,202195080239.036,363612743437.7031,Historical Prediction,Linear Regression,117936154210.85164,137789792025.19183,0.7506184212954182
TUR,Turkiye,Europe / Middle East,NY.GDP.MKTP.CD,GDP Current US$,GDP,Economy,US Dollars,2002,240778008473.845,396763450598.8828,Historical Prediction,Linear Regression,117936154210.85164,137789792025.19183,0.7506184212954182
TUR,Turkiye,Europe / Middle East,NY.GDP.MKTP.CD,GDP Current US$,GDP,Economy,US Dollars,2003,315392899922.379,429914157760.0703,Historical Prediction,Linear Regression,117936154210.85164,137789792025.19183,0.7506184212954182
TUR,Turkiye,Europe / Middle East,NY.GDP.MKTP.CD,GDP Current US$,GDP,Economy,US Dollars,2004,410156784495.948,463064864921.25,Historical Prediction,Linear Regression,117936154210.85164,137789792025.19183,0.7506184212954182
TUR,Turkiye,Europe / Middle East,NY.GDP.MKTP.CD,GDP Current US$,GDP,Economy,US Dollars,2005,508314210212.544,496215572082.4297,Historical Prediction,Linear Regression,117936154210.85164,137789792025.19183,0.7506184212954182
TUR,Turkiye,Europe / Middle East,NY.GDP.MKTP.CD,GDP Current US$,GDP,Economy,US Dollars,2006,559668118237.002,529366279243.6172,Historical Prediction,Linear Regression,117936154210.85164,137789792025.19183,0.7506184212954182
TUR,Turkiye,Europe / Middle East,NY.GDP.MKTP.CD,GDP Current US$,GDP,Economy,US Dollars,2007,685228481017.03,562516986404.7969,Historical Prediction,Linear Regression,117936154210.85164,137789792025.19183,0.7506184212954182
TUR,Turkiye,Europe / Middle East,NY.GDP.MKTP.CD,GDP Current US$,GDP,Economy,US Dollars,2008,775415944332.866,595667693565.9844,Historical Prediction,Linear Regression,117936154210.85164,137789792025.19183,0.7506184212954182
TUR,Turkiye,Europe / Middle East,NY.GDP.MKTP.CD,GDP Current US$,GDP,Economy,US Dollars,2009,653894449921.288,628818400727.1641,Historical Prediction,Linear Regression,117936154210.85164,137789792025.19183,0.7506184212954182
TUR,Turkiye,Europe / Middle East,NY.GDP.MKTP.CD,GDP Current US$,GDP,Economy,US Dollars,2010,782545664268.333,661969107888.3516,Historical Prediction,Linear Regression,117936154210.85164,137789792025.19183,0.7506184212954182
TUR,Turkiye,Europe / Middle East,NY.GDP.MKTP.CD,GDP Current US$,GDP,Economy,US Dollars,2011,844192507380.795,695119815049.5312,Historical Prediction,Linear Regression,117936154210.85164,137789792025.19183,0.7506184212954182
TUR,Turkiye,Europe / Middle East,NY.GDP.MKTP.CD,GDP Current US$,GDP,Economy,US Dollars,2012,885327622479.052,728270522210.7109,Historical Prediction,Linear Regression,117936154210.85164,137789792025.19183,0.7506184212954182
TUR,Turkiye,Europe / Middle East,NY.GDP.MKTP.CD,GDP Current US$,GDP,Economy,US Dollars,2013,962167643588.925,761421229371.8984,Historical Prediction,Linear Regression,117936154210.85164,137789792025.19183,0.7506184212954182
TUR,Turkiye,Europe / Middle East,NY.GDP.MKTP.CD,GDP Current US$,GDP,Economy,US Dollars,2014,942343431928.654,794571936533.0781,Historical Prediction,Linear Regression,117936154210.85164,137789792025.19183,0.7506184212954182
TUR,Turkiye,Europe / Middle East,NY.GDP.MKTP.CD,GDP Current US$,GDP,Economy,US Dollars,2015,865460050683.656,827722643694.2656,Historical Prediction,Linear Regression,117936154210.85164,137789792025.19183,0.7506184212954182
TUR,Turkiye,Europe / Middle East,NY.GDP.MKTP.CD,GDP Current US$,GDP,Economy,US Dollars,2016,870818016909.84,860873350855.4453,Historical Prediction,Linear Regression,117936154210.85164,137789792025.19183,0.7506184212954182
TUR,Turkiye,Europe / Middle East,NY.GDP.MKTP.CD,GDP Current US$,GDP,Economy,US Dollars,2017,863874522365.276,894024058016.6328,Historical Prediction,Linear Regression,117936154210.85164,137789792025.19183,0.7506184212954182
TUR,Turkiye,Europe / Middle East,NY.GDP.MKTP.CD,GDP Current US$,GDP,Economy,US Dollars,2018,788356985773.667,927174765177.8125,Historical Prediction,Linear Regression,117936154210.85164,137789792025.19183,0.7506184212954182
TUR,Turkiye,Europe / Middle East,NY.GDP.MKTP.CD,GDP Current US$,GDP,Economy,US Dollars,2019,775853144222.613,960325472338.9922,Historical Prediction,Linear Regression,117936154210.85164,137789792025.19183,0.7506184212954182
TUR,Turkiye,Europe / Middle East,NY.GDP.MKTP.CD,GDP Current US$,GDP,Economy,US Dollars,2020,733628247119.077,993476179500.1797,Historical Prediction,Linear Regression,117936154210.85164,137789792025.19183,0.7506184212954182
TUR,Turkiye,Europe / Middle East,NY.GDP.MKTP.CD,GDP Current US$,GDP,Economy,US Dollars,2021,839938668172.134,1026626886661.3594,Historical Prediction,Linear Regression,117936154210.85164,137789792025.19183,0.7506184212954182
TUR,Turkiye,Europe / Middle East,NY.GDP.MKTP.CD,GDP Current US$,GDP,Economy,US Dollars,2022,926097476913.818,1059777593822.5469,Historical Prediction,Linear Regression,117936154210.85164,137789792025.19183,0.7506184212954182
TUR,Turkiye,Europe / Middle East,NY.GDP.MKTP.CD,GDP Current US$,GDP,Economy,US Dollars,2023,1141242864657.45,1092928300983.7266,Historical Prediction,Linear Regression,117936154210.85164,137789792025.19183,0.7506184212954182
TUR,Turkiye,Europe / Middle East,NY.GDP.MKTP.CD,GDP Current US$,GDP,Economy,US Dollars,2024,1359123768774.12,1126079008144.914,Historical Prediction,Linear Regression,117936154210.85164,137789792025.19183,0.7506184212954182
TUR,Turkiye,Europe / Middle East,NY.GDP.MKTP.CD,GDP Current US$,GDP,Economy,US Dollars,2025,,1159229715306.0938,Future Forecast,Linear Regression,117936154210.85164,137789792025.19183,0.7506184212954182
TUR,Turkiye,Europe / Middle East,NY.GDP.MKTP.CD,GDP Current US$,GDP,Economy,US Dollars,2026,,1192380422467.2734,Future Forecast,Linear Regression,117936154210.85164,137789792025.19183,0.7506184212954182
TUR,Turkiye,Europe / Middle East,NY.GDP.MKTP.CD,GDP Current US$,GDP,Economy,US Dollars,2027,,1225531129628.461,Future Forecast,Linear Regression,117936154210.85164,137789792025.19183,0.7506184212954182
TUR,Turkiye,Europe / Middle East,NY.GDP.MKTP.CD,GDP Current US$,GDP,Economy,US Dollars,2028,,1258681836789.6406,Future Forecast,Linear Regression,117936154210.85164,137789792025.19183,0.7506184212954182
TUR,Turkiye,Europe / Middle East,NY.GDP.MKTP.CD,GDP Current US$,GDP,Economy,US Dollars,2029,,1291832543950.8281,Future Forecast,Linear Regression,117936154210.85164,137789792025.19183,0.7506184212954182
TUR,Turkiye,Europe / Middle East,NY.GDP.PCAP.CD,GDP Per Capita Current US$,GDP per Capita,Economy,US Dollars,2000,4199.3798635759,5404.000758423121,Historical Prediction,Linear Regression,1696.3992592717561,1944.3905152445434,0.6091025348364774
TUR,Turkiye,Europe / Middle East,NY.GDP.PCAP.CD,GDP Per Capita Current US$,GDP per Capita,Economy,US Dollars,2001,3052.2256706793,5740.586410065764,Historical Prediction,Linear Regression,1696.3992592717561,1944.3905152445434,0.6091025348364774
TUR,Turkiye,Europe / Middle East,NY.GDP.PCAP.CD,GDP Per Capita Current US$,GDP per Capita,Economy,US Dollars,2002,3591.08628982587,6077.1720617084065,Historical Prediction,Linear Regression,1696.3992592717561,1944.3905152445434,0.6091025348364774
TUR,Turkiye,Europe / Middle East,NY.GDP.PCAP.CD,GDP Per Capita Current US$,GDP per Capita,Economy,US Dollars,2003,4649.63668068586,6413.7577133510495,Historical Prediction,Linear Regression,1696.3992592717561,1944.3905152445434,0.6091025348364774
TUR,Turkiye,Europe / Middle East,NY.GDP.PCAP.CD,GDP Per Capita Current US$,GDP per Capita,Economy,US Dollars,2004,5979.6054216148,6750.343364993809,Historical Prediction,Linear Regression,1696.3992592717561,1944.3905152445434,0.6091025348364774
TUR,Turkiye,Europe / Middle East,NY.GDP.PCAP.CD,GDP Per Capita Current US$,GDP per Capita,Economy,US Dollars,2005,7331.85429430255,7086.929016636452,Historical Prediction,Linear Regression,1696.3992592717561,1944.3905152445434,0.6091025348364774
TUR,Turkiye,Europe / Middle East,NY.GDP.PCAP.CD,GDP Per Capita Current US$,GDP per Capita,Economy,US Dollars,2006,7990.08251407245,7423.514668279095,Historical Prediction,Linear Regression,1696.3992592717561,1944.3905152445434,0.6091025348364774
TUR,Turkiye,Europe / Middle East,NY.GDP.PCAP.CD,GDP Per Capita Current US$,GDP per Capita,Economy,US Dollars,2007,9766.91734545294,7760.1003199217375,Historical Prediction,Linear Regression,1696.3992592717561,1944.3905152445434,0.6091025348364774
TUR,Turkiye,Europe / Middle East,NY.GDP.PCAP.CD,GDP Per Capita Current US$,GDP per Capita,Economy,US Dollars,2008,10913.4079047769,8096.68597156438,Historical Prediction,Linear Regression,1696.3992592717561,1944.3905152445434,0.6091025348364774
TUR,Turkiye,Europe / Middle East,NY.GDP.PCAP.CD,GDP Per Capita Current US$,GDP per Capita,Economy,US Dollars,2009,9076.92472236977,8433.271623207023,Historical Prediction,Linear Regression,1696.3992592717561,1944.3905152445434,0.6091025348364774
TUR,Turkiye,Europe / Middle East,NY.GDP.PCAP.CD,GDP Per Capita Current US$,GDP per Capita,Economy,US Dollars,2010,10698.9699409757,8769.857274849666,Historical Prediction,Linear Regression,1696.3992592717561,1944.3905152445434,0.6091025348364774
TUR,Turkiye,Europe / Middle East,NY.GDP.PCAP.CD,GDP Per Capita Current US$,GDP per Capita,Economy,US Dollars,2011,11373.6355760885,9106.44292649231,Historical Prediction,Linear Regression,1696.3992592717561,1944.3905152445434,0.6091025348364774
TUR,Turkiye,Europe / Middle East,NY.GDP.PCAP.CD,GDP Per Capita Current US$,GDP per Capita,Economy,US Dollars,2012,11776.7593362033,9443.028578134952,Historical Prediction,Linear Regression,1696.3992592717561,1944.3905152445434,0.6091025348364774
TUR,Turkiye,Europe / Middle East,NY.GDP.PCAP.CD,GDP Per Capita Current US$,GDP per Capita,Economy,US Dollars,2013,12635.5570016068,9779.614229777595,Historical Prediction,Linear Regression,1696.3992592717561,1944.3905152445434,0.6091025348364774
TUR,Turkiye,Europe / Middle East,NY.GDP.PCAP.CD,GDP Per Capita Current US$,GDP per Capita,Economy,US Dollars,2014,12209.3862327674,10116.199881420238,Historical Prediction,Linear Regression,1696.3992592717561,1944.3905152445434,0.6091025348364774
TUR,Turkiye,Europe / Middle East,NY.GDP.PCAP.CD,GDP Per Capita Current US$,GDP per Capita,Economy,US Dollars,2015,11064.6494504662,10452.78553306288,Historical Prediction,Linear Regression,1696.3992592717561,1944.3905152445434,0.6091025348364774
TUR,Turkiye,Europe / Middle East,NY.GDP.PCAP.CD,GDP Per Capita Current US$,GDP per Capita,Economy,US Dollars,2016,10984.3643169061,10789.371184705524,Historical Prediction,Linear Regression,1696.3992592717561,1944.3905152445434,0.6091025348364774
TUR,Turkiye,Europe / Middle East,NY.GDP.PCAP.CD,GDP Per Capita Current US$,GDP per Capita,Economy,US Dollars,2017,10756.3877677883,11125.956836348283,Historical Prediction,Linear Regression,1696.3992592717561,1944.3905152445434,0.6091025348364774
TUR,Turkiye,Europe / Middle East,NY.GDP.PCAP.CD,GDP Per Capita Current US$,GDP per Capita,Economy,US Dollars,2018,9684.11819884721,11462.542487990926,Historical Prediction,Linear Regression,1696.3992592717561,1944.3905152445434,0.6091025348364774
TUR,Turkiye,Europe / Middle East,NY.GDP.PCAP.CD,GDP Per Capita Current US$,GDP per Capita,Economy,US Dollars,2019,9395.23378001368,11799.128139633569,Historical Prediction,Linear Regression,1696.3992592717561,1944.3905152445434,0.6091025348364774
TUR,Turkiye,Europe / Middle East,NY.GDP.PCAP.CD,GDP Per Capita Current US$,GDP per Capita,Economy,US Dollars,2020,8798.11791709313,12135.713791276212,Historical Prediction,Linear Regression,1696.3992592717561,1944.3905152445434,0.6091025348364774
TUR,Turkiye,Europe / Middle East,NY.GDP.PCAP.CD,GDP Per Capita Current US$,GDP per Capita,Economy,US Dollars,2021,9981.76398411336,12472.299442918855,Historical Prediction,Linear Regression,1696.3992592717561,1944.3905152445434,0.6091025348364774
TUR,Turkiye,Europe / Middle East,NY.GDP.PCAP.CD,GDP Per Capita Current US$,GDP per Capita,Economy,US Dollars,2022,10897.8397861365,12808.885094561498,Historical Prediction,Linear Regression,1696.3992592717561,1944.3905152445434,0.6091025348364774
TUR,Turkiye,Europe / Middle East,NY.GDP.PCAP.CD,GDP Per Capita Current US$,GDP per Capita,Economy,US Dollars,2023,13375.0947282864,13145.47074620414,Historical Prediction,Linear Regression,1696.3992592717561,1944.3905152445434,0.6091025348364774
TUR,Turkiye,Europe / Middle East,NY.GDP.PCAP.CD,GDP Per Capita Current US$,GDP per Capita,Economy,US Dollars,2024,15892.7157287241,13482.056397846784,Historical Prediction,Linear Regression,1696.3992592717561,1944.3905152445434,0.6091025348364774
TUR,Turkiye,Europe / Middle East,NY.GDP.PCAP.CD,GDP Per Capita Current US$,GDP per Capita,Economy,US Dollars,2025,,13818.642049489426,Future Forecast,Linear Regression,1696.3992592717561,1944.3905152445434,0.6091025348364774
TUR,Turkiye,Europe / Middle East,NY.GDP.PCAP.CD,GDP Per Capita Current US$,GDP per Capita,Economy,US Dollars,2026,,14155.22770113207,Future Forecast,Linear Regression,1696.3992592717561,1944.3905152445434,0.6091025348364774
TUR,Turkiye,Europe / Middle East,NY.GDP.PCAP.CD,GDP Per Capita Current US$,GDP per Capita,Economy,US Dollars,2027,,14491.813352774712,Future Forecast,Linear Regression,1696.3992592717561,1944.3905152445434,0.6091025348364774
TUR,Turkiye,Europe / Middle East,NY.GDP.PCAP.CD,GDP Per Capita Current US$,GDP per Capita,Economy,US Dollars,2028,,14828.399004417355,Future Forecast,Linear Regression,1696.3992592717561,1944.3905152445434,0.6091025348364774
TUR,Turkiye,Europe / Middle East,NY.GDP.PCAP.CD,GDP Per Capita Current US$,GDP per Capita,Economy,US Dollars,2029,,15164.984656059998,Future Forecast,Linear Regression,1696.3992592717561,1944.3905152445434,0.6091025348364774
TUR,Turkiye,Europe / Middle East,SL.UEM.TOTL.ZS,Unemployment Total %,Unemployment,Labor,Percentage,2000,6.495,9.76950461538462,Historical Prediction,Linear Regression,1.1249975384615418,1.512678029619097,0.08830431840837405
TUR,Turkiye,Europe / Middle East,SL.UEM.TOTL.ZS,Unemployment Total %,Unemployment,Labor,Percentage,2001,8.381,9.834789230769218,Historical Prediction,Linear Regression,1.1249975384615418,1.512678029619097,0.08830431840837405
TUR,Turkiye,Europe / Middle East,SL.UEM.TOTL.ZS,Unemployment Total %,Unemployment,Labor,Percentage,2002,10.358,9.900073846153845,Historical Prediction,Linear Regression,1.1249975384615418,1.512678029619097,0.08830431840837405
TUR,Turkiye,Europe / Middle East,SL.UEM.TOTL.ZS,Unemployment Total %,Unemployment,Labor,Percentage,2003,10.542,9.965358461538443,Historical Prediction,Linear Regression,1.1249975384615418,1.512678029619097,0.08830431840837405
TUR,Turkiye,Europe / Middle East,SL.UEM.TOTL.ZS,Unemployment Total %,Unemployment,Labor,Percentage,2004,10.838,10.03064307692307,Historical Prediction,Linear Regression,1.1249975384615418,1.512678029619097,0.08830431840837405
TUR,Turkiye,Europe / Middle East,SL.UEM.TOTL.ZS,Unemployment Total %,Unemployment,Labor,Percentage,2005,10.636,10.095927692307669,Historical Prediction,Linear Regression,1.1249975384615418,1.512678029619097,0.08830431840837405
TUR,Turkiye,Europe / Middle East,SL.UEM.TOTL.ZS,Unemployment Total %,Unemployment,Labor,Percentage,2006,10.227,10.161212307692296,Historical Prediction,Linear Regression,1.1249975384615418,1.512678029619097,0.08830431840837405
TUR,Turkiye,Europe / Middle East,SL.UEM.TOTL.ZS,Unemployment Total %,Unemployment,Labor,Percentage,2007,10.285,10.226496923076922,Historical Prediction,Linear Regression,1.1249975384615418,1.512678029619097,0.08830431840837405
TUR,Turkiye,Europe / Middle East,SL.UEM.TOTL.ZS,Unemployment Total %,Unemployment,Labor,Percentage,2008,10.965,10.291781538461521,Historical Prediction,Linear Regression,1.1249975384615418,1.512678029619097,0.08830431840837405
TUR,Turkiye,Europe / Middle East,SL.UEM.TOTL.ZS,Unemployment Total %,Unemployment,Labor,Percentage,2009,14.026,10.357066153846148,Historical Prediction,Linear Regression,1.1249975384615418,1.512678029619097,0.08830431840837405
TUR,Turkiye,Europe / Middle East,SL.UEM.TOTL.ZS,Unemployment Total %,Unemployment,Labor,Percentage,2010,11.879,10.422350769230746,Historical Prediction,Linear Regression,1.1249975384615418,1.512678029619097,0.08830431840837405
TUR,Turkiye,Europe / Middle East,SL.UEM.TOTL.ZS,Unemployment Total %,Unemployment,Labor,Percentage,2011,9.789,10.487635384615373,Historical Prediction,Linear Regression,1.1249975384615418,1.512678029619097,0.08830431840837405
TUR,Turkiye,Europe / Middle East,SL.UEM.TOTL.ZS,Unemployment Total %,Unemployment,Labor,Percentage,2012,9.21,10.55292,Historical Prediction,Linear Regression,1.1249975384615418,1.512678029619097,0.08830431840837405
TUR,Turkiye,Europe / Middle East,SL.UEM.TOTL.ZS,Unemployment Total %,Unemployment,Labor,Percentage,2013,9.713,10.618204615384599,Historical Prediction,Linear Regression,1.1249975384615418,1.512678029619097,0.08830431840837405
TUR,Turkiye,Europe / Middle East,SL.UEM.TOTL.ZS,Unemployment Total %,Unemployment,Labor,Percentage,2014,9.901,10.683489230769226,Historical Prediction,Linear Regression,1.1249975384615418,1.512678029619097,0.08830431840837405
TUR,Turkiye,Europe / Middle East,SL.UEM.TOTL.ZS,Unemployment Total %,Unemployment,Labor,Percentage,2015,10.304,10.748773846153824,Historical Prediction,Linear Regression,1.1249975384615418,1.512678029619097,0.08830431840837405
TUR,Turkiye,Europe / Middle East,SL.UEM.TOTL.ZS,Unemployment Total %,Unemployment,Labor,Percentage,2016,10.899,10.814058461538451,Historical Prediction,Linear Regression,1.1249975384615418,1.512678029619097,0.08830431840837405
TUR,Turkiye,Europe / Middle East,SL.UEM.TOTL.ZS,Unemployment Total %,Unemployment,Labor,Percentage,2017,10.919,10.879343076923078,Historical Prediction,Linear Regression,1.1249975384615418,1.512678029619097,0.08830431840837405
TUR,Turkiye,Europe / Middle East,SL.UEM.TOTL.ZS,Unemployment Total %,Unemployment,Labor,Percentage,2018,10.956,10.944627692307677,Historical Prediction,Linear Regression,1.1249975384615418,1.512678029619097,0.08830431840837405
TUR,Turkiye,Europe / Middle East,SL.UEM.TOTL.ZS,Unemployment Total %,Unemployment,Labor,Percentage,2019,13.73,11.009912307692304,Historical Prediction,Linear Regression,1.1249975384615418,1.512678029619097,0.08830431840837405
TUR,Turkiye,Europe / Middle East,SL.UEM.TOTL.ZS,Unemployment Total %,Unemployment,Labor,Percentage,2020,13.148,11.075196923076902,Historical Prediction,Linear Regression,1.1249975384615418,1.512678029619097,0.08830431840837405
TUR,Turkiye,Europe / Middle East,SL.UEM.TOTL.ZS,Unemployment Total %,Unemployment,Labor,Percentage,2021,11.969,11.140481538461529,Historical Prediction,Linear Regression,1.1249975384615418,1.512678029619097,0.08830431840837405
TUR,Turkiye,Europe / Middle East,SL.UEM.TOTL.ZS,Unemployment Total %,Unemployment,Labor,Percentage,2022,10.465,11.205766153846156,Historical Prediction,Linear Regression,1.1249975384615418,1.512678029619097,0.08830431840837405
TUR,Turkiye,Europe / Middle East,SL.UEM.TOTL.ZS,Unemployment Total %,Unemployment,Labor,Percentage,2023,9.388,11.271050769230754,Historical Prediction,Linear Regression,1.1249975384615418,1.512678029619097,0.08830431840837405
TUR,Turkiye,Europe / Middle East,SL.UEM.TOTL.ZS,Unemployment Total %,Unemployment,Labor,Percentage,2024,8.8,11.336335384615381,Historical Prediction,Linear Regression,1.1249975384615418,1.512678029619097,0.08830431840837405
TUR,Turkiye,Europe / Middle East,SL.UEM.TOTL.ZS,Unemployment Total %,Unemployment,Labor,Percentage,2025,,11.40161999999998,Future Forecast,Linear Regression,1.1249975384615418,1.512678029619097,0.08830431840837405
TUR,Turkiye,Europe / Middle East,SL.UEM.TOTL.ZS,Unemployment Total %,Unemployment,Labor,Percentage,2026,,11.466904615384607,Future Forecast,Linear Regression,1.1249975384615418,1.512678029619097,0.08830431840837405
TUR,Turkiye,Europe / Middle East,SL.UEM.TOTL.ZS,Unemployment Total %,Unemployment,Labor,Percentage,2027,,11.532189230769234,Future Forecast,Linear Regression,1.1249975384615418,1.512678029619097,0.08830431840837405
TUR,Turkiye,Europe / Middle East,SL.UEM.TOTL.ZS,Unemployment Total %,Unemployment,Labor,Percentage,2028,,11.597473846153832,Future Forecast,Linear Regression,1.1249975384615418,1.512678029619097,0.08830431840837405
TUR,Turkiye,Europe / Middle East,SL.UEM.TOTL.ZS,Unemployment Total %,Unemployment,Labor,Percentage,2029,,11.66275846153846,Future Forecast,Linear Regression,1.1249975384615418,1.512678029619097,0.08830431840837405
TUR,Turkiye,Europe / Middle East,SP.POP.TOTL,Total Population,Population,Population,People,2000,65425961.0,64764315.8307693,Historical Prediction,Linear Regression,446636.2180922985,518460.26570050116,0.9936438873754748
TUR,Turkiye,Europe / Middle East,SP.POP.TOTL,Total Population,Population,Population,People,2001,66245128.0,65663261.40153861,Historical Prediction,Linear Regression,446636.2180922985,518460.26570050116,0.9936438873754748
TUR,Turkiye,Europe / Middle East,SP.POP.TOTL,Total Population,Population,Population,People,2002,67048795.0,66562206.97230768,Historical Prediction,Linear Regression,446636.2180922985,518460.26570050116,0.9936438873754748
TUR,Turkiye,Europe / Middle East,SP.POP.TOTL,Total Population,Population,Population,People,2003,67831730.0,67461152.54307699,Historical Prediction,Linear Regression,446636.2180922985,518460.26570050116,0.9936438873754748
TUR,Turkiye,Europe / Middle East,SP.POP.TOTL,Total Population,Population,Population,People,2004,68592617.0,68360098.1138463,Historical Prediction,Linear Regression,446636.2180922985,518460.26570050116,0.9936438873754748
TUR,Turkiye,Europe / Middle East,SP.POP.TOTL,Total Population,Population,Population,People,2005,69329557.0,69259043.68461537,Historical Prediction,Linear Regression,446636.2180922985,518460.26570050116,0.9936438873754748
TUR,Turkiye,Europe / Middle East,SP.POP.TOTL,Total Population,Population,Population,People,2006,70045349.0,70157989.25538468,Historical Prediction,Linear Regression,446636.2180922985,518460.26570050116,0.9936438873754748
TUR,Turkiye,Europe / Middle East,SP.POP.TOTL,Total Population,Population,Population,People,2007,70158112.0,71056934.826154,Historical Prediction,Linear Regression,446636.2180922985,518460.26570050116,0.9936438873754748
TUR,Turkiye,Europe / Middle East,SP.POP.TOTL,Total Population,Population,Population,People,2008,71051678.0,71955880.39692307,Historical Prediction,Linear Regression,446636.2180922985,518460.26570050116,0.9936438873754748
TUR,Turkiye,Europe / Middle East,SP.POP.TOTL,Total Population,Population,Population,People,2009,72039206.0,72854825.96769238,Historical Prediction,Linear Regression,446636.2180922985,518460.26570050116,0.9936438873754748
TUR,Turkiye,Europe / Middle East,SP.POP.TOTL,Total Population,Population,Population,People,2010,73142150.0,73753771.53846169,Historical Prediction,Linear Regression,446636.2180922985,518460.26570050116,0.9936438873754748
TUR,Turkiye,Europe / Middle East,SP.POP.TOTL,Total Population,Population,Population,People,2011,74223629.0,74652717.10923076,Historical Prediction,Linear Regression,446636.2180922985,518460.26570050116,0.9936438873754748
TUR,Turkiye,Europe / Middle East,SP.POP.TOTL,Total Population,Population,Population,People,2012,75175827.0,75551662.68000007,Historical Prediction,Linear Regression,446636.2180922985,518460.26570050116,0.9936438873754748
TUR,Turkiye,Europe / Middle East,SP.POP.TOTL,Total Population,Population,Population,People,2013,76147624.0,76450608.25076938,Historical Prediction,Linear Regression,446636.2180922985,518460.26570050116,0.9936438873754748
TUR,Turkiye,Europe / Middle East,SP.POP.TOTL,Total Population,Population,Population,People,2014,77181884.0,77349553.82153845,Historical Prediction,Linear Regression,446636.2180922985,518460.26570050116,0.9936438873754748
TUR,Turkiye,Europe / Middle East,SP.POP.TOTL,Total Population,Population,Population,People,2015,78218479.0,78248499.39230776,Historical Prediction,Linear Regression,446636.2180922985,518460.26570050116,0.9936438873754748
TUR,Turkiye,Europe / Middle East,SP.POP.TOTL,Total Population,Population,Population,People,2016,79277962.0,79147444.96307707,Historical Prediction,Linear Regression,446636.2180922985,518460.26570050116,0.9936438873754748
TUR,Turkiye,Europe / Middle East,SP.POP.TOTL,Total Population,Population,Population,People,2017,80312698.0,80046390.53384614,Historical Prediction,Linear Regression,446636.2180922985,518460.26570050116,0.9936438873754748
TUR,Turkiye,Europe / Middle East,SP.POP.TOTL,Total Population,Population,Population,People,2018,81407204.0,80945336.10461545,Historical Prediction,Linear Regression,446636.2180922985,518460.26570050116,0.9936438873754748
TUR,Turkiye,Europe / Middle East,SP.POP.TOTL,Total Population,Population,Population,People,2019,82579440.0,81844281.67538476,Historical Prediction,Linear Regression,446636.2180922985,518460.26570050116,0.9936438873754748
TUR,Turkiye,Europe / Middle East,SP.POP.TOTL,Total Population,Population,Population,People,2020,83384680.0,82743227.24615383,Historical Prediction,Linear Regression,446636.2180922985,518460.26570050116,0.9936438873754748
TUR,Turkiye,Europe / Middle East,SP.POP.TOTL,Total Population,Population,Population,People,2021,84147318.0,83642172.81692314,Historical Prediction,Linear Regression,446636.2180922985,518460.26570050116,0.9936438873754748
TUR,Turkiye,Europe / Middle East,SP.POP.TOTL,Total Population,Population,Population,People,2022,84979913.0,84541118.38769245,Historical Prediction,Linear Regression,446636.2180922985,518460.26570050116,0.9936438873754748
TUR,Turkiye,Europe / Middle East,SP.POP.TOTL,Total Population,Population,Population,People,2023,85325965.0,85440063.95846152,Historical Prediction,Linear Regression,446636.2180922985,518460.26570050116,0.9936438873754748
TUR,Turkiye,Europe / Middle East,SP.POP.TOTL,Total Population,Population,Population,People,2024,85518661.0,86339009.52923083,Historical Prediction,Linear Regression,446636.2180922985,518460.26570050116,0.9936438873754748
TUR,Turkiye,Europe / Middle East,SP.POP.TOTL,Total Population,Population,Population,People,2025,,87237955.10000014,Future Forecast,Linear Regression,446636.2180922985,518460.26570050116,0.9936438873754748
TUR,Turkiye,Europe / Middle East,SP.POP.TOTL,Total Population,Population,Population,People,2026,,88136900.67076921,Future Forecast,Linear Regression,446636.2180922985,518460.26570050116,0.9936438873754748
TUR,Turkiye,Europe / Middle East,SP.POP.TOTL,Total Population,Population,Population,People,2027,,89035846.24153852,Future Forecast,Linear Regression,446636.2180922985,518460.26570050116,0.9936438873754748
TUR,Turkiye,Europe / Middle East,SP.POP.TOTL,Total Population,Population,Population,People,2028,,89934791.81230783,Future Forecast,Linear Regression,446636.2180922985,518460.26570050116,0.9936438873754748
TUR,Turkiye,Europe / Middle East,SP.POP.TOTL,Total Population,Population,Population,People,2029,,90833737.3830769,Future Forecast,Linear Regression,446636.2180922985,518460.26570050116,0.9936438873754748
